Category,Sub Category,Vehicle Make,Model,Type,Part,Size,Brand,Item
BANCO,GASKETS,MAHINDRA TRACTOR,"575 DI MILLOR TYPE",BHR,FULL GASKET,"",BANCO,"56583799PSBHR"
KSPG,CONNECTING BUSH,MARUTI,"800 (CAR)","800 (CAR)","",STD,KSPG,PS.110.5.00.003
BANCO,GASKETS,HINDUSTAN MOTORS,G 453,BANKITE,HEAD GASKET,"",BANCO,"5641250003BKT"
SETCO,COVER ASSY,ASHOK LEYLAND,"15INCHES 1.75SPLINES","","","",SETCO,"380-8062-9031R"
BANCO,GASKETS,TATA,"1210",RC,DIFFERENTIAL COVER,"",BANCO,"5220644005RC"
KSPG,CONNECTING BEARING,MAHINDRA,MDI 3200,MDI 3200,"","20",KSPG,B.332.3.00.023
BANCO,GASKETS,MAHINDRA,XDP 3,BHR,HEAD GASKET,"",BANCO,"55803900PSBHR"
TALBROS QHT,DRAG LINK,TATA,"1516/2213/3516",REPAIR KIT (BOTH 35DIA),"","",TALBROS QHT,DRK01008
KAR VALVES,VALVE,TATA,"407","407","",STD,KAR VALVES,KV1305-306A
SPICER,DIFFERENTIAL,ASHOK LEYLAND,RETAINER BEARING,"","","",SPICER,SABR2149RW
KSPG,CONNECTING BEARING,SIMPSON,S4,S4,"","10",KSPG,B.231.3.00.013
BANCO,GASKETS,MASSEY FERGUSON,MF 135,HLT,DISTRIBUTOR PUMP GASKET,"",BANCO,"5124227100HLT"
RBL,BRAKE LINING,MAHINDRA,B275,B275,"242",Jan-32,RBL,J40/0871/ 1/32 242
BANCO,GASKETS,ASHOK LEYLAND,"370/411/412 BS II",HLT,WATER PUMP SET,"",BANCO,"5360644501HLT"
IPL,VALVE,TATA,"407/609","407/609 NON TURBO","",STD,IPL,"712-VT09711/4"
TIGER POWER,CYLINDER LINER,BAJAJ,DIESEL,SEMI FINISHED,BS3,STD,TIGER POWER,K2000800660
RBL,BRAKE LINING,ASHOK LEYLAND,"5 INCHES",FRONT 10 HOLES,HF7,STD,RBL,AL/TP/SM/1&2 STD HF7
TALBROS,GASKETS,TATA,"407",FULL GASKET,DYNA SEAL,"",TALBROS,FS3045DSXTCCTCS
BANCO,GASKETS,TATA,"1612",PAP,GEAR BOX KIT,"",BANCO,"5220659600PAP"
KSPG,CONNECTING BEARING,MARUTI,ASTAR/ZEN ESTILO/ALTO K10,ASTAR/ZEN ESTILO/ALTO K10,"","20",KSPG,B.165.0.00.023
BANCO,GASKETS,MARUTI,CAR/VAN,RC,CHAMBER PACKING,"",BANCO,"5231111000RC"
KSPG,MAIN BEARING,MAHINDRA,HAWK,HAWK,"",STD,KSPG,M.274.3.00.003
KAR VALVES,VALVE,TATA,INDICA,DICOR 1.4,"",STD,KAR VALVES,KV1121-122
KAR VALVES,VALVE,FORCE MOTORS,TEMPO TRAVELLER,TEMPO TRAVELLER,"",STD,KAR VALVES,KV1447-458
KAR VALVES,VALVE,GREAVES,APE,BS II,"",STD,KAR VALVES,KV1759-760
TALBROS,GASKETS,MAHINDRA,MHAWK,FULL GASKET,DYNA SEAL,"",TALBROS,FS3161WOCS
KSPG,THRUST WASHER,MAHINDRA,MDI 3200,"","",STD,KSPG,PW.332.5.00.003
KSPG,MAIN BEARING,MARUTI,ALTO,ALTO,"",STD,KSPG,M.135.0.10.003
BANCO,GASKETS,SIMPSON,S3/241,BAF,HEAD GASKET,"",BANCO,"54401800PSBAF"
KSPG,CONNECTING BEARING,ESCORT FORD,"340 (AVL)","340 (AVL)","","10",KSPG,B.318.4.00.013
BANCO,GASKETS,ASHOK LEYLAND,"370/411/412 BS II",SAL,FULL GASKET,"",BANCO,"53606499PSSAL"
TALBROS QHT,BALL SUSPENSION,ASHOK LEYLAND,DOST,UPPER,"","",TALBROS QHT,BSJ07043U
TALBROS,GASKETS,TATA,ACE,HEAD GASKET,EXCEL,"",TALBROS,"3106DSXNA3OS"
KAR VALVES,VALVE,TATA,IRIS,"","",STD,KAR VALVES,KV1473-474
TALBROS,GASKETS,MARUTI,ESTEEM,HEAD GASKET,DYNA SEAL,"",TALBROS,"3111DSX"
BANCO,GASKETS,ASHOK LEYLAND,"401/402",RC,KING PAN GASKET,"",BANCO,"5360688100RC"
TALBROS,GASKETS,TATA,"407",HEAD GASKET,DYNA SEAL,"",TALBROS,"3045DSXTC"
LEYPARTS,OILSEALS,ASHOK LEYLAND,"",INNER,HUB OILSEAL,"",LEYPARTS,F2701400
TIGER POWER,CYLINDER LINER,CHEVROLET,TAVERA,PRE FINISHED,"2C",STD,TIGER POWER,K2004100560
KSPG,CONNECTING BEARING,TOYOTA,QUALIS,QUALIS,"","10",KSPG,B.140.0.00.013
RBL,BRAKE SHOE,MARUTI,ZEN (BI TYPE),"","","",RBL,RBL/BS/004
BANCO,GASKETS,TATA,IRIS,BAF,HEAD GASKET,"",BANCO,"5220010014BAF"
RBL,BRAKE LINING,MASSEY FURSEON,MASSEY FURSEON,MASSEY FURSEON,LAC 45,STD,RBL,RBL/MF241/1 STD LAC 45
TIGER POWER,CYLINDER LINER,EICHER,CANTER,SEMI FINISHED,COLLAR,STD,TIGER POWER,K2001300160
LEYPARTS,GASKETS,ASHOK LEYLAND,"",GASKET BOTTOM COVER,GASKET BOTTOM COVER,"",LEYPARTS,F1718200
KSPG,CONNECTING BEARING,TOYOTA,INNOVA,INNOVA,"",STD,KSPG,B.746.0.00.003
KSPG,MAIN BEARING,MARUTI,SWIFT DIESEL,SWIFT DIESEL,"","10",KSPG,N.131.0.00.013
TALBROS QHT,BALL SUSPENSION,ASHOK LEYLAND,ALL MODELS (30DIA),LEFT ( NEW RANGE),"","",TALBROS QHT,BJ07007L
TALBROS,GASKETS,TATA,CUMMINS 6CT,HEAD GASKET,DYNA SEAL,"",TALBROS,"3117SBG"
KSPG,CONNECTING BEARING,TATA,"407","407","","40",KSPG,B.236.3.00.043
TIGER POWER,VALVE,BAJAJ,KUBOTA BSII & BSIII,"","",STD,TIGER POWER,V2000800160
BANCO,GASKETS,FORD TRACTOR,"3000/3600",RC,VALVE COVER,"",BANCO,"5352031510RC"
RBL,BRAKE SHOE,MARUTI,SWIFT (NEW),"","","",RBL,RBL/BS/068
TALBROS,GASKETS,TATA,"697",HEAD GASKET,DYNA SEAL,"",TALBROS,"728DSX"
KAR VALVES,VALVE,ESCORT FORD,E3.273/312,E3.273/312,"",STD,KAR VALVES,KV1673-674
KAR VALVES,VALVE,GREAVES,LOMBARDINI,"9 HP75 SERIES","",STD,KAR VALVES,KV1843-844
KAR VALVES,VALVE,FORD,ECO SPORT,ECO SPORT,"",STD,KAR VALVES,KV1165-166
KSPG,CAM BUSH,TATA,"407","407","",STD,KSPG,C.236.6.00.003
BANCO,GASKETS,TOYOTA,QUALIS,RUB,VALVE COVER,"",BANCO,"5239291500RUB"
TALBROS,GASKETS,TATA,"207",HEAD GASKET,EXCEL,"",TALBROS,"3068DSXNA3OS"
KSPG,CONNECTING BEARING,EICHER,CANTER,CANTER,"","40",KSPG,B.235.4.00.043
KSPG,MAIN BEARING,TATA,"709","709","","40",KSPG,M.254.3.00.043
BANCO,GASKETS,MARUTI,VAN,BANKITE,FULL GASKET,"",BANCO,"5231129900BKT"
TIGER POWER,CYLINDER LINER,BAJAJ,OM 616,SEMI FINISHED,MOLYGOLD,STD,TIGER POWER,K2001200168
SETCO,UJCROSS,BHARAT BENZ,"3123","","","47.68X135",SETCO,SC-2001
LEYPARTS,WHEEL BEARINGS,ASHOK LEYLAND,"",FRONT,TAPPER BEARINGS,"",LEYPARTS,F0P03610
BANCO,GASKETS,MAHINDRA,JEEP PETROL,RC,GEAR BOX KIT,"",BANCO,"5580299619RC"
TALBROS,GASKETS,MAHINDRA,"575",HEAD GASKET,DYNA SEAL,"",TALBROS,"3070DSX"
KSPG,MAIN BEARING,TATA,NANO,NANO,"",STD,KSPG,M.153.3.00.003
LEYPARTS,FILTERS,ASHOK LEYLAND,"",HINO SERIES,OIL FILTER BOWL,"",LEYPARTS,X1102713
KSPG,MAIN BUSH,TATA,IRIS/ZIP,IRIS/ZIP,"",STD,KSPG,L.420.5.00.003
BANCO,GASKETS,HYUNDAI,SANTRO,BAF,HEAD GASKET,"",BANCO,"52242100PSBAF"
RBL,DISCPAD,HYUNDAI,VERNA FRONT & I20,"","","",RBL,RBL/PDP/509
RBL,DISCPAD,MAHINDRA,SCORPIO & MHAWK,"","","",RBL,RBL/DP/048
BANCO,GASKETS,TATA,CUMMINS BS1 / BS2,PQB,UPPER SET,"",BANCO,"5220529800PQB"
KSPG,THRUST WASHER,TATA,INDICA,INDICA,"",OS2,KSPG,W.119.5.00.423
IPL,KITSET,MAHINDRA,MDI 3200,MDI 3200,"","",IPL,"622-113546192V/4-STD"
LEYPARTS,GEARBOX,ASHOK LEYLAND,"","1 & 2 , 45T (THIN)",SYNCHRO RING,"",LEYPARTS,F1624411
KSPG,MAIN BEARING,ASHOK LEYLAND,LEYLAND,LEYLAND 370,"",STD,KSPG,M.205.4.09.003
LEYPARTS,GEARBOX,ASHOK LEYLAND,"",BSIII/BSIV,INPUT SHAFT COVER,"",LEYPARTS,F5J00322
BANCO,GASKETS,MASSEY FERGUSON,MF 135,HLT,HYDRAULIC LIFTCOVER,"",BANCO,"5124237206HLT"
TALBROS,GASKETS,TATA,"1109",HALF GASKET,DYNA SEAL,"",TALBROS,HS1109SBGTCMK1
TIGER POWER,VALVE,TATA,CUMMINS BSIII,"","","5",TIGER POWER,V2005502160
LEYPARTS,ENGINE,ASHOK LEYLAND,"",TURBO,VALVE,"",LEYPARTS,P0946551
IPL,CYLINDER LINER,TATA,CUMMINS,"2OTH SF","","",IPL,"672-L3162-020"
BANCO,GASKETS,TATA,"1210",HLT,DIFFERENTIAL COVER,"",BANCO,"5220644005HLT"
IPL,PISTON RING SET,SIMPSON,P4,"5RV","","",IPL,"642-6466V/4-STD"
KSPG,MAIN BUSH,MAHINDRA,Mahindra Jeeto,"","",STD,KSPG,L.174.0.00.003
LEYPARTS,ENGINE,ASHOK LEYLAND,"",HINO ENGINES (TURBO),CON ROD BUSH KIT,"",LEYPARTS,P0997951
TALBROS,GASKETS,TATA,"207",HEAD GASKET,EXCEL,"",TALBROS,"3068DSXNA4OS"
TALBROS,TAPPET COVER,TATA,"407","","","",TALBROS,"27151DS"
KSPG,THRUST WASHER,MARUTI,ALTO,"","",STD,KSPG,W.165.3.00.003
BANCO,GASKETS,TOYOTA,INNOVA,RUB,VALVE COVER,"",BANCO,"5239321500RUB"
LEYPARTS,GEARBOX,ASHOK LEYLAND,"","20TEETH",MAIN DRIVE GEAR,"",LEYPARTS,F3319311
LEYPARTS,FILTERS,ASHOK LEYLAND,"",BSIV,WATER SEPRATOR,"",LEYPARTS,FHN00400
BANCO,GASKETS,MARUTI,CAR 800 CC,BANKITE,FULL GASKET,"",BANCO,"52311799PSBKT"
RBL,BRAKE SHOE,HYUNDAI,I10,"","","",RBL,RBL/BS/012
RBL,BRAKE LINING,TATA,"1510/1612",REAR 10 HOLES,HF7,"1MM",RBL,TT/TP/SM/2 1MM HF7
RBL,BRAKE LINING,ASHOK LEYLAND,IVECO 7 TONS,FR & RR 8 HOLES,"242",STD,RBL,AL/TP/SM/5 STD (242)
IPL,PISTON RING SET,SIMPSON,P3,"5RV","","",IPL,"642-9595V/3-STD"
TALBROS,GASKETS,HYUNDAI,I10,FULL GASKET,DYNA SEAL,"",TALBROS,FS3184WOCS
KSPG,MAIN BEARING,EICHER,CANTER,"6CYL","","40",KSPG,M.235.4.10.043
IPL,PISTON SET,MAHINDRA,PEUGEOT,XD 3P,"","",IPL,"602-12255W-STD"
BANCO,GASKETS,TATA,"709 / 1109 TURBO",BANKITE,FULL GASKET,"",BANCO,"52204999PSBKT"
BANCO,GASKETS,MARUTI,SWIFT DIESEL,MLS(STEEL),HEAD GASKET,"",BANCO,"5231160015MLS"
KSPG,CONNECTING BEARING,ASHOK LEYLAND,HINO,HINO ( EIII),"","30",KSPG,B.297.0.00.033
RBL,BRAKE LINING,ASHOK LEYLAND,"6 INCHES",FRONT 10 HOLES,HF7S,"1/32",RBL,AL/TP/SM/7&8 1/32 HF7S
TIGER POWER,CYLINDER LINER,TATA,"407",SEMI FINISHED,THIN COLLAR,"20TH",TIGER POWER,K2007000460
BANCO,GASKETS,MERCEDEZ BENZ,OM 906,STEEL,HEAD GASKET,"",BANCO,"5220960001ST"
BANCO,GASKETS,TATA,CUMMINS BS1 / BS2,AST,COVERSION SET WITH CHAMBER PACKING,"",BANCO,"5220529510AST"
BANCO,GASKETS,TATA,ACE,SAL,HEAD GASKET,"",BANCO,"5220200017SAL"
KSPG,MAIN BEARING,TATA,"1612(697)","1612(697)","","40",KSPG,M.246.3.00.043
KAR VALVES,VALVE,TATA,CUMMINS,BS II,"","",KAR VALVES,KV181920-82020
IPL,PISTON RING SET,TATA,"697","697 THIN RING ( EURO II)","","",IPL,"642-9513Q/6-STD"
BANCO,GASKETS,MASSEY FERGUSON,MF 1035,AST,CHAMBER PACKING,"",BANCO,"5124201000AST"
RBL,BRAKE SHOE,MAHINDRA,XYLO,"","","",RBL,RBL/BS/043
LEYPARTS,ENGINE,ASHOK LEYLAND,"",FLEXIBLE,OIL DRAIN PIPE,"",LEYPARTS,X1965810
BANCO,GASKETS,MARUTI,CAR,BANKITE,FULL GASKET,"",BANCO,"5231119900BKT"
BANCO,GASKETS,TATA,"709 NON TURBO",HYT,CHAMBER PACKING,"",BANCO,"5220471080HYT"
GOETZE,RING SET,ASHOK LEYLAND,HINO,"6E EURO POWER","","",GOETZE,"6135EUROPOWER-SD"
RBL,BRAKE LINING,TATA,"608","12 HOLES",RD3205M,STD,RBL,IN/19/20/2 STD RD3205M
SVL,UJ KIT,"","","","","",SVL,LU32UTT01000
SUPER PAC,GASKETS,TATA,CUMMINS BS-III,HEAD GASKET,BS-III GASKET,"",SUPER PAC,"3157DSXNA"
RBL,DISCPAD,TATA,INDICA VISTA DIESEL,"","","",RBL,RBL/PDP/501
KAR VALVES,VALVE,SWARAJ MAZDA,SWARAJ MAZDA,SWARAJ MAZDA,"",STD,KAR VALVES,KV1421-422
LEYPARTS,CLUTCH,ASHOK LEYLAND,"","14 INCHES, 4 LEVER",MAJOR KIT,"",LEYPARTS,P0941651
LEYPARTS,DRIVE LINE,ASHOK LEYLAND,"","90-SERIES (D150) 4 HOLES",FLANGE YOKE,"",LEYPARTS,P4503232
KAR VALVES,VALVE,ESCORT FORD,"312 D","312 D","",STD,KAR VALVES,KV1621-622
LEYPARTS,CLUTCH,ASHOK LEYLAND,"",BSIV,FLYWHEEL ASSY,"",LEYPARTS,B3F12201(18%)
BANCO,GASKETS,ASHOK LEYLAND,"680/690",PBP,MANIFOLD,"",BANCO,"5360660100PBP"
TALBROS,GASKETS,ASHOK LEYLAND,DOST,FULL GASKET,DYNA SEAL,"",TALBROS,FS3155WOCS
GOETZE,PISTON SET,TATA,CUMMINS,BS II,"","",GOETZE,"05811PPCSDCG00C1"
KAR VALVES,VALVE,CHEVROLET,CHEVROLET,DIESEL,"",STD,KAR VALVES,KV1263-264
USHA,PISTON SET,ASHOK LEYLAND,HINO,HINO BSIII (B PLATFORM),"","",USHA,H17 RCP
TALBROS,GASKETS,MAHINDRA,BOLERO,HEAD GASKET,DYNA SEAL,"",TALBROS,"3101DSX1OS"
SPICER,DIFFERENTIAL,ASHOK LEYLAND,INNER OILSEAL,"","","",SPICER,SAOS2180PI
TIGER POWER,CYLINDER LINER,ASHOK LEYLAND,DOST,SEMI FINISHED,DOST,STD,TIGER POWER,K2001200260
TALBROS,GASKETS,ASHOK LEYLAND,HINO,FULL GASKET,EXCEL,"",TALBROS,FS3088DSXNA
TIGER POWER,CYLINDER LINER,ASHOK LEYLAND,"400",PRE FINISHED,HARDEN,STD,TIGER POWER,K2000202560
TALBROS,GASKETS,TATA,"609/709",FULL GASKET,DYNA SEAL,"",TALBROS,FS609DSXTCCS
RBL,BRAKE LINING,AMW,AMW,REAR 14 HOLES,"","01-Aug",RBL,RBL/AMW/R/2 1/8 RAF7
RBL,BRAKE SHOE,MARUTI,ZEN (BI TYPE),"","","",RBL,RBL/BS/006
BANCO,GASKETS,TATA,CUMMINS BS 3,SYR,VALVE STEM SEALS,"",BANCO,"5220541600SYR"
KSPG,MAIN BEARING,TATA,INDICA,INDICA,"",STD,KSPG,M.119.3.00.003
IPL,PISTON SET,MAHINDRA,MUSTANG,MUSTANG,"","",IPL,"602-K11411W-STD"
BANCO,GASKETS,MAHINDRA TRACTOR,INTERNATIONAL B275,TFX,AXLE BEARING RETAINER INTER,"",BANCO,"5658437906TFX"
BANCO,GASKETS,MARUTI,ZEN-MPFI-NEW MODEL OE DESIGN,GAF,FULL GASKET,"",BANCO,"52313299PSGAF"
BANCO,GASKETS,MASSEY FERGUSON,MF 1035,COPPER / NON ASBESTOS,FULL GASKET,"",BANCO,"5124199910CAC"
BANCO,GASKETS,MAHINDRA TRACTOR,"225 DI (2CYL)",RC,VALVE COVER,"",BANCO,"5658111500RC"
LEYPARTS,FILTERS,ASHOK LEYLAND,"","",OIL FILTER,"",LEYPARTS,F7A01500
USHA,PISTON SET,ASHOK LEYLAND,LEYLAND,"402","","",USHA,"229 RCP"
LEYPARTS,GEAR PARTS,ASHOK LEYLAND,"",BSIII/BSIV,GEAR JOINT ASSY,"",LEYPARTS,B1E02701
TALBROS,GASKETS,TATA,"692",HEAD GASKET,MLS ( STEEL),"",TALBROS,MLS3196
TALBROS,GASKETS,MAHINDRA,DI 3200,FULL GASKET,DYNA SEAL,"",TALBROS,FS3070DSXMDIMK1
KAR VALVES,VALVE,INDUSTRIAL-CUMMINS,K,K,"",STD,KAR VALVES,KV1839
LEYPARTS,FRONT AXLE,ASHOK LEYLAND,"",FA-90 STD,KING PIN BUSH,"",LEYPARTS,F0500342
BIMETAL,CONNECTING BEARING,ASHOK LEYLAND,HINO,HINO (REG),"","30",BIMETAL,CS 183 030
TALBROS,GASKETS,KIRLOSKAR,"6R",HEAD GASKET,EXCEL,"",TALBROS,"3119DSXNA"
BIMETAL,CONNECTING BEARING,ASHOK LEYLAND,HINO,HINO (REG),"","20",BIMETAL,CS 183 020
IPL,PISTON RING SET,ASHOK LEYLAND,HINO,"6 ETI THIN RING","","",IPL,"642-9625V/6-STD"
TALBROS,GASKETS,ASHOK LEYLAND,HINO (TURBO),HEAD GASKET,DYNA SEAL,"",TALBROS,"3088DS"
RBL,DISCPAD,MAHINDRA,SCORPIO,"","","",RBL,RBL/PDP/523
RBL,BRAKE LINING,ASHOK LEYLAND,"6 INCHES",FRONT 10 HOLES,HF7,Jan-32,RBL,AL/TP/SM/7&8 1/32 HF7
IPL,PISTON RING SET,ASHOK LEYLAND,LEYLAND,"401/402","","",IPL,"642-3402-STD"
BANCO,GASKETS,FORD,FIGO / FIESTA,RUB,VALVE COVER,"",BANCO,"5352331500RUB"
TALBROS,GASKETS,MASSEY FERGUSON,MF 135,HEAD GASKET,EXCEL,"",TALBROS,"445DSXNA"
BANCO,GASKETS,SIMPSON,P4,COPPER / NON ASBESTOS,HEAD GASKET,"",BANCO,"5440260003CAC"
KSPG,MAIN BEARING,MAHINDRA,MAXIMO,MAXIMO,"","20",KSPG,M.166.0.00.023
BANCO,GASKETS,TATA,"1613(697) TURBO",BANKITE,FULL GASKET,"",BANCO,"52208199PSBKT"
BANCO,GASKETS,FORD TRACTOR,ESCORT 345,BANKITE,HEAD GASKET,"",BANCO,"53520700PSBKT"
KSPG,MAIN BEARING KIT,MARUTI,"800 (CAR)","800 (CAR)","","10",KSPG,P.110.3.30.013
KSPG,MAIN BEARING,MARUTI,"800 (CAR)","800 (CAR)","","10",KSPG,M.110.3.00.013
BIMETAL,CONNECTING BEARING,ASHOK LEYLAND,LEYLAND,LEYLAND 370,"",STD,BIMETAL,CS 179 STD
IPL,KITSET,TATA,ACE,ACE,"","",IPL,"622-10479L1165/2 STD"
BANCO,GASKETS,SIMPSON,P6,BANKITE,HEAD GASKET,"",BANCO,"5440560000BKT"
KAR VALVES,VALVE,ASHOK LEYLAND,HINO,TURBO,"",STD,KAR VALVES,KV1377-378-4V
KSPG,THRUST WASHER,TATA,"1612(697)","","",OS1,KSPG,PW.217.5.01.423
LEYPARTS,GEARBOX,ASHOK LEYLAND,"",NEEDLE CAGE 5TH GEAR,BEARINGS,"",LEYPARTS,F0267510
BANCO,GASKETS,TATA,"1613(697) TURBO",SNAL,VALVE COVER,"",BANCO,"52208415PSSNAL"
LEYPARTS,CLUTCH,ASHOK LEYLAND,"","15 INCHES",MAJOR KIT,"",LEYPARTS,P0975551
SPICER,CLUTCH PLATE,TATA,"100 SERIES","","","",SPICER,SDUJ0100L126
TALBROS,GASKETS,ASHOK LEYLAND,"680",HALF GASKET,DYNA SEAL,"",TALBROS,HS319DSX
LEYPARTS,GEARBOX,ASHOK LEYLAND,"","1ST GEAR, 39TEETH",MAIN SHAFT GEARS,"",LEYPARTS,F1669011
RBL,BRAKE LINING,ASHOK LEYLAND,"8 INCHES",REAR 12 HOLES,GT11 HLS,"1/16",RBL,AL/TP/HLP/B/10&11 1/16 GT11-HLS
BANCO,GASKETS,ASHOK LEYLAND,"370/411/412 BS II",MRG,VALVE COVER,"",BANCO,"53606420MOMRG"
RBL,DISCPAD,MARUTI,CARRY VAN,"","","",RBL,RBL/DP/061
TALBROS,GASKETS,TATA,IRIS/ZIP,FULL GASKET,DYNA SEAL,"",TALBROS,FS3139WOCS
BANCO,GASKETS,MAHINDRA,MDI 3200,SYR,VALVE COVER,"",BANCO,"5580381500SYR"
BANCO,GASKETS,MAHINDRA TRACTOR,ARJUN,RUB,VALVE COVER,"",BANCO,"5658401500RUB"
KSPG,CONNECTING BEARING,TATA,"407","407","","30",KSPG,B.236.3.00.033
RBL,BRAKE LINING,EICHER,"",FR & RR 12 HOLES,HF7,"2MM",RBL,RBL/T1009TT/1 2MM
KSPG,CONNECTING BEARING,MARUTI,"1000 CC","1000CC","","30",KSPG,B.113.3.00.033
LEYPARTS,SUSPENSION,ASHOK LEYLAND,"",BSIII/BSIV U TRUCK,V ROD ASSY,"",LEYPARTS,B6Y03007
LEYPARTS,ENGINE,ASHOK LEYLAND,"",EXHAUST VALVE SEAT CNG,VALVE SEAT,"",LEYPARTS,F0900312
KSPG,MAIN BEARING,TATA,ACE,ACE,"","40",KSPG,M.155.3.00.043
RBL,BRAKE LINING,MAHINDRA,SCORPIO,SCORPIO,"262",STD,RBL,RBL/SCORPIO/R/L&S STD 262
KSPG,CONNECTING BEARING,TATA,INDICA,INDICA,"","30",KSPG,B.119.4.00.033
LEYPARTS,ENGINE,ASHOK LEYLAND,"",AL ENGINE (STD),MAIN BEARING,"",LEYPARTS,F0218110
LEYPARTS,BRAKE,ASHOK LEYLAND,"",BSII (14 TYRE),BRAKE CHAMBER KIT,"",LEYPARTS,P1017651
BANCO,GASKETS,ASHOK LEYLAND,"370/411/412 BS II",HLT,"","",BANCO,"5360643809HLT"
TALBROS,GASKETS,TATA,"407",HALF GASKET,DYNA SEAL,"",TALBROS,HS3045DSXTC
BANCO,GASKETS,TATA,CUMMINS BS1 / BS2,SAL,TIMING COVER,"",BANCO,"52205337PSSAL"
LEYPARTS,GEARBOX,ASHOK LEYLAND,"","2ND GEAR, 33TEETH",MAIN SHAFT GEARS,"",LEYPARTS,F1614611
KAR VALVES,VALVE,INDUSTRIAL-CUMMINS,NH,NH,"",STD,KAR VALVES,KV1830-2V
KSPG,THRUST WASHER,ISUZU,ISUZU,ISUZU,"","3",KSPG,W.117.0.00.003
BANCO,GASKETS,TATA,"1613(697) TURBO",HTMG,HEAD GASKET,"",BANCO,"52207000HTMG"
RBL,DISCPAD,TOYOTA,INNOVA CRYSTA,"","","",RBL,RBL/DP/066
RBL,DISCPAD,HYUNDAI,SANTRO FACELIFT,"","","",RBL,RBL/DP/004
TALBROS,GASKETS,TATA,"1109",HALF GASKET,DYNA SEAL,"",TALBROS,HS1109DSXTCMK2
BANCO,GASKETS,MAHINDRA TRACTOR,INTERNATIONAL B275,CAS,FULL GASKET,"",BANCO,"5658439910CAS"
BANCO,GASKETS,FORD TRACTOR,"430/435",BANKITE,HEAD GASKET,"",BANCO,"5352170000BKT"
KSPG,MAIN BEARING,TATA,ACE,ACE,"","10",KSPG,M.155.3.00.013
KSPG,VR BUSH,TATA,"1210","1210","",STD,KSPG,V.207.5.00.703
BANCO,GASKETS,ASHOK LEYLAND,BS II,SAL,HEAD GASKET,"",BANCO,"53607300PSSAL"
TALBROS,GASKETS,ASHOK LEYLAND,AL BS II,HALF GASKET,DYNA SEAL,"",TALBROS,HS3104DSX
TIGER POWER,CYLINDER LINER,EICHER,CANTER,SEMI FINISHED,PLAIN,STD,TIGER POWER,K2001300360
LEYPARTS,COOLING SYSTEM,ASHOK LEYLAND,"",TURBO CHARGER KIT E3,HOSES,"",LEYPARTS,P5103891
LEYPARTS,CLUTCH,ASHOK LEYLAND,"","14INCHES, FANTYPE",CLUTCH PLATE,"",LEYPARTS,B1M05203
KSPG,CONNECTING BEARING,TATA,SUMO,SUMO(4DL),"","40",KSPG,B.234.4.00.043
KAR VALVES,VALVE,TATA,TCL,E-II Seat & Stem,"","5",KAR VALVES,KV182310-82410
BANCO,GASKETS,MAHINDRA,AVL 575 DI MILLOR TYPE,BANKITE,HEAD GASKET,"",BANCO,"55803600PSBKT"
RBL,BRAKE LINING,ASHOK LEYLAND,"5 INCHES",FRONT 10 HOLES,HF7,"1/32",RBL,AL/TP/SM/1&2 1/32 HF7
BANCO,GASKETS,MARUTI,K SERIES,BANKITE,HALF GASKET,"",BANCO,"52311898PSBKT"
IPL,VALVE,ASHOK LEYLAND,HINO,"6 DT ( TURBO)","",STD,IPL,"712-VL10402"
RBL,BRAKE SHOE,MARUTI,ALTO & WAGONR (KBX TYPE),"","","",RBL,RBL/BS/016
BANCO,GASKETS,TATA,"608",BANKITE,FULL GASKET,"",BANCO,"52206099PSBKT"
KSPG,CONNECTING BEARING,KIRLOSKAR,RA3,RA3,"",STD,KSPG,B.038.4.00.003
BANCO,GASKETS,MAHINDRA,XDP 3,BAF,HEAD GASKET,"",BANCO,"5580390016BAF"
KSPG,MAIN BEARING,TATA,INDIGO,INDIGO,"",STD,KSPG,M.119.3.30.003
KSPG,MAIN BEARING,TATA,"1210","1210","","20",KSPG,M.207.3.01.023
SETCO,CLUTCH RELEASE BEARING,TATA,"430DIA PRIMA","","","",SETCO,SCRB-9032
LEYPARTS,ENGINE,ASHOK LEYLAND,"",BS2,WATER RAIL,"",LEYPARTS,F1133642
KAR VALVES,VALVE,BAJAJ,MINIDOR,MINIDOR,"",STD,KAR VALVES,KV1849-850
KAR VALVES,VALVE,MARUTI,SUPER,SUPER,"",STD,KAR VALVES,KV1137-138
SPICER,SLIP YOKE,ASHOK LEYLAND,SPL 90 WITH SEAL & CAP,"","","",SPICER,SDSY0090SL160
BIMETAL,CONNECTING BEARING,TATA,CUMMINS,CUMMINS (REG),"","0.5",BIMETAL,CS 5217 050
BANCO,GASKETS,MARUTI,ALTO LX/800,RUB,VALVE COVER,"",BANCO,"5231331500RUB"
LEYPARTS,ENGINE,ASHOK LEYLAND,"",AL ENGINE S1,CONNECTNG BRG,"",LEYPARTS,P2600402
KSPG,MAIN BEARING,TATA,"709","709","","10",KSPG,M.254.4.00.013
TALBROS,GASKETS,TATA,"697",FULL GASKET,DYNA SEAL,"",TALBROS,FS728DSXTCCTCS
KSPG,CONNECTING BEARING,ASHOK LEYLAND,LEYLAND,LEYLAND 370,"","80",KSPG,B.205.3.09.083
IPL,PISTON RING SET,TATA,CUMMINS,BS II & BS III,"","",IPL,"642-3409VQY-STD"
RBL,BRAKE LINING,BHARAT BENZ,BENZ (25T),FR & RR 12 HOLES,R1203HLS,"2MM",RBL,RBL/RB/T/1 (25T) 2MM R1203 HLS
TALBROS,GASKETS,ASHOK LEYLAND,IVECO,HEAD GASKET,DYNA SEAL,"",TALBROS,"3072DSX1OS"
RBL,DISCPAD,MARUTI,"ECO,ASTAR,VERSA","","","",RBL,RBL/DP/019
TALBROS,GASKETS,MASSEY FERGUSON,MF 135,HALF GASKET,EXCEL,"",TALBROS,HS445DSXNA
KSPG,CONNECTING BEARING,TATA,CUMMINS,CUMMINS (REG),"","40",KSPG,B.245.4.00.043
RBL,BRAKE LINING,TATA,"909",FR & RR 12 HOLES,HF7,STD,RBL,RBL/T909-EX/1 STD
BANCO,GASKETS,TATA,CUMMINS BS1 / BS2,COPPER,OVER FLOW WASHER,"",BANCO,"522052W170CU"
KSPG,MAIN BEARING,MARUTI,"1000CC","1000CC","","10",KSPG,M.113.3.00.013
KSPG,MAIN BEARING,MARUTI,ZEN/EECO,ZEN/EECO,"","30",KSPG,M.116.0.00.033
BANCO,GASKETS,TATA,ACE SUPER MINT,MLS(STEEL),HEAD GASKET,"",BANCO,"5220480015MLS"
SETCO,BRAKE LINING,ASHOK LEYLAND,"6 INCHES",FRONT 10 HOLES,SM,"1/32",SETCO,SL-XP-AL/TP/SM/7&8 (OS-1)
BANCO,GASKETS,FORD,FIGO / FIESTA,MLS(STEEL),HEAD GASKET,"",BANCO,"5352330000MLS"
IPL,PISTON RING SET,TATA,SAFARI DICOR,SAFARI DICOR (2.2),"","",IPL,"642-9416VQY-STD"
KAR VALVES,VALVE,INDUSTRIAL-CUMMINS,GAS ENGINE,GAS ENGINE,"",STD,KAR VALVES,KV1810-2V
TALBROS,GASKETS,MARUTI,K SERIES,FULL GASKET,DYNA SEAL,"",TALBROS,FS3169WOCS
KAR VALVES,VALVE,MAHINDRA,AVL MULTIGROOVE,AVL MULTIGROOVE,"",STD,KAR VALVES,KV1727-728A
KSPG,CONNECTING BEARING,TATA,"1210","1210","",STD,KSPG,B.207.3.00.003
KSPG,CONNECTING BEARING,ATLAS COPCO,ATLAS COPCO,COPCO ( CR BRG),"",STD,KSPG,H.700.3.00.003
KSPG,CAM BUSH,EICHER,CANTER,"","",STD,KSPG,C.266.2.00.703
LEYPARTS,ELECTRICALS,ASHOK LEYLAND,"",TIPPER,ROLLER KIT,"",LEYPARTS,PE200018
KSPG,CONNECTING BUSH,TATA,"407","407","",STD,KSPG,S.236.5.10.703
BANCO,GASKETS,MASSEY FERGUSON,MF 1035,COPPER / NON ASBESTOS,FULL GASKET,"",BANCO,"5124209908CAC"
KSPG,MAIN BEARING,TOYOTA,QUALIS,QUALIS,"","30",KSPG,M.140.0.00.033
IPL,PISTON SET,TATA,"709","709TC","","",IPL,"602-12292W-STD"
BANCO,GASKETS,MAHINDRA TRACTOR,"575 DI (4CYL.)",PQB,HEAD GASKET,"",BANCO,"5658460010PQB"
TIGER POWER,VALVE,ASHOK LEYLAND,HINO 6DTI (TURBO),"","",STD,TIGER POWER,V2009500360
TALBROS,GASKETS,EICHER,CANTER (4CYL),FULL GASKET,EXCEL,"",TALBROS,FSPL222DSNANM
KAR VALVES,VALVE,MARUTI,SWIFT,PETROL K-SERIES,"",STD,KAR VALVES,KV1167-168
LEYPARTS,FILTERS,ASHOK LEYLAND,"",BSIII (80K),OIL FILTER,"",LEYPARTS,F7A05000
BANCO,GASKETS,HYUNDAI,ERLX/GETZ PETROL 4CYL,RUB,VALVE COVER,"",BANCO,"5224231500RUB"
KSPG,MAIN BEARING,TATA,INDICA,INDICA,"","10",KSPG,M.119.3.00.013
SPICER,DIFFERENTIAL,ASHOK LEYLAND,OUTER OILSEAL,"","","",SPICER,SAOS2180PO
KSPG,CAM BUSH,TATA,"1612(697)","","",STD (PF),KSPG,PC.217.7.00.003
BANCO,GASKETS,TATA,"1210",RC,SUMP SET,"",BANCO,"5220621307RC"
BANCO,GASKETS,MASSEY FERGUSON,MF 135,TFX,HYDRAULIC LIFTCOVER,"",BANCO,"5124237210TFX"
TIGER POWER,CYLINDER LINER,TATA,"609/709",SEMI FINISHED,THIN COLLAR,"20TH",TIGER POWER,K2007600495
TALBROS,GASKETS,TATA,ACE,FULL GASKET,EXCEL,"",TALBROS,FS3106DSXNAWOC
IPL,PISTON SET,MAHINDRA,XYLO,XYLO,"","",IPL,"602-K12500W-STD"
BANCO,GASKETS,MAHINDRA,PEUGEOT XDP-4,BANKITE,FULL GASKET,"",BANCO,"55803399PSBKT"
TIGER POWER,CYLINDER LINER,MARUTI,WAGONR,SEMI FINISHED,K SERIES,STD,TIGER POWER,K200290546K
TALBROS,GASKETS,MAHINDRA,XYLO,FULL GASKET,DYNA SEAL,"",TALBROS,FS3173WOCS
RBL,DISCPAD,TOYOTA,INNOVA,"","","",RBL,RBL/PDP/546
RBL,BRAKE LINING,TATA,WTP,REAR 14 HOLES,R1203HLS,"1MM",RBL,RBL/WTP/2 1MM
BANCO,GASKETS,MAHINDRA TRACTOR,INTERNATIONAL B275,TFX,CRANK CASE FRINT PLATE,"",BANCO,"5658433510TFX"
TALBROS,GASKETS,TATA,"1612",HALF GASKET,DYNA SEAL,"",TALBROS,HS728DSXMTCMK2
RBL,BRAKE SHOE,TOYOTA,INNOVA,"","","",RBL,RBL/BS/040
BANCO,GASKETS,MARUTI,VAN,BANKITE,HALF GASKET,"",BANCO,"52311298PSBKT"
KAR VALVES,VALVE,TOYOTA,ETIOS,PETROL,"",STD,KAR VALVES,KV1259-260
BANCO,GASKETS,NISSAN,CD 17,BKT,HEAD GASKET,"",BANCO,"52444300PSBKT"
KAR VALVES,VALVE,INDUSTRIAL-CUMMINS,NT,NT,"",STD,KAR VALVES,KV1832-2V
TALBROS,GASKETS,SONALIKA,"275DI",HEAD GASKET,EXCEL,"",TALBROS,"3158DSXNA"
KSPG,THRUST WASHER,ASHOK LEYLAND,LEYLAND,"","",STD,KSPG,PW.205.5.00.003
RBL,DISCPAD,ASHOK LEYLAND,DOST,"","","",RBL,RBL/DP/010
KSPG,CONNECTING BEARING,SIMPSON,P3,P3,"","30",KSPG,B.210.5.00.033
BANCO,GASKETS,TATA,"407 NON TURBO",BANKITE,HEAD GASKET,"",BANCO,"52204400PSBKT"
TALBROS,GASKETS,MAHINDRA,BOLERO,HEAD GASKET,DYNA SEAL,"",TALBROS,"3101DSX3OS"
KAR VALVES,VALVE,MARUTI,CELERIO,DIESEL,"",STD,KAR VALVES,KV1147-148
TIGER POWER,VALVE,TATA,CUMMINS BSIII,"","",STD,TIGER POWER,V2005500460
BANCO,GASKETS,MASSEY FERGUSON,MF 135,BANKITE,HEAD GASKET,"",BANCO,"5124220006BKT"
BANCO,GASKETS,MAHINDRA TRACTOR,INTERNATIONAL B275,TFX,TR.CASE COVER,"",BANCO,"5658433909TFX"
RBL,BRAKE LINING,TATA,"407","12 HOLES",RD3205M,STD,RBL,IN/19/20/1 STD RD3205M
TALBROS,GASKETS,EICHER,JUMBO (6CYL),HEAD GASKET,EXCEL,"",TALBROS,"3091DSXNA"
KAR VALVES,VALVE,MARUTI,ESTEEM,ESTEEM,"",STD,KAR VALVES,KV1161-162
BANCO,GASKETS,TATA,CUMMINS BS1 / BS2,COPPER,NOZZLE WASHR,"",BANCO,"522052W150CU"
TIGER POWER,CYLINDER LINER,BAJAJ,DIESEL GOLD,SEMI FINISHED,DIESEL GOLD,STD,TIGER POWER,K2000800187
RBL,DISCPAD,TATA,ARIA REAR,"","","",RBL,RBL/DP/032
TALBROS QHT,TIE ROD,TATA,"4923",TIE ROD END RH,"","",TALBROS QHT,TRE01229R
KAR VALVES,VALVE,TATA,ACE,CNG,"",STD,KAR VALVES,KV1227-228
LEYPARTS,BRAKE,ASHOK LEYLAND,"",FR/RR 10WB-20.3CM,BRAKE DRUM,"",LEYPARTS,F1879622
KAR VALVES,VALVE,TOYOTA,INNOVA,INNOVA,"",STD,KAR VALVES,KV1219-220
KSPG,THRUST WASHER,ASHOK LEYLAND,LEYLAND,LEYLAND 370,"",OS2,KSPG,W.205.5.00.423
KSPG,MAIN BEARING,TATA,"1210","1210","","10",KSPG,N.207.3.00.013
TIGER POWER,CYLINDER LINER,TATA,"609/709",PRE FINISHED,THIN COLLAR,"40TH",TIGER POWER,K2007601095
BANCO,GASKETS,MARUTI,K SERIES,GAF,HEAD GASKET,"",BANCO,"52311800PSGAF"
KSPG,CONNECTING BEARING,MARUTI,WAGONR,WAGONR,"","10",KSPG,B.135.0.00.013
KSPG,MAIN BEARING,TATA,ACE,ACE,"",STD,KSPG,M.155.3.00.003
KAR VALVES,VALVE,TATA,CUMMINS,BS III,"",STD,KAR VALVES,KV821-822
GOETZE,RING SET,TATA,"697","697 CKS","","",GOETZE,"5322CKS-SD"
KSPG,IG BUSH,MAHINDRA,SCORPIO,SCORPIO,"",STD,KSPG,G.333.5.00.703
BANCO,GASKETS,MASSEY FERGUSON,"245/S-3/1035 DI",MVR,VALVE COVER,"",BANCO,"5124241500MVR"
KSPG,MAIN BEARING,MARUTI,WAGONR,"4CYL","","30",KSPG,M.135.0.00.033
TALBROS,GASKETS,SML,MAZDA,HEAD GASKET,DYNA SEAL,"",TALBROS,"3055DS"
RBL,DISCPAD,MAHINDRA,BOLERO & SCORPIO,"","","",RBL,RBL/DP/046
MAHLE,PISTON SET,TATA,CUMMINS BSII,CUMMINS BSII,"","",MAHLE,"770PI40057P00"
KSPG,THRUST WASHER,TATA,SUMO,SUMO(4DL),"",OS2,KSPG,W.234.5.00.423
TALBROS,GASKETS,PERKINS,P3,HALF GASKET,DYNA SEAL,"",TALBROS,HSIA467A
KSPG,MAIN & CR BRG,CHEVROLET,TAVERA,TAVERA,"","40",KSPG,P.154.0.00.043
TALBROS,TAPPET COVER,TATA,"609/709","","","",TALBROS,"25998TR"
TALBROS,GASKETS,TATA,"609/709",FULL GASKET,DYNA SEAL,"",TALBROS,FS609DSXCS
LEYPARTS,BODYPARTS,ASHOK LEYLAND,"",ECOMET RH/LH,DOOR LOCK,"",LEYPARTS,P5105279
KSPG,MAIN & CR BRG,HYUNDAI,SANTRO,SANTRO,"","10",KSPG,P.152.0.00.013
BANCO,GASKETS,TATA,CUMMINS BS1 / BS2,STEEL,MANIFOLD,"",BANCO,"5220520200ST"
BANCO,GASKETS,TATA,"1612",BANKITE,HALF GASKET,"",BANCO,"52206598PSBKT"
IPL,PISTON RING SET,CHEVROLET,BEAT DIESEL,BEAT DIESEL,"","",IPL,"642-K3155VQY/3"
KAR VALVES,VALVE,TATA,MOBILE,MOBILE,"",STD,KAR VALVES,KV1429-430
KSPG,MAIN BEARING,CHEVROLET,TAVERA,TAVERA,"","40",KSPG,M.154.0.00.043
TALBROS,GASKETS,FORD TRACTOR,"3000/3600",FULL GASKET,DYNA SEAL,"",TALBROS,FS2A658XSB
KSPG,CONNECTING BEARING,MARUTI,"800 (CAR)","800 (CAR)","","50",KSPG,B.110.3.00.053
TALBROS,GASKETS,HYUNDAI,GETZ,HEAD GASKET,MLS ( STEEL),"",TALBROS,MLS3129
BANCO,GASKETS,MARUTI,GYPSY,AST,GEAR BOX KIT,"",BANCO,"523126HG10AST"
BANCO,GASKETS,TATA,"709 NON TURBO",BANKITE,MANIFOLD,"",BANCO,"5220470400BKT"
RBL,BRAKE LINING,TATA,"709",FR & RR 12 HOLES,HF7,"1MM",RBL,RBL/T709/1 1MM
TIGER POWER,CYLINDER LINER,TATA,"1612(97MM)",PRE FINISHED,THICK COLLAR (BS3 4.65),STD,TIGER POWER,K2007602661
RBL,DISCPAD,MARUTI,S CROSS & SX4,"","","",RBL,RBL/DP/021
RBL,BRAKE LINING,ASHOK LEYLAND,ECOMET 1112,REAR 16 HOLES,RAF7,STD,RBL,RBL/ECOMET/1112/2 STD RAF7
BANCO,GASKETS,MAHINDRA,MAXIMO,MLS(STEEL),FULL GASKET,"",BANCO,"5580129900MLS"
KSPG,THRUST WASHER,TATA,"1210","1210","",STD,KSPG,W.207.5.01.003
BANCO,GASKETS,MAHINDRA,JEEP DIESEL,BANKITE,HEAD GASKET,"",BANCO,"55803000PSBKT"
BANCO,GASKETS,SIMPSON,EAGLE/SAMRAT,RC,VALVE COVER,"",BANCO,"5440161500RC"
LEYPARTS,GEARBOX,ASHOK LEYLAND,"",MAIN SHAFT REAR BRG (NUP309EM),BEARINGS,"",LEYPARTS,F0259310
TRUCKPARTS-COOLANT,COOLANT,"","",GREEN (1:3),"","3LTR",TRUCKPARTS-COOLANT,SC-NC30
KSPG,MAIN BEARING,MAHINDRA,SCORPIO,SCORPIO,"","10",KSPG,M.333.0.10.013
KAR VALVES,VALVE,CATERPILLAR,"3306",FP-1007860,"",STD,KAR VALVES,KV1967-2V
KSPG,CONNECTING BEARING,ATLAS COPCO,ATLAS COPCO,COPCO ( CR BRG),"","20",KSPG,H.700.3.00.023
BANCO,GASKETS,MASSEY FERGUSON,MF 1035,COPPER / NON ASBESTOS,HALF GASKET,"",BANCO,"5124209805CAC"
LEYPARTS,CLUTCH,ASHOK LEYLAND,"",BSIV,CLUTCH PEDAL ASSY,"",LEYPARTS,B3740301
BANCO,GASKETS,SIMPSON,P6,BANKITE,HALF GASKET,"",BANCO,"5440569805BKT"
BANCO,GASKETS,"",METADOR 305,BANKITE,FULL GASKET,"",BANCO,"51312799PSBKT"
TALBROS,GASKETS,MARUTI,CAR/VAN,FULL GASKET,DYNA SEAL,"",TALBROS,FS3041DSXWOS
KAR VALVES,VALVE,FORD,"3600STD","3600STD","",STD,KAR VALVES,KV1693-694
RBL,DISCPAD,MAHINDRA,JEETO & MAXXIMO,"","","",RBL,RBL/DP/049
BANCO,GASKETS,TATA,INDICA DIESEL,BAF,HEAD GASKET,"",BANCO,"5220420019BAF"
TALBROS QHT,TIE ROD,ASHOK LEYLAND,AL 3116,TIE ROD END (HYDRAULIC SOCKET),"","",TALBROS QHT,TRE07030
TALBROS,GASKETS,TATA,"407",HALF GASKET,EXCEL,"",TALBROS,HS3045DSXNATC
LEYPARTS,FILTERS,ASHOK LEYLAND,"","10TYRE (BSIII/BSIV)",AIR FILTER,"",LEYPARTS,P0996151
BANCO,GASKETS,MAHINDRA TRACTOR,INTERNATIONAL B275,TFX,TR.CRANK SHAFT FRONT BEARING INTER,"",BANCO,"5658436706TFX"
LEYPARTS,GEARBOX,ASHOK LEYLAND,"","150DIA 4HOLES",GEARBOX FLANGE,"",LEYPARTS,F1404311
BANCO,GASKETS,TATA,"407 NON TURBO",RCC,CHAMBER PACKING,"",BANCO,"5220441080RCC"
KSPG,MAIN BEARING,EICHER,CANTER,CANTER,"","30",KSPG,M.235.4.00.033
BANCO,GASKETS,TATA,INDIGO/INDICA TURBO,MLS(STEEL),HEAD GASKET,"",BANCO,"5220500018MLS"
BANCO,GASKETS,ASHOK LEYLAND,AL 14 MM STUD,SAL,HEAD GASKET,"",BANCO,"53607400PSSAL"
TALBROS,GASKETS,MAHINDRA,MAXIMO,FULL GASKET,MLS ( STEEL),"",TALBROS,FS3197MLS
KSPG,CONNECTING BUSH,MARUTI,"800 (CAR)","800 (CAR)","",STD,KSPG,S.110.5.00.003
BANCO,GASKETS,TATA,"4 DL",MLS(STEEL),HEAD GASKET,"",BANCO,"5220460015MLS"
LEYPARTS,COOLING SYSTEM,ASHOK LEYLAND,"",AIR COMPRESSOR OIL INLET (ASSY),HOSES,"",LEYPARTS,B8780513
KSPG,CONNECTING BEARING,MARUTI,ASTAR/ZEN ESTILO/ALTO K10,ASTAR/ZEN ESTILO/ALTO K10,"","10",KSPG,B.165.0.00.013
KSPG,CONNECTING BEARING,TATA,"407","407","","60",KSPG,B.236.3.00.063
BANCO,GASKETS,MARUTI,ALTO 800CC,GAF,HEAD GASKET,"",BANCO,"5231190000GAF"
RBL,BRAKE LINING,ASHOK LEYLAND,IVECO 7 TONS,FR & RR 8 HOLES,"242","01-Aug",RBL,AL/TP/SM/5 1/8 (242)
RBL,DISCPAD,MARUTI,SWIFT,"","","",RBL,RBL/DP/064
BANCO,GASKETS,FORD TRACTOR,"3611",BANKITE,HEAD GASKET,"",BANCO,"53520500PSBKT"
TALBROS,GASKETS,TATA,"1612",HEAD GASKET,DYNA SEAL,"",TALBROS,"728DSXTC"
KSPG,MAIN BEARING,TATA,"1210","1210","","40",KSPG,M.207.3.01.043
BANCO,GASKETS,MAHINDRA,SCORPIO CRDE,MLS(STEEL),FULL GASKET,"",BANCO,"5580409900MLS"
LEYPARTS,SUSPENSION,ASHOK LEYLAND,"",CENTER BUSH,V ROD BUSH,"",LEYPARTS,PD600451
LEYPARTS,SUSPENSION,ASHOK LEYLAND,"",REAR,ENGINE MOUNTING,"",LEYPARTS,F2604200
SETCO,FLYWHEEL,ASHOK LEYLAND,"15INCHES BS6","136T","","",SETCO,SF-5019
TALBROS,GASKETS,FORD TRACTOR,"3000/3600",FULL GASKET,DYNA SEAL,"",TALBROS,FS2A659SBWOC
KAR VALVES,VALVE,MARUTI,"800","800","",STD,KAR VALVES,KV1139-140
BANCO,GASKETS,FORD TRACTOR,"3610",BANKITE,HALF GASKET,"",BANCO,"53520598PSBKT"
MAHLE,PISTON SET,TATA,"697","697 TC (1613)","","",MAHLE,"7700100"
KAR VALVES,VALVE,TMTL,TMTL,TMTL,"",STD,KAR VALVES,KV1661-662-1V
KSPG,MAIN BEARING,ASHOK LEYLAND,LEYLAND,LEYLAND 370,"","50",KSPG,M.205.3.09.053
KSPG,CAM BUSH,TATA,"1210","1210","",STD,KSPG,C.207.6.00.703
BANCO,GASKETS,SIMPSON,S3/241,W/O CHG GAF,FULL GASKET,"",BANCO,"5440189900GAF"
TRUCKPARTS-COOLANT,COOLANT,"","",RED (1:3),"","5LTR",TRUCKPARTS-COOLANT,SC-NC50R
TIGER POWER,CYLINDER LINER,MARUTI,ALTO,SEMI FINISHED,K SERIES,STD,TIGER POWER,K200290146K
RBL,DISCPAD,MAHINDRA,VERITO,"","","",RBL,RBL/DP/026
USHA,PISTON SET,TATA,"697",EURO III,"","",USHA,H11 RCP
BANCO,GASKETS,TATA,"1210",BANKITE,HEAD GASKET,"",BANCO,"52206400PSBKT"
MAHLE,PISTON SET,TATA,"609/709","497 TC EURO I","","",MAHLE,"770PI4014CP00-R"
RBL,BRAKE LINING,EICHER,"",FR & RR 12 HOLES,HF7,"2MM",RBL,RBL/T1009TT/1 2MM HF7
KSPG,CONNECTING BUSH,MAHINDRA,MDI3200 SCORPIO M2DI,MDI3200 SCORPIO M2DI,"",STD,KSPG,S.355.5.00.703
IPL,PISTON SET,ASHOK LEYLAND,HINO,"6E ALFIN (Non Turbo)","","",IPL,"602-13201W/6-STD"
KSPG,THRUST WASHER,TATA,"1210","","",OS1,KSPG,PW.207.5.01.423
BANCO,GASKETS,MAHINDRA TRACTOR,INTERNATIONAL B275,AST,HALF GASKET WITH CHAMBER KIT,"",BANCO,"5658439700AST"
BANCO,GASKETS,ASHOK LEYLAND,TUSKAR TURBO (2516-3516),SAL,FULL GASKET,"",BANCO,"53607199PSSAL"
RBL,BRAKE LINING,ASHOK LEYLAND,"8 INCHES",REAR 12 HOLES,GT11 HLS,"1/8",RBL,AL/TP/HLP/B/10&11 1/8 GT11-HLS
RBL,BRAKE LINING,TATA,"909",FR & RR 12 HOLES,HF7,"2MM",RBL,RBL/T909-EX1-2MM
KSPG,CONNECTING BEARING,TATA,NANO,NANO,"",STD,KSPG,B.153.0.00.003
KAR VALVES,VALVE,TOYOTA,QUALIS,EURO II,"",STD,KAR VALVES,KV1289-290
RBL,BRAKE LINING,BHARAT BENZ,BENZ (25T),FR & RR 12 HOLES,R1203HLS,"1MM",RBL,RBL/RB/T/1 (25T) 1MM
TALBROS QHT,TIE ROD,EICHER,"10.5",TIE ROD END,"","",TALBROS QHT,TRE10009PR
KSPG,CAM BUSH,TATA,"1612(697)","1612(697)","",STD,KSPG,C.217.7.00.003
KAR VALVES,VALVE,HMT,ZETOR,"7511","",STD,KAR VALVES,KV1997-998
BANCO,GASKETS,MAHINDRA TRACTOR,INTERNATIONAL B275,HLT,WATER PUMP SET,"",BANCO,"5658434400HLT"
TALBROS,GASKETS,ASHOK LEYLAND,HINO (NON TURBO),HEAD GASKET,EXCEL,"",TALBROS,"3078DSNA"
KAR VALVES,VALVE,TATA,CUMMINS,BS III,"","10",KAR VALVES,KV182110-82210
KAR VALVES,VALVE,TATA,INDICA,DICOR 2.2,"",STD,KAR VALVES,KV1127-128
TALBROS,TAPPET COVER,TATA,"1612","","","",TALBROS,"9915X"
KSPG,MAIN BEARING,KIRLOSKAR,RA3,RA3,"","40",KSPG,M.038.4.01.043
KSPG,MAIN BEARING,ASHOK LEYLAND,DOST,DOST,"","10",KSPG,M.298.0.00.013
LEYPARTS,ENGINE,ASHOK LEYLAND,"",BSIII/BSIV,OIL PUMP,"",LEYPARTS,B8762201
BANCO,GASKETS,TATA,ACE,BAF,HEAD GASKET,"",BANCO,"5220200020BAF"
RBL,DISCPAD,TOYOTA,ALTIS,"","","",RBL,RBL/PDP/529
KSPG,MAIN & CR BRG,MARUTI,"800 (CAR)","800 (CAR)","","60",KSPG,P.110.3.00.063
TIGER POWER,CYLINDER LINER,TATA,"1612(97MM)",PRE FINISHED,THICK COLLAR (BS3) MOLYGOLD,STD,TIGER POWER,K2007601762
TALBROS,GASKETS,PERKINS,P3,HALF GASKET,DYNA SEAL,"",TALBROS,HSIA467
TIGER POWER,CYLINDER LINER,TATA,"1612(97MM)",PRE FINISHED,THICK COLLAR (BS3),"20TH",TIGER POWER,K2007601861
IPL,PISTON SET,ASHOK LEYLAND,LEYLAND,"370","","",IPL,"602-13058W-STD"
BANCO,GASKETS,SIMPSON,P4,HLT,TIMING COVER,"",BANCO,"5440517310HLT"
GOETZE,PISTON SET,EICHER,CANTER ,EURO IV,"","",GOETZE,"04824PPCSD0000C1"
LEYPARTS,DRIVE LINE,ASHOK LEYLAND,"","90-SERIES (30 TEETH)",TUBE SHAFT,"",LEYPARTS,P4501733
BANCO,GASKETS,TATA,"1210",COPPER,CUT TYPE WASHER,"",BANCO,"522064W310CU"
RBL,BRAKE SHOE,MARUTI,OMNI,"","","",RBL,RBL/BS/003
TALBROS,GASKETS,TATA,"1612",FULL GASKET,DYNA SEAL,"",TALBROS,FS728DSXTCCTCSMK2
RBL,BRAKE LINING,ASHOK LEYLAND,IVECO 9 TONS,FR & RR 12 HOLES,"242",STD,RBL,AL/TP/SM/6 STD (242)
KSPG,THRUST WASHER,TATA,INDICA,"","",STD,KSPG,PW.119.5.00.003
BANCO,GASKETS,MAHINDRA TRACTOR,"575 DI (4CYL.)",W/O CHG AST,FULL GASKET,"",BANCO,"5658469900AST"
BANCO,GASKETS,ASHOK LEYLAND,HINO NONTURBO,HLT,CHAMBER PACKING,"",BANCO,"5360701000HLT"
TALBROS,GASKETS,TATA,INDICA,FULL GASKET,DYNA SEAL,"",TALBROS,FS3085DSXWOC
LEYPARTS,GASKETS,ASHOK LEYLAND,"",JOINT COVER PLATE,JOINT COVER PLATE,"",LEYPARTS,F1769600
TALBROS,GASKETS,TATA,"1109",FULL GASKET,DYNA SEAL,"",TALBROS,FS1109SBGTCCSMK1
IPL,PISTON SET,TATA,CUMMINS,BS III,"","",IPL,"602-K13417W-STD"
RBL,BRAKE LINING,ASHOK LEYLAND,"6 INCHES",REAR 8 HOLES,HF7,STD,RBL,RW/19/20/1 STD HF7
RBL,DISCPAD,HYUNDAI,VERNA FRONT & I20,"","","",RBL,RBL/DP/043
TALBROS QHT,TIE ROD,TATA,"609/709",TIE ROD END (RH),"","",TALBROS QHT,TRE01030RH
TALBROS,GASKETS,ASHOK LEYLAND,"402/411",HEAD GASKET,DYNA SEAL,"",TALBROS,"390DSXE"
BANCO,GASKETS,ASHOK LEYLAND,"401/402",HLT,PINION GASKET,"",BANCO,"5360688300HLT"
KSPG,MAIN BEARING,TATA,ACE DICOR,ACE DICOR,"",STD,KSPG,M.186.3.00.003
TIGER POWER,VALVE,TATA,"1312","","",STD,TIGER POWER,V2007600160
IPL,PISTON SET,ASHOK LEYLAND,HINO,BS III ( A PLAT FORM),"","",IPL,"602-k13418W-STD"
TALBROS,GASKETS,HYUNDAI,I10,FULL GASKET,DYNA SEAL,"",TALBROS,FS3182WOCS
BANCO,GASKETS,MAHINDRA TRACTOR,INTERNATIONAL B275,PQB,PTO SHAFT GASKET,"",BANCO,"5658437500PQB"
RBL,BRAKE LINING,ASHOK LEYLAND,"7 INCHES",REAR 10 HOLES,HF7,"1/8",RBL,AL/TP/SM/3&4 1/8 HF7
BANCO,GASKETS,MAHINDRA TRACTOR,INTERNATIONAL B275,PQB,HYDRAULIC LIFTCOVER,"",BANCO,"5658433900PQB"
KSPG,MAIN BEARING,MAHINDRA,BOLERO,XD3P,"","10",KSPG,M.239.3.00.013
RBL,BRAKE LINING,TATA,"1009",FR & RR 12 HOLES,HF7,STD,RBL,RBL/T1009TT/1 STD HF7
SETCO,FLYWHEEL,BHARAT BENZ,"430DIA","160T","","",SETCO,SF-2006
KSPG,CONNECTING BEARING,ASHOK LEYLAND,LEYLAND,LEYLAND 370,"","40",KSPG,B.205.3.09.043
KSPG,CONNECTING BEARING,TATA,"1612(697)","1612(697)","",STD,KSPG,B.217.3.00.003
KSPG,CONNECTING BEARING,ESCORT FORD,ESCORT FORD,ESCORT FORD,"",STD,KSPG,B.302.3.00.003
KSPG,MAIN BEARING,TATA,"1210","1210","","20",KSPG,M.207.3.02.023
KAR VALVES,VALVE,RENAULT,KWID,"800 /1000 CC","",STD,KAR VALVES,KV1277-278
KSPG,CONNECTING BEARING,MAHINDRA,HAWK,HAWK,"",STD,KSPG,B.274.7.00.003
KSPG,MAIN & CR BRG,MARUTI,ASTAR/ZEN ESTILO/ALTO K10,ASTAR/ZEN ESTILO/ALTO K10,"","10",KSPG,P.165.0.00.013
IPL,VALVE,ASHOK LEYLAND,HINO,"6D ( NON TURBO)","",STD,IPL,"712-VL10401"
SVL,UJ KIT,"","","","","",SVL,LU32UTT02000
LEYPARTS,COOLING SYSTEM,ASHOK LEYLAND,"",ECOMET (HOSE ASSY),HOSES,"",LEYPARTS,B1405801
IPL,PISTON RING SET,ASHOK LEYLAND,HINO,"6 DTI THICK RING","","",IPL,"642-9620Q-STD"
SETCO,FLYWHEEL,ASHOK LEYLAND,ECOMET,"126T","","",SETCO,SF-5006
TALBROS QHT,TIE ROD REPAIR KIT,ASHOK LEYLAND,TAURUS TIPPER (FA90),"","","",TALBROS QHT,TRK07015
KSPG,MAIN BEARING,MAHINDRA,MAXIMO,MAXIMO,"",STD,KSPG,M.166.0.00.003
TALBROS QHT,TIE ROD,ASHOK LEYLAND,TAURUS TIPPER (FA90),TIE ROD END RH,"","",TALBROS QHT,TRE07015R
TALBROS,GASKETS,TATA,"407",HALF GASKET,DYNA SEAL,"",TALBROS,HS3045DSXCT
BANCO,GASKETS,ASHOK LEYLAND,"680/690",HLT,CHAMBER PACKING,"",BANCO,"5360661000HLT"
RBL,DISCPAD,TATA,TIAGO,"","","",RBL,RBL/PDP/536
SVL,UJ KIT,MAHINDRA,JEEP,"","","",SVL,VDUJ0505L83
BANCO,GASKETS,TATA,"709 / 1109 TURBO",RCC,CHAMBER PACKING,"",BANCO,"5220491080RCC"
BANCO,GASKETS,TATA,SUPER TURBO,MLS(STEEL),HALF GASKET,"",BANCO,"5220839800MLS"
TRUCKPARTS-COOLANT,COOLANT,"","",RED (1:9),"","3LTR",TRUCKPARTS-COOLANT,SC-30-R
BANCO,GASKETS,MARUTI,K SERIES,BANKITE,FULL GASKET,"",BANCO,"52311899PSBKT"
RBL,BRAKE LINING,SWARAJ MAZDA,SML (OLD),SML (OLD),"242","",RBL,BT/R307/B 1/16 (242)
IPL,PISTON RING SET,TATA,ACE,ACE,"","",IPL,"642-K6234VQ/2-STD"
TIGER POWER,CYLINDER LINER,TATA,"1612(97MM)",PRE FINISHED,THICK COLLAR (BS3),STD,TIGER POWER,K2007601761
KSPG,CONNECTING BEARING KIT,MARUTI,SWIFT DIESEL,SWIFT DIESEL,"","20",KSPG,P.131.0.00.023
BANCO,GASKETS,MARUTI,GYPSY,BHR,HEAD GASKET,"",BANCO,"5231260000BHR"
TALBROS,GASKETS,ASHOK LEYLAND,HINO,FULL GASKET,EXCEL,"",TALBROS,FS3118DSXNA
BANCO,GASKETS,MAHINDRA TRACTOR,"575 DI (4CYL.)",PQB,DRUM GASKET,"",BANCO,"5658464000PQB"
KSPG,CONNECTING BEARING,TATA,"1612(697)","1612(697)","","50",KSPG,B.217.3.00.053
KSPG,MAIN BEARING KIT,MARUTI,"800 (CAR)","800 (CAR)","","50",KSPG,P.110.3.30.053
BANCO,GASKETS,HYUNDAI,Santro Xing Erlx,MLS(STEEL),HEAD GASKET,"",BANCO,"5224230000MLS"
BANCO,GASKETS,ASHOK LEYLAND,"680/690",RC,VALVE COVER,"",BANCO,"5360661500RC"
BIMETAL,CONNECTING BEARING,TATA,CUMMINS,CUMMINS (REG),"",STD,BIMETAL,CS 5217 STD
TIGER POWER,CYLINDER LINER,ASHOK LEYLAND,HINO,PRE FINISHED,Z PLUS,STD,TIGER POWER,K2009504660
TIGER POWER,CYLINDER LINER,TATA,CUMMINS,PRE FINISHED,COLLAR,STD,TIGER POWER,K2005500966
KSPG,MAIN BEARING,TATA,INDICA,INDICA,"","20",KSPG,M.119.3.00.023
BANCO,GASKETS,MARUTI,ZEN/ESTEEM,RC,CHAMBER PACKING,"",BANCO,"5231281000RC"
IPL,PISTON SET,ASHOK LEYLAND,LEYLAND,"400","","",IPL,"602-13066W-STD"
LEYPARTS,DRIVE LINE,ASHOK LEYLAND,"","170-SERIES (D155) 4 HOLES",FLANGE YOKE,"",LEYPARTS,P4503432
BANCO,GASKETS,MASSEY FERGUSON,"25 DI",BANKITE,FULL GASKET,"",BANCO,"51241299PSBKT"
IPL,PISTON SET,EICHER,CANTER,E483 NA,"","",IPL,"602-12297WLC-STD"
TALBROS,GASKETS,MAHINDRA,"575",FULL GASKET,DYNA SEAL,"",TALBROS,FS3070DSX
RBL,DISCPAD,TOYOTA,ETIOS,"","","",RBL,RBL/DP/025
IPL,PISTON RING SET,TATA,INDIGO DICOR,INDIGO DICOR (1.4),"","",IPL,"642-6232VQY-STD"
BANCO,GASKETS,MARUTI,ALTO LX/800,BANKITE,HEAD GASKET,"",BANCO,"52311300PSBKT"
KAR VALVES,VALVE,SWARAJ,SWARAJ,"735 XM","",STD,KAR VALVES,KV1713-714
KAR VALVES,VALVE,ASHOK LEYLAND,LEYLAND,"690","",STD,KAR VALVES,KV1379-380
LEYPARTS,SUSPENSION,ASHOK LEYLAND,"",LH,TIE ROD END,"",LEYPARTS,P2665139
USHA,PISTON SET,TATA,"697 (CMVR)","697(CMVR)","","",USHA,"273 RCP"
TALBROS,GASKETS,PERKINS,P6,FULL GASKET,DYNA SEAL,"",TALBROS,FSIA122MK1
KAR VALVES,VALVE,ESCORT FORD,F.TRACTOR FT 45/6,F.TRACTOR FT 45/6,"",STD,KAR VALVES,KV16773-6783
LEYPARTS,ENGINE,ASHOK LEYLAND,"","6 PLATES",OIL COOLER,"",LEYPARTS,X7487000
RBL,BRAKE LINING,ASHOK LEYLAND,"7 INCHES",REAR 10 HOLES,HF7i,"1/16",RBL,AL/TP/SM/3&4 1/16 HF7i
LEYPARTS,HUB,ASHOK LEYLAND,"",GREASING KIT,GREASING KIT,"",LEYPARTS,P5104182
TALBROS,GASKETS,TATA,"497",FULL GASKET,MLS ( STEEL),"",TALBROS,FS1109MLS
BANCO,GASKETS,SIMPSON,P6,COPPER / NON ASBESTOS,HEAD GASKET,"",BANCO,"5440530001CAC"
KAR VALVES,VALVE,BAJAJ,COMPACT,BS II,"",STD,KAR VALVES,KV1187-188
IPL,PISTON RING SET,KIRLOSKAR,"4R 1040 NA","4R 1040 NA","","",IPL,"642-8334V-STD"
LEYPARTS,GEARBOX,ASHOK LEYLAND,"","",OIL SEAL,"",LEYPARTS,FA600250
IPL,PISTON SET,TOYOTA,QUALIS,EURO I,"","",IPL,"602-12489W-STD"
TIGER POWER,CYLINDER LINER,CHEVROLET,TAVERA,PRE FINISHED,"3C",STD,TIGER POWER,K2004100660
KSPG,CONNECTING BEARING,TATA,"1612(697)","1612(697)","","30",KSPG,B.217.4.00.033
BANCO,GASKETS,CHEVROLET,ENJOY PETROL (4 CYL),RUB,VALVE COVER,"",BANCO,"5340251500RUB"
BIMETAL,MAIN BEARING,ASHOK LEYLAND,HINO,HINO (REG),"","20",BIMETAL,MS 476 020
SETCO,BRAKE LINING,TATA,PRIMA/BENZ,FRONT & REAR 12HOLES,"",STD,SETCO,SL-XP-PRIMA/12 (STD.)
KSPG,CONNECTING BEARING,TATA,"1612(697)","1612(697)","","50",KSPG,B.217.4.00.053
KSPG,CONNECTING BEARING,EICHER,CANTER,CANTER,"","10",KSPG,B.235.4.00.013
RBL,BRAKE SHOE,TOYOTA,INNOVA,"","","",RBL,RBL/BS/009
TIGER POWER,CYLINDER LINER,TATA,PRIMA,SEMI FINISHED,"107MM",STD,TIGER POWER,K2001401260
IPL,KITSET,MAHINDRA,MDI 3200,MDI 3200,"","",IPL,"622-113826192V/1-STD"
TALBROS,GASKETS,ASHOK LEYLAND,HINO (TURBO),HALF GASKET,DYNA SEAL,"",TALBROS,HS3088DS
BANCO,GASKETS,MAHINDRA,XDP 3,BHR,HALF GASKET,"",BANCO,"55803998PSBHR"
BANCO,GASKETS,MASSEY FERGUSON,MF 135,COPPER / NON ASBESTOS,HALF GASKET,"",BANCO,"5124229809CAC"
LEYPARTS,GEARBOX,ASHOK LEYLAND,"","5S-6S SPEED GB",SYNCHRO KIT,"",LEYPARTS,P5103974
BIMETAL,MAIN BEARING,TATA,"407","407","","20",BIMETAL,MS 288 020
TALBROS QHT,TIE ROD,ASHOK LEYLAND,U TRUCK,TIE ROD END (RH),"","",TALBROS QHT,TRE07046L
RBL,BRAKE LINING,MAHINDRA,BOLERO,BOLERO,"262",Jan-16,RBL,RBL/MARSHALL/TX/L&S (WR) 1/16 RD3205M
KSPG,MAIN BEARING,MAHINDRA,ARJUN TRACTOR,ARJUN TRACTOR,"","20",KSPG,M.333.3.00.023
KSPG,MAIN BEARING,MAN FORCE,MAN FORCE,MAN FORCE,"",STD,KSPG,M.384.4.00.003
LEYPARTS,ENGINE,ASHOK LEYLAND,"",AL BSII,VALVE,"",LEYPARTS,P3125951
KSPG,CONNECTING BEARING,TATA,"1612(697)","1612(697)","",STD,KSPG,B.217.4.00.003
BANCO,GASKETS,FORD TRACTOR,POWERTRAC - 340,BANKITE,HEAD GASKET,"",BANCO,"5352140000BKT"
GOETZE,PISTON SET,TATA,CUMMINS,BSIII,"","",GOETZE,"05815PPCSDCG00C1"
KSPG,CONNECTING BEARING,MARUTI,"800 (CAR)","800 (CAR)","",STD,KSPG,B.165.0.20.003
TIGER POWER,CYLINDER LINER,TATA,"407",SEMI FINISHED,THICK COLLAR (BS3),"20TH",TIGER POWER,K2007000960
LEYPARTS,GEARBOX,ASHOK LEYLAND,"","3 & 4 - 54t",CLUTCH BODY,"",LEYPARTS,F1612811
KSPG,CONNECTING BUSH,MAHINDRA,PEUGEOT,PEUGEOT,"","",KSPG,S.221.5.00.813
KSPG,MAIN BEARING,SIMPSON,P4,P4,"","30",KSPG,N.211.5.00.033
BANCO,GASKETS,MAHINDRA TRACTOR,INTERNATIONAL B275,TFX,CRANK CASE FRONT COVER,"",BANCO,"5658433600TFX"
BANCO,GASKETS,MARUTI,ZEN/ESTEEM,BHR,FULL GASKET,"",BANCO,"52312899PSBHR"
BANCO,GASKETS,TATA,"1613(697) TURBO",HLT,TIMING COVER,"",BANCO,"5220703600HLT"
RBL,DISCPAD,MAHINDRA,SCORPIO,"","","",RBL,RBL/DP/053
KSPG,MAIN BEARING,EICHER,CANTER,CANTER,"","10",KSPG,M.235.4.00.013
KSPG,CONNECTING BEARING,BAJAJ,OX-45,OX-45,"","20",KSPG,B.341.3.00.023
LEYPARTS,SENSORS,ASHOK LEYLAND,"",PROXMITY SENSOR,PROXMITY SENSOR,"",LEYPARTS,FF403400
TALBROS,GASKETS,TATA,"407",FULL GASKET,DYNA SEAL,"",TALBROS,FS3045DSXCTCS
KSPG,MAIN BEARING,TATA,SUMO,SUMO(4DL),"","20",KSPG,M.234.3.00.023
BANCO,GASKETS,MARUTI,CAR,HLT,CARBURETTOR KIT,"",BANCO,"523111CO10HLT"
RBL,BRAKE LINING,SWARAJ MAZDA,SML(OLD),SML (OLD),"242",Jan-32,RBL,BT/R307/B 1/32 (242)
BANCO,GASKETS,SIMPSON,S3/241,PQB,FULL GASKET,"",BANCO,"54401899GPQB"
KSPG,CONNECTING BEARING,BAJAJ,OX-45,OX-45,"",STD,KSPG,B.341.3.00.003
LEYPARTS,GEARBOX,ASHOK LEYLAND,"","1&2",SYNCHRO GEAR,"",LEYPARTS,F1600210
SETCO,BRAKE LINING,ASHOK LEYLAND,"5 INCHES",FRONT 10 HOLES,SM,"1/16",SETCO,SL-XP-AL/TP/SM/1&2 (OS-2)
BANCO,GASKETS,TATA,INDICA,SAS,SILENCER PACKING,"",BANCO,"5220423000SAS"
IPL,PISTON SET,TOYOTA,INNOVA,INNOVA,"","",IPL,"602-12540W-STD"
BANCO,GASKETS,MAHINDRA TRACTOR,"265/275 DI (3 CYL)",MVR,VALVE COVER,"",BANCO,"5658151520MVR"
KSPG,MAIN & CR BRG,CHEVROLET,TAVERA,TAVERA,"","10",KSPG,P.154.0.00.013
IPL,PISTON SET,KIRLOSKAR,"4R 1040 TA","4R 1040 TA","","",IPL,"602-13243W-STD"
TRUCKPARTS-COOLANT,COOLANT,"","",RED (1:3),"","1LTR",TRUCKPARTS-COOLANT,SC-NC10R
BANCO,GASKETS,MAHINDRA TRACTOR,"225 DI (2CYL)",BANKITE,FULL GASKET,"",BANCO,"56581199PSBKT"
BANCO,GASKETS,TATA,"1210",RC,PUSH ROAD CHAMBER COVER,"",BANCO,"5220622009RC"
KSPG,CONNECTING BEARING,TATA,"1210","1210","","50",KSPG,B.207.3.00.053
TALBROS,GASKETS,FORD TRACTOR,"3000/3600",FULL GASKET,DYNA SEAL,"",TALBROS,FS2A658XSBWOS
KAR VALVES,VALVE,INDUSTRIAL-CUMMINS,"3924492-C SERIES","3924492-C SERIES","",STD,KAR VALVES,KV1251-2V
BANCO,GASKETS,MAHINDRA TRACTOR,"265/275 DI (3 CYL)",RC,CHAMBER PACKING,"",BANCO,"5658151000RC"
TALBROS,GASKETS,FORD,FIESTA,FULL GASKET,DYNA SEAL,"",TALBROS,FS3205WOCS
IPL,PISTON RING SET,SIMPSON,S4,"3RV","","",IPL,"642-9544V/4-STD"
USHA,PISTON SET,TATA,"609/709","609/709","","",USHA,"261 RCP"
LEYPARTS,ENGINE,ASHOK LEYLAND,"","4CYL (BSII/BSIII/BSIV)",OIL PUMP,"",LEYPARTS,B8255001
LEYPARTS,FILTERS,ASHOK LEYLAND,"",WITH OUT SENSOR (BSIV),WATER SEPRATOR,"",LEYPARTS,PHJ00004
LEYPARTS,FILTERS,ASHOK LEYLAND,"",BSIII/BSIV,PRE FUEL FILTER,"",LEYPARTS,FHJ01000
KAR VALVES,VALVE,CATERPILLAR,"3412","1220322 FP","",STD,KAR VALVES,KV1963-2V
TALBROS,GASKETS,PERKINS,P3,FULL GASKET,DYNA SEAL,"",TALBROS,FSIA467
KSPG,THRUST WASHER,TATA,INDICA,"","","6",KSPG,PW.119.5.00.963
KSPG,CONNECTING BUSH,TATA,"1612(697)","","",OS1,KSPG,PS.217.5.00.813
KSPG,IG BUSH,ASHOK LEYLAND,LEYLAND 370,"","",STD,KSPG,G.205.5.00.003
IPL,VALVE,TATA,CUMMINS,BS III,"","3",IPL,"712-VT10212-003"
RBL,BRAKE LINING,MAHINDRA,BOLERO,BOLERO,"262",STD,RBL,RBL/MARSHALL/TX/L&S (WR) STD RD3205M
TALBROS,GASKETS,TATA,"609/709/1109",HEAD GASKET,DYNA SEAL,"",TALBROS,"609DSXTC"
KSPG,MAIN BEARING,TATA,"709","709","","40",KSPG,M.254.4.00.043
KSPG,MAIN & CR BRG,TOYOTA,QUALIS,QUALIS,"","20",KSPG,P.140.0.00.023
BANCO,GASKETS,ZETROR,SUPER 50 HP,BANKITE,HEAD GASKET,"",BANCO,"5641520012BKT"
KSPG,MAIN BEARING,ESCORT FORD,ESCORT FORD,ESCORT FORD,"",STD,KSPG,N.302.3.00.003
BANCO,GASKETS,SIMPSON,P4,BANKITE,MANIFOLD,"",BANCO,"5440510310BKT"
IPL,PISTON RING SET,FIAT,"1.3 SDE","1.3 SDE","","",IPL,"642-3157QY/4-STD"
SPICER,DIFFERENTIAL,ASHOK LEYLAND,INNER OILSEAL,"","","",SPICER,SAOS2149IB
LEYPARTS,CABLES,ASHOK LEYLAND,"","912- ECOMET",ACCELEATOR CABLE,"",LEYPARTS,F8268800
KSPG,MAIN BEARING,ASHOK LEYLAND,LEYLAND,LEYLAND 370,"",STD,KSPG,M.205.3.09.003
BANCO,GASKETS,ASHOK LEYLAND,DOST,MLS(STEEL),HALF GASKET,"",BANCO,"5360259800MLS"
LEYPARTS,GEARBOX,ASHOK LEYLAND,"",SPIGOT BRG MAINSHAFT,BEARINGS,"",LEYPARTS,F0254010
RBL,BRAKE LINING,ASHOK LEYLAND,ECOMET 1112,REAR 16 HOLES,RAF7,Jan-32,RBL,RBL/ECOMET/1112/2 1/32 RAF7
TALBROS,OIL SUMP,TATA,"407","","","",TALBROS,CSS26028SAN
BANCO,GASKETS,MARUTI,GYPSY,SBS,HEAD GASKET,"",BANCO,"5231263000SBS"
IPL,CYLINDER LINER,MAHINDRA,AVL,AVL,"","",IPL,"672-L2181"
TALBROS,GASKETS,TATA,"1612",HEAD GASKET,EXCEL,"",TALBROS,"728DSXNAPTC"
BANCO,GASKETS,ASHOK LEYLAND,"370/411/412 BS II",TFX,GEAR BOX KIT,"",BANCO,"5360639602TFX"
LEYPARTS,GEARBOX,ASHOK LEYLAND,"","8S-9S GB",SELECTOR REPAIR KIT,"",LEYPARTS,P5104355
TIGER POWER,CYLINDER LINER,TATA,"1612(97MM)",SEMI FINISHED,THICK COLLAR (BS3),"40TH",TIGER POWER,K2007601361
BANCO,GASKETS,FORD TRACTOR,FARM TRAC 60 (AVL ENGINE),BAF,HEAD GASKET,"",BANCO,"53522300PSBAF"
KAR VALVES,VALVE,MAHINDRA,AVL/DI,AVL/DI,"",STD,KAR VALVES,KV1701-702A
BANCO,GASKETS,TATA,"709 NON TURBO",BANKITE,HALF GASKET,"",BANCO,"52204798PSBKT"
RBL,BRAKE LINING,ASHOK LEYLAND,"8 INCHES",REAR 10 HOLES,GT11 HLS,Jan-32,RBL,AL/TP/HLP/A/10&11 1/32
SETCO,UJCROSS,EICHER,CANTER,"","","30.19X106",SETCO,SC-3001
KSPG,THRUST WASHER,ASHOK LEYLAND,LEYLAND,LEYLAND 370,"",OS1,KSPG,W.205.5.00.423
KSPG,MAIN BEARING,ASHOK LEYLAND,LEYLAND,LEYLAND 370,"","40",KSPG,M.205.4.09.043
BANCO,GASKETS,VOLKSWAGEN,POLO,MLS(STEEL),HEAD GASKET,"",BANCO,"5233120000MLS"
IPL,VALVE,TATA,CUMMINS,BS III,"","5",IPL,"712-VT10212-005"
BANCO,GASKETS,MARUTI,VAN,BANKITE,FULL GASKET,"",BANCO,"52311299PSBKT"
KSPG,CAM BUSH,TATA,"407","407","",STD,KSPG,C.236.7.00.703
KSPG,MAIN BEARING,SIMPSON,P4,P4,"",STD,KSPG,N.211.5.00.003
KSPG,THRUST WASHER,MARUTI,"800 (CAR)","","","0.125",KSPG,PW.110.5.00.413
BANCO,GASKETS,MARUTI,CAR/VAN,SYR,PUMP CASE,"",BANCO,"5231115900SYR"
KAR VALVES,VALVE,SWARAJ,"755FE/KIR.RB01","755FE/KIR.RB01","",STD,KAR VALVES,KV1803-804
KSPG,CONNECTING BEARING,MARUTI,WAGONR,"4CYL","","20",KSPG,B.135.0.00.023
KAR VALVES,VALVE,FORD,"3600","3600","","",KAR VALVES,KV16930-6940
LEYPARTS,COOLING SYSTEM,ASHOK LEYLAND,"",RADIATIOR HOSE KIT E3,HOSES,"",LEYPARTS,P5103908
SETCO,CLUTCH RELEASE BEARING,ASHOK LEYLAND,"15INCHES  2516/BOSS TRUCK","","","",SETCO,SCRB-5006
TIGER POWER,CYLINDER LINER,TATA,"609/709",PRE FINISHED,THICK COLLAR (BS3),STD,TIGER POWER,K2007601795
KAR VALVES,VALVE,TATA,CUMMINS,CNG-278601999,"",STD,KAR VALVES,KV1791-792
TRUCKPARTS-COOLANT,COOLANT,"","",GREEN (1:9),"","1/2 LTR",TRUCKPARTS-COOLANT,SC-05 1/2 LTR
RBL,BRAKE LINING,ASHOK LEYLAND,"7 INCHES",REAR 16 HOLES,HF7,STD,RBL,AL/TP/AA/3&4 STD
KAR VALVES,VALVE,GENERAL MOTORS(GM),GENERAL MOTORS(GM),GENERAL MOTORS(GM),"",STD,KAR VALVES,KV1317-318
BANCO,GASKETS,MASSEY FERGUSON,MF 135,TFX,CARRIER UNIT GASKET,"",BANCO,"5124237310TFX"
BANCO,GASKETS,MAHINDRA,PEUGEOT XDP-4,SAL,HEAD GASKET,"",BANCO,"55803300PSSAL"
RBL,BRAKE LINING,ASHOK LEYLAND,"7 INCHES",REAR 10 HOLES,HF7S,"1/32",RBL,AL/TP/SM/3&4 1/32 HF7S
BIMETAL,MAIN BEARING,TATA,"709","709","","10",BIMETAL,MS 2758 010
BIMETAL,CONNECTING BEARING,TATA,ACE,ACE,"","0.25",BIMETAL,CS 279 025
KAR VALVES,VALVE,TATA,IRIS,IRIS,"",STD,KAR VALVES,KV1471-472
BANCO,GASKETS,FORD TRACTOR,FARM TRAC 50,SAL,FULL GASKET,"",BANCO,"5352139910SAL"
GOETZE,RING SET,TATA,CUMMINS,BSII & BSIII CKS,"","",GOETZE,"5328CKS-SD"
BANCO,GASKETS,TOYOTA,QUALIS,RCS,MANIFOLD,"",BANCO,"5239290120RCS"
BANCO,GASKETS,TATA,"1613(697) TURBO",BANKITE,FULL GASKET,"",BANCO,"52207099PSBKT"
TRUCKPARTS-COOLANT,COOLANT,"","",BLUE (1:9),"","1LTR",TRUCKPARTS-COOLANT,SC-10 -B 1LTR
SETCO,BRAKE LINING,ASHOK LEYLAND,"6 INCHES",FRONT 10 HOLES,SM,STD,SETCO,SL-XP-AL/TP/SM/7&8 (STD.)
TALBROS,GASKETS,MAHINDRA,MAXIMMO,HEAD GASKET,MLS ( STEEL),"",TALBROS,MLS3136
BANCO,GASKETS,SIMPSON,S4,BANKITE,HEAD GASKET,"",BANCO,"5440290000BKT"
BANCO,GASKETS,TATA,"1210",AST,COOLING KIT,"",BANCO,"52206470WWAST"
TALBROS,GASKETS,EICHER,JUMBO (6CYL),FULL GASKET,EXCEL,"",TALBROS,FS3091DSXNA
IPL,PISTON RING SET,MAHINDRA,NAVISTAR,NAVISTAR,"","",IPL,"642-6000VY-STD"
RBL,BRAKE LINING,ASHOK LEYLAND,"6 INCHES",REAR 8 HOLES,HF7,Jan-16,RBL,RW/19/20/1 1/16 HF7
KSPG,CONNECTING BUSH,TATA,ACE,"","",STD,KSPG,S.155.5.00.703
ANHAD,HYDRAULIC JACK,"","10 TON","","","",ANHAD,"00AH110I"
BANCO,GASKETS,SIMPSON,P6,CCA,BW NO 3,"",BANCO,"544053W39CCA"
TIGER POWER,CYLINDER LINER,TATA,INDICA,SEMI FINISHED,INDICA,STD,TIGER POWER,K2001800160
LEYPARTS,SUSPENSION,ASHOK LEYLAND,"",REAR (ECOMET),ENGINE MOUNTING,"",LEYPARTS,F2606800
BANCO,GASKETS,TATA,CUMMINS BS1 / BS2,W/O VSS,FULL GASKET,"",BANCO,"5220529910BEP"
KSPG,MAIN & CR BRG,MARUTI,RITZ/SWIFT/DEZIRE,PETROL,"",STD,KSPG,P.165.0.10.003
BANCO,GASKETS,FORD TRACTOR,"3000/3600",HLT,CHAMBER PACKING,"",BANCO,"5352031003HLT"
KSPG,CONNECTING BUSH,CHEVROLET,TAVERA,TAVERA,"",STD,KSPG,S.154.5.00.703
IPL,PISTON RING SET,ASHOK LEYLAND,LEYLAND,"411/412 ACTC","","",IPL,"642-9801Q-STD"
RBL,BRAKE LINING,EICHER,Oct-90,FR & RR 12 HOLES,RD3205M,STD,RBL,RBL/EC/11-10/1 STD RD3205M
USHA,KITSET,TATA,ACE,"","","",USHA,SUPER DVM 122
RBL,DISCPAD,HYUNDAI,GRAND I10 & XCENT,"","","",RBL,RBL/DP/057
LEYPARTS,GEARBOX,ASHOK LEYLAND,"","OVER DRIVE GEAR, 19 TEETH",MAIN SHAFT GEARS,"",LEYPARTS,F8A04611
BANCO,GASKETS,TATA,"407 TURBO",BEK,HALF GASKET,"",BANCO,"52204098BEK"
RBL,BRAKE LINING,MAHINDRA,BOLERO,BOLERO,"262",Jan-16,RBL,RBL/MARSHALL/TX/L&S (WR) 1/16
LEYPARTS,GEARBOX,ASHOK LEYLAND,"","",OIL SEAL,"",LEYPARTS,FA600180
TALBROS,GASKETS,KIRLOSKAR,JCB,FULL GASKET,EXCEL,"",TALBROS,FS3087DSXNAMK2
RBL,BRAKE LINING,AMW,AMW,FRONT 10 HOLES,RAF7,Jan-16,RBL,RBL/AMW/F/1 1/16 RAF7
IPL,PISTON SET,ASHOK LEYLAND,LEYLAND,"690 (4RV)","","",IPL,"602-13203W-STD"
BANCO,GASKETS,MARUTI,ZEN/ESTEEM,BHR,HALF GASKET,"",BANCO,"52312898PSBHR"
TALBROS,GASKETS,MAHINDRA,"575",HEAD GASKET,EXCEL,"",TALBROS,"3070DSXNA"
LEYPARTS,GEARBOX,ASHOK LEYLAND,"",S5/S6/8 50 GEAR BOX,PACKING,"",LEYPARTS,P2603017
TALBROS,GASKETS,MAHINDRA,"265",HEAD GASKET,DYNA SEAL,"",TALBROS,"3069DSX"
KSPG,MAIN & CR BRG,TOYOTA,QUALIS,QUALIS,"",STD,KSPG,P.140.0.00.003
GOETZE,PISTON SET,ASHOK LEYLAND,HINO,"6ETI EII","","",GOETZE,"07041PPCSD0000C1"
KSPG,MAIN BUSH,TATA,IRIS/ZIP,IRIS/ZIP,"",STD,KSPG,L.420.5.00.703
KSPG,CONNECTING BUSH,TATA,SUMO,SUMO(4DL),"",STD,KSPG,S.234.5.00.703
LEYPARTS,CLUTCH,ASHOK LEYLAND,"","15INCHES,FAN TYPE,1.5 SPLINE",CLUTCH PLATE,"",LEYPARTS,B1M05202
BANCO,GASKETS,ASHOK LEYLAND,"401/402",AST,GEAR BOX KIT,"",BANCO,"5360689600AST"
LEYPARTS,FILTERS,ASHOK LEYLAND,"",U TRUCK,AIR CLEAER ASSY,"",LEYPARTS,X8830400
KSPG,CONNECTING BEARING,TATA,ACE,ACE,"","10",KSPG,B.155.4.00.013
LEYPARTS,GEARBOX,ASHOK LEYLAND,"",SPINDLE,SPINDLE,"",LEYPARTS,F3330011
LEYPARTS,SUSPENSION,ASHOK LEYLAND,"",DOUBLE FLANGE METACON,ENGINE MOUNTING,"",LEYPARTS,F3W00154
SETCO,BRAKE LINING,TATA,"1510/1612","10 HOLES REAR","",STD,SETCO,SL-XP-TTS/2 (STD.)
TALBROS,GASKETS,MAHINDRA,SCORPIO,FULL GASKET,DYNA SEAL,"",TALBROS,FS3198WOCS
TIGER POWER,CYLINDER LINER,TOYOTA,INNOVA,SEMI FINISHED,INNOVA,STD,TIGER POWER,K2500900160
BANCO,GASKETS,MASSEY FERGUSON,"245/S-3/1035 DI",RC,SUMP SET,"",BANCO,"5124241400RC"
KAR VALVES,VALVE,ESCORT FORD,F.T 45/60,F.T 45/60,"","5",KAR VALVES,KV16775-6785
TALBROS,GASKETS,SWARAJ MAZDA,SWARAJ MAZDA,HEAD GASKET,DYNA SEAL,"",TALBROS,"3055DSX"
BANCO,GASKETS,FORD,FIGO / FIESTA,MLS(STEEL),FULL GASKET,"",BANCO,"5352339900MLS"
LEYPARTS,GEAR PARTS,ASHOK LEYLAND,"",BSII/BSII/BSIV,GEAR CHANGE FINGER,"",LEYPARTS,F2421411
TALBROS,GASKETS,TATA,"407",HEAD GASKET,DYNA SEAL,"",TALBROS,"27151DSNA"
RBL,DISCPAD,MARUTI,ALTO & WAGONR,"","","",RBL,RBL/DP/030
KSPG,CONNECTING BEARING,BAJAJ,OX-45,OX-45,"","30",KSPG,B.341.3.00.033
RBL,BRAKE LINING,ASHOK LEYLAND,"7 INCHES",REAR 10 HOLES,HF7,"1/32",RBL,AL/TP/SM/3&4 1/32 HF7
BANCO,GASKETS,TATA,"709 / 1109 TURBO",BEK,HALF GASKET,"",BANCO,"52204998BEK"
KSPG,CONNECTING BEARING,TATA,NANO,NANO,"","20",KSPG,B.153.0.00.023
TIGER POWER,CYLINDER LINER,TATA,SAFARI,SEMI FINISHED,DICOR,STD,TIGER POWER,K2001100560
KSPG,CONNECTING BEARING,TATA,"407","407","","30",KSPG,B.236.4.00.033
TALBROS,GASKETS,SIMPSON,S4,HEAD GASKET,DYNA SEAL,"",TALBROS,MIA1026
TALBROS,GASKETS,TATA,"697",HALF GASKET,DYNA SEAL,"",TALBROS,HS728DSXTC
LEYPARTS,GEARBOX,ASHOK LEYLAND,"","1 & 2, 51T, 9 SPEEED",CLUTCH BODY,"",LEYPARTS,F1665411
KAR VALVES,VALVE,MARUTI,ESTEEM,MPFI,"",STD,KAR VALVES,KV1297-298
KSPG,CONNECTING BEARING,MARUTI,ZEN/EECO,ZEN/EECO,"","20",KSPG,B.116.0.00.023
BANCO,GASKETS,HYUNDAI,I 10 ERA,MLS(STEEL),FULL GASKET,"",BANCO,"5224299900MLS"
KSPG,MAIN BEARING,SIMPSON,AD3152,AD3152,"","20",KSPG,M.218.3.00.023
KSPG,MAIN BEARING,MAHINDRA,BOLERO,XD3P,"","20",KSPG,M.239.3.00.023
SETCO,FLYWHEEL,ASHOK LEYLAND,"15INCHES","136T","","",SETCO,SF-5014
SETCO,BRAKE LINING,TATA,"1510/1612","10 HOLES FRONT","",STD,SETCO,SL-XP-TTS/1 (STD.)
LEYPARTS,CLUTCH,ASHOK LEYLAND,"","15INCHES, BSIII",FLYWHEEL ASSY,"",LEYPARTS,B3F12101
BANCO,GASKETS,ASHOK LEYLAND,HINO NONTURBO,SAR,FULL GASKET,"",BANCO,"53607099PSSAR"
TALBROS,GASKETS,ASHOK LEYLAND,AL BS II,HEAD GASKET,DYNA SEAL,"",TALBROS,"3104DSX"
BANCO,GASKETS,SIMPSON,S3/241,GAF,HEAD GASKET,"",BANCO,"5440200000GAF"
LEYPARTS,COOLING SYSTEM,ASHOK LEYLAND,"",FUEL HOSE (BSII/BSIII),HOSES,"",LEYPARTS,F1939660
KAR VALVES,VALVE,INDUSTRIAL-CUMMINS,"3088389","3088389","",STD,KAR VALVES,KV1800
KAR VALVES,VALVE,FORD,"3600","3600","","10",KAR VALVES,KV16970-6980
BANCO,GASKETS,MAHINDRA TRACTOR,INTERNATIONAL B275,AST,GEAR BOX KIT,"",BANCO,"5658439600AST"
BIMETAL,MAIN BEARING,ASHOK LEYLAND,LEYLAND,LEYLAND 370,"","30",BIMETAL,MS 475 030
TALBROS,GASKETS,TATA,"407",FULL GASKET,MLS ( STEEL),"",TALBROS,FS3045MLSMK2
RBL,BRAKE LINING,ASHOK LEYLAND,"7 INCHES",REAR 10 HOLES,HF7,"1/32",RBL,AL/TP/SM/3&4 1/32
TALBROS,GASKETS,CHEVROLET,TAVERA,FULL GASKET,MLS ( STEEL),"",TALBROS,FS3110MLS
USHA,PISTON RING SET,ASHOK LEYLAND,HINO,"6E/6D","","",USHA,"241 SSPR"
SVL,UJ KIT,TATA,"1109","","","",SVL,VDUJ0070L126L
TRUCKPARTS-COOLANT,COOLANT,"","",GREEN(1:4),"","1LTR",TRUCKPARTS-COOLANT,TPC4-001(1L)
KAR VALVES,VALVE,CATERPILLAR,"3412","1220321 FP","",STD,KAR VALVES,KV1964-2V
TALBROS QHT,TIE ROD,ASHOK LEYLAND,DOST,TIE ROD END,"","",TALBROS QHT,TRE07043PR
RBL,DISCPAD,MARUTI,A-STAR & EECO & VERSA,"","","",RBL,RBL/DP/035
TIGER POWER,CYLINDER LINER,ASHOK LEYLAND,"400",PRE FINISHED,EURO,"10TH",TIGER POWER,K2000200379
KSPG,CONNECTING BEARING,MARUTI,ZEN/EECO,ZEN/EECO,"","10",KSPG,B.116.0.00.013
BIMETAL,MAIN BEARING,TATA,"407","407","","10",BIMETAL,MS 288 010
TALBROS,GASKETS,KIRLOSKAR,"1040",HEAD GASKET,EXCEL,"",TALBROS,"3087DSXNAP"
LEYPARTS,GEARBOX,ASHOK LEYLAND,"",INPUT SHAFT OIL SEAL 5&6 SPEED,OIL SEAL,"",LEYPARTS,FA600150
TALBROS,GASKETS,TATA,"1612",HEAD GASKET,MLS ( STEEL),"",TALBROS,MLS728PC
LEYPARTS,GEARBOX,ASHOK LEYLAND,"","2ND GEAR -33TEETH",MAIN SHAFT GEARS,"",LEYPARTS,F1611211
RBL,BRAKE SHOE,MARUTI,WAGONR ( BI TYPE),"","","",RBL,RBL/BS/017
TALBROS,GASKETS,SONALIKA,"275DI",HEAD GASKET,EXCEL,"",TALBROS,"3089DSXNA"
KAR VALVES,VALVE,CATERPILLAR,"3306","3306","",STD,KAR VALVES,KV1942
KSPG,MAIN BEARING,SIMPSON,P6,P6,"","30",KSPG,N.212.5.00.033
LEYPARTS,FILTERS,ASHOK LEYLAND,"","1LTR (CLOTH)",DIESEL FILTER,"",LEYPARTS,F4000700
TALBROS,GASKETS,TATA,"692",HALF GASKET,DYNA SEAL,"",TALBROS,HS702DSXM
KSPG,MAIN BEARING,TATA,"1612(697)","1612(697)","","20",KSPG,M.246.3.00.023
BANCO,GASKETS,TATA,"1210",AST,OIL COOLER PACKING,"",BANCO,"5220627000AST"
SUPER PAC,GASKETS,TATA,CUMMINS BS-II,FULL GASKET,WITHOUT VALVE STEM SEALS,"",SUPER PAC,FS3156DSXNAWOS
KSPG,CONNECTING BEARING,MAHINDRA,PEUGEOT,PEUGEOT,"","30",KSPG,B.221.3.00.033
BANCO,GASKETS,TATA,ACE BSIII & IV,MLS(STEEL),HEAD GASKET,"",BANCO,"5220200000MLS"
BANCO,GASKETS,TATA,CUMMINS BS 3,BANCO EXTRA POWER,FULL GASKET,"",BANCO,"5220549920BEP"
BANCO,GASKETS,HONDA,HONDA CITY TYPE (4 CYL),MLS(STEEL),FULL GASKET,"",BANCO,"5230259900MLS"
TALBROS,GASKETS,MARUTI,WAGONR,FULL GASKET,DYNA SEAL,"",TALBROS,FS3168WOCS
IPL,PISTON RING SET,ASHOK LEYLAND,LEYLAND,"411/412 AL BS II","","",IPL,"642-9806Q-STD"
RBL,BRAKE LINING,MAHINDRA,SUPRO/JEETO,WITH RIVETS,"262","1/32",RBL,RBL/FC150/L&S (WR) 1/32 242
TIGER POWER,CYLINDER LINER,TOYOTA,QUALIS,SEMI FINISHED,MOLYGOLD,STD,TIGER POWER,K2005200168
LEYPARTS,GEARBOX,ASHOK LEYLAND,"","1ST 39T",MAINSHAFT GEAR,"",LEYPARTS,F1614711
TALBROS,GASKETS,MARUTI,ALTO,FULL GASKET,DYNA SEAL,"",TALBROS,FS3203WOCS
IPL,PISTON RING SET,ASHOK LEYLAND,LEYLAND,"370 ALFIN","","",IPL,"642-8839-STD"
BANCO,GASKETS,ASHOK LEYLAND,DOST,RUB,VALVE COVER,"",BANCO,"5360251500RUB"
KAR VALVES,VALVE,TATA,CUMMINS,BS III,"","3",KAR VALVES,KV8213-8223
IPL,PISTON RING SET,SIMPSON,S3,"5RV","","",IPL,"642-6724V-STD"
KSPG,MAIN BEARING,TATA,"407","407","","10",KSPG,M.236.3.0.013
SETCO,BRAKE LINING,EICHER,EICHER 3000 PRO,FRONT & REAR 4HOLES,"",STD,SETCO,SL-XP-EC155 (STD.)
BANCO,GASKETS,FORD TRACTOR,"3000/3600",BANKITE,HEAD GASKET,"",BANCO,"53520400PSBKT"
TALBROS QHT,BALL SUSPENSION JOINT,TATA,"1516",BALL SUSPENSION,"","",TALBROS QHT,BJ01001BRHPR
KSPG,CONNECTING BEARING,TATA,CUMMINS,CUMMINS (REG),"","20",KSPG,B.245.4.00.023
IPL,PISTON SET,SIMPSON,SAMRAT,"3RV","","",IPL,"602-12273W-STD"
LEYPARTS,ENGINE,ASHOK LEYLAND,"",HINO REG (S2),MAIN BEARING,"",LEYPARTS,P0914951
TALBROS,GASKETS,MAHINDRA,DI 3200,FULL GASKET,DYNA SEAL,"",TALBROS,FS3070MDIMK1WOC
SPICER,CENTER BEARING RUBBER,ASHOK LEYLAND,"1710 SERIES TUSKER","","","",SPICER,SDCB1710B
BANCO,GASKETS,MARUTI,ALTO 800CC,GAF,FULL GASKET,"",BANCO,"5231199900GAF"
TIGER POWER,CYLINDER LINER,ASHOK LEYLAND,HINO,PRE FINISHED,Y SLEEVE,STD,TIGER POWER,K2009501660
KSPG,CAM BUSH,MAHINDRA,SCORPIO,SCORPIO,"",STD,KSPG,C.333.5.10.703
KAR VALVES,VALVE,JCB,DIESEL MAX,DIESEL MAX,"","3",KAR VALVES,KV1175-176-3
TALBROS,GASKETS,TATA,"609/709",FULL GASKET,DYNA SEAL,"",TALBROS,FS609DSXCTCS
BANCO,GASKETS,TATA,SUMO/MOBILE/SIERA/SAFAR,BAF,HEAD GASKET,"",BANCO,"5220460016BAF"
KAR VALVES,VALVE,KOMATSU,"41Z4180357","41Z4180357","",STD,KAR VALVES,KV1865
KAR VALVES,VALVE,MARUTI,SWIFT,PETROL NEWMODEL,"",STD,KAR VALVES,KV1143-144
KSPG,MAIN BEARING,TATA,"1210","1210","","60",KSPG,M.207.3.01.063
BANCO,GASKETS,HYUNDAI,ACCENT PETROL,MLS(STEEL),HEAD GASKET,"",BANCO,"5224270000MLS"
BANCO,GASKETS,CHEVROLET,BEAT PETROL (4 CYL),RUB,VALVE COVER,"",BANCO,"5340261500RUB"
RBL,BRAKE LINING,ASHOK LEYLAND,"6 INCHES",FRONT 10 HOLES,HF7,"01-Aug",RBL,AL/TP/SM/7&8 1/8 HF7
KSPG,MAIN BEARING KIT,MARUTI,"800 (CAR)","800 (CAR)","","60",KSPG,P.110.3.30.063
LEYPARTS,FUEL INJECTION,ASHOK LEYLAND,"",HINO-E2,INJECTORS PIPE,"",LEYPARTS,B8787209
KAR VALVES,VALVE,ESCORT FORD,FAR FT45/60-15,FAR FT45/60-15,"",STD,KAR VALVES,KV167715-67815
TALBROS,GASKETS,TATA,ACE,HEAD GASKET,MLS ( STEEL),"",TALBROS,MLS3106PC
BANCO,GASKETS,MAHINDRA TRACTOR,INTERNATIONAL B275,HLT,VALVE COVER,"",BANCO,"5658434900HLT"
KSPG,MAIN BEARING,CHEVROLET,TAVERA,TAVERA,"",STD,KSPG,M.154.0.00.003
BANCO,GASKETS,BAJAJ,TEMPO/OM616/TRAX/MAX,PREMIUM RANGE,HEAD GASKET,"",BANCO,"5BEK27HG00"
TIGER POWER,CYLINDER LINER,SIMPSON,S3/MF245,SEMI FINISHED,S3/MF245,STD,TIGER POWER,K2005300160
LEYPARTS,GEARBOX,ASHOK LEYLAND,"",COUNTER SHAFT REAR (2789/2729Q),BEARINGS,"",LEYPARTS,F0P03710
SETCO,CLUTCH RELEASE BEARING,ASHOK LEYLAND,"15INCHES  TIPPER","","","",SETCO,SCRB-5005
BANCO,GASKETS,MAHINDRA TRACTOR,"225 DI (2CYL)",BANKITE,HEAD GASKET,"",BANCO,"56581100PSBKT"
BANCO,GASKETS,MASSEY FERGUSON,MF 1035,COPPER / NON ASBESTOS,FULL GASKET,"",BANCO,"5124199900CAC"
KSPG,CONNECTING BEARING,KIRLOSKAR,HA 394,HA 394,"","50",KSPG,B.073.4.00.053
TALBROS,GASKETS,TATA,"407",HALF GASKET,MLS ( STEEL),"",TALBROS,HS3045MLSMK1
RBL,BRAKE LINING,TATA,"709",FR & RR 12 HOLES,HF7,STD,RBL,RBL/T709/1 STD HF7
KAR VALVES,VALVE,KOMATSU,"30Z1180269/5","30Z1180269/5","",STD,KAR VALVES,KV1864-2V
LEYPARTS,"",ASHOK LEYLAND,"","1550 SERIES",CENTER BRACKET,"",LEYPARTS,P4500104
KSPG,CONNECTING BEARING,ASHOK LEYLAND,HINO,HINO ( EIII),"","20",KSPG,B.297.0.00.023
KSPG,MAIN BEARING,TATA,"1210","1210","","50",KSPG,M.207.3.00.053
BANCO,GASKETS,TATA,"1613(697) TURBO",MLS(STEEL),HALF GASKET,"",BANCO,"5220829800MLS"
SPICER,CLUTCH PLATE,TATA,TATA ACE NEW MODEL,"","","",SPICER,SDUJ0103L56
KSPG,MAIN BEARING,HYUNDAI,I10/I20,I10/I20,"",STD,KSPG,M.477.3.00.003
LEYPARTS,GEARBOX,ASHOK LEYLAND,"",REVERSE,SELECTOR SHAFT,"",LEYPARTS,F3309911
RBL,BRAKE LINING,MAHINDRA,TOURISTER,TOURISTER,RD3205M,"1/32",RBL,RBL/MN/1 1/32 RD3205M
TALBROS,GASKETS,TATA,SUMO,HEAD GASKET,DYNA SEAL,"",TALBROS,SS3068
BANCO,GASKETS,TATA,"1210",COPPER,NOZZLE WASHR,"",BANCO,"522062W150CU"
TALBROS,GASKETS,MARUTI,ALTO K10,FULL GASKET,EXCEL,"",TALBROS,FS3096DSXNA
RBL,BRAKE LINING,ASHOK LEYLAND,IVECO 9 TONS,FR & RR 12 HOLES,"242",Jan-32,RBL,AL/TP/SM/6 1/32 (242)
LEYPARTS,ENGINE,ASHOK LEYLAND,"","30DIA",PLUG EXPANSION,"",LEYPARTS,F3145315
BANCO,GASKETS,TATA,CUMMINS BS1 / BS2,AST,COVERSION SET WITH CHAMBER PACKING,"",BANCO,"5220529520AST"
RBL,BRAKE LINING,ASHOK LEYLAND,"5 INCHES",FRONT 10 HOLES,HF7,"1/16",RBL,AL/TP/SM/1&2 1/16 HF7
LEYPARTS,DRIVE LINE,ASHOK LEYLAND,"","90-SERIES",TUBE YOKE,"",LEYPARTS,P4500632
IPL,PISTON RING SET,SIMPSON,S3,"3RV","","",IPL,"642-9544V/3-STD"
TALBROS,GASKETS,TATA,"407",HALF GASKET,MLS ( STEEL),"",TALBROS,HS3045MLSMK2
KSPG,CONNECTING BEARING,TATA,"1612(697)","1612(697)","","60",KSPG,B.217.4.00.063
BANCO,GASKETS,SIMPSON,S3/241,PQB,FULL GASKET,"",BANCO,"5440189900PQB"
BANCO,GASKETS,ASHOK LEYLAND,HINO TURBO,MLS(STEEL) W/O VSS,FULL GASKET,"",BANCO,"5360779910MLS"
LEYPARTS,CLUTCH,ASHOK LEYLAND,"","14 INCHES,4 LEVER",PRESSURE PLATE,"",LEYPARTS,P7G00005
KSPG,MAIN BEARING,TATA,CUMMINS,CUMMINS (PRIMA),"",STD,KSPG,N.245.3.50.003
BANCO,GASKETS,TATA,ACE,SAL,HEAD GASKET,"",BANCO,"5220200016SAL"
BIMETAL,CONNECTING BEARING,TATA,"407","407","","20",BIMETAL,CS 2751 020
LEYPARTS,ENGINE,ASHOK LEYLAND,"",H SERIES,OIL SEAL KIT,"",LEYPARTS,P0996751
IPL,PISTON RING SET,ASHOK LEYLAND,HINO,BSIV 180HP,"","",IPL,"642-9211VQY/6-STD"
LEYPARTS,FILTERS,ASHOK LEYLAND,"",BSII/BSIII/BSIV,AIR CLEANER ASSY,"",LEYPARTS,F7A03500
RBL,DISCPAD,MAHINDRA,QUANTO,"","","",RBL,RBL/PDP/520
BIMETAL,CONNECTING BEARING,ASHOK LEYLAND,HINO,HINO ( EIII),"","10",BIMETAL,CS 5800 010
BANCO,GASKETS,MARUTI,ESTEEM A MAT,GAF,FULL GASKET,"",BANCO,"5231299920GAF"
BANCO,GASKETS,TATA,SUMO/MOBILE/SIERA/SAFAR,BAF,HEAD GASKET,"",BANCO,"5220460018BAF"
KSPG,CONNECTING BEARING,MAHINDRA,PEUGEOT,PEUGEOT,"","20",KSPG,B.221.3.00.023
TALBROS,GASKETS,TATA,"1613",HEAD GASKET,EXCEL,"",TALBROS,"27173DSXNA"
KSPG,MAIN & CR BRG,MARUTI,"800 (CAR)","800 (CAR)","","20",KSPG,P.110.3.00.023
IPL,CYLINDER LINER,ASHOK LEYLAND,"401","401","","",IPL,"672-L3117"
LEYPARTS,BRAKE,ASHOK LEYLAND,"","7INCHES,10HOLES, REAR (S2)",BRAKE LINING,"",LEYPARTS,PD600533
BANCO,GASKETS,TATA,"407 NON TURBO",BANKITE,FULL GASKET,"",BANCO,"52204499PSBKT"
USHA,PISTON RING SET,TATA,"697","697 MOLY GOLD","","",USHA,"236 MOLY GOLD (SSM)"
KSPG,MAIN BEARING,TATA,"709","709","",STD,KSPG,M.254.3.00.003
KSPG,MAIN BEARING,ASHOK LEYLAND,LEYLAND,LEYLAND 370,"","10",KSPG,M.205.3.09.013
TALBROS,GASKETS,MARUTI,WAGONR,HEAD GASKET,EXCEL,"",TALBROS,"3096DSXNA"
TIGER POWER,CYLINDER LINER,TATA,"1612(97MM)",SEMI FINISHED,THIN COLLAR,STD,TIGER POWER,K2007600161
TALBROS,GASKETS,ASHOK LEYLAND,HINO,HEAD GASKET,MLS ( STEEL),"",TALBROS,MLS3088MOS
BANCO,GASKETS,ASHOK LEYLAND,HINO 4D-4 CYL,SAR,HEAD GASKET,"",BANCO,"53604400PSSAR"
BANCO,GASKETS,ASHOK LEYLAND,"370/411/412 BS II",HLT,REAR AXLE PACKING,"",BANCO,"5360638209HLT"
BANCO,GASKETS,SIMPSON,EAGLE/SAMRAT,BAF,FULL GASKET,"",BANCO,"54401699PSBAF"
KSPG,MAIN BEARING,MARUTI,"1000 CC","1000CC","","20",KSPG,M.113.3.00.023
KSPG,MAIN BEARING,SIMPSON,P6,P6,"","60",KSPG,N.212.5.00.063
MAHLE,PISTON RING SET,TATA,"697 (3RV)",CHROME PREMIUM,"","",MAHLE,"770RS400830G0"
BANCO,GASKETS,JOHN DERE TRACTOR,"5038",RUB,VALVE COVER,"",BANCO,"5280221500RUB"
KSPG,CONNECTING BEARING,KIRLOSKAR,"6R 1080","6R 1080","",STD,KSPG,B.006.4.00.003
LEYPARTS,FUEL INJECTION,ASHOK LEYLAND,"",BSIII,HIGH PRESSUR PIPE KIT,"",LEYPARTS,B9290007
BIMETAL,CONNECTING BEARING,ASHOK LEYLAND,LEYLAND,LEYLAND 370,"","20",BIMETAL,CS 179 020
BANCO,GASKETS,MAHINDRA TRACTOR,INTERNATIONAL B275,RC,HYDRAULIC LIFTCOVER,"",BANCO,"5658434800RC"
LEYPARTS,BRAKE,ASHOK LEYLAND,"",REAR OUTER (580/572),HUB BEARINGS,"",LEYPARTS,F3F07700
IPL,PISTON RING SET,ASHOK LEYLAND,HINO,"6 DTI THICK RING","","",IPL,"642-9214VQY-STD"
TIGER POWER,CYLINDER LINER,HYUNDAI,SANTRO,SEMI FINISHED,XING,STD,TIGER POWER,K2003300260
TALBROS,GASKETS,TATA,ACE,HEAD GASKET,EXCEL,"",TALBROS,"3106DSXNANM3OS"
LEYPARTS,CLUTCH,ASHOK LEYLAND,"",MAJOR KIT (BSIV),LEVER KIT,"",LEYPARTS,PD600556
KSPG,CONNECTING BEARING,EICHER,CANTER,CANTER,"","30",KSPG,B.235.4.00.033
KAR VALVES,VALVE,KIRLOSKAR,KHD TRACTOR,KHD TRACTOR,"",STD,KAR VALVES,KV1709-710
BANCO,GASKETS,ASHOK LEYLAND,BS II,SAL,FULL GASKET,"",BANCO,"53607399PSSAL"
BANCO,GASKETS,MAHINDRA TRACTOR,"575 DI (4CYL.)",BANKITE,HALF GASKET,"",BANCO,"56584698PSBKT"
TALBROS,GASKETS,TATA,"407",FULL GASKET,EXCEL,"",TALBROS,FS3045DSXNATCCS
RBL,DISCPAD,MAHINDRA,BOLERO,"","","",RBL,RBL/PDP/517
KSPG,CONNECTING BEARING,TATA,SUMO,SUMO(4DL),"","20",KSPG,B.234.4.00.023
KSPG,MAIN & CR BRG,MARUTI,"800 (CAR)","800 (CAR)","","30",KSPG,P.110.3.00.033
TIGER POWER,CYLINDER LINER,BAJAJ,DIESEL,SEMI FINISHED,BS4,STD,TIGER POWER,K200080096B
KSPG,MAIN BEARING,MARUTI,ZEN/EECO,ZEN/EECO,"",STD,KSPG,M.116.0.00.003
BANCO,GASKETS,SIMPSON,EAGLE/SAMRAT,AST,CHAMBER PACKING,"",BANCO,"5440161000AST"
TALBROS,GASKETS,TATA,"1613",HALF GASKET,DYNA SEAL,"",TALBROS,HS1613SBGTCMK2
TALBROS,GASKETS,TATA,"207",FULL GASKET,DYNA SEAL,"",TALBROS,FS3068DSXWOCEM1
KSPG,MAIN BEARING,KIRLOSKAR,"6R 1080","6R 1080","","10",KSPG,M.006.4.00.013
BANCO,GASKETS,MASSEY FERGUSON,MF 135,HLT,MANIFOLD,"",BANCO,"5124220305HLT"
RBL,DISCPAD,MARUTI,DZIRE & RITZ,"","","",RBL,RBL/DP/040
BANCO,GASKETS,HMT TRACTOR,"2522 (2CYL)",BANKITE,HEAD GASKET,"",BANCO,"5641110000BKT"
BANCO,GASKETS,TATA,IRIS,BAF,HEAD GASKET,"",BANCO,"5220010015BAF"
IPL,PISTON RING SET,SIMPSON,S3,"3RV","","",IPL,"642-9596V/3"
TALBROS,GASKETS,MAHINDRA,BOLERO,FULL GASKET,DYNA SEAL,"",TALBROS,FS3101DSXWOC
KSPG,MAIN BEARING,BAJAJ,KUBOTA,KUBOTA,"",STD,KSPG,L.249.4.00.003
TRUCKPARTS-COOLANT,COOLANT,"","",RED(1:4),"","5LTR",TRUCKPARTS-COOLANT,TPC4-005(5L)-R
KSPG,CONNECTING BEARING,MARUTI,"800 (CAR)","800 (CAR)","","10",KSPG,B.110.3.00.013
LEYPARTS,GEARBOX,ASHOK LEYLAND,"","1 & 2",SYNCHRO RING,"",LEYPARTS,F1611311
KSPG,CONNECTING BEARING,TOYOTA,QUALIS,QUALIS,"",STD,KSPG,B.140.0.00.003
LEYPARTS,ENGINE,ASHOK LEYLAND,"",BSII/BSIII,THERMOSTAT,"",LEYPARTS,X7494500
TALBROS,GASKETS,TATA,SUPER ACE,FULL GASKET,DYNA SEAL,"",TALBROS,FS3160WOCS
LEYPARTS,FILTERS,ASHOK LEYLAND,"","4CYL (BSIII& BSIV)",AIR FILTER,"",LEYPARTS,P5104009
IPL,PISTON SET,CHEVROLET,BEAT DIESEL,BEAT DIESEL,"","",IPL,"602-K10516W-STD"
LEYPARTS,CLUTCH,ASHOK LEYLAND,"","330DIA (LEVER TYPE)",COVER ASSY,"",LEYPARTS,B1308103
LEYPARTS,FILTERS,ASHOK LEYLAND,"",BSII/BSIII/BSIV,WATER FILTER,"",LEYPARTS,X4000700
BANCO,GASKETS,TATA,"407 NON TURBO",BANKITE,HALF GASKET,"",BANCO,"52204498PSBKT"
BANCO,GASKETS,SIMPSON,P4,HLT,MANIFOLD,"",BANCO,"5440267010HLT"
KSPG,MAIN BEARING,MARUTI,"800 (CAR)","800 (CAR)","","30",KSPG,M.110.3.00.033
LEYPARTS,ENGINE,ASHOK LEYLAND,"",CRANKSHAFT REAR (ALBS2),OIL SEAL,"",LEYPARTS,F2718300
BANCO,GASKETS,MASSEY FERGUSON,"1040",COPPER / NON ASBESTOS,HEAD GASKET,"",BANCO,"5124210000CAC"
KSPG,THRUST WASHER,ASHOK LEYLAND,HINO,"","",STD,KSPG,PW.241.5.00.003
KSPG,THRUST WASHER,MARUTI,"800 (CAR)","800 (CAR)","",OS2,KSPG,W.110.5.00.423
TALBROS,SUMP SET,TATA,"1612","","","",TALBROS,CSS9920DS
LEYPARTS,CLUTCH,ASHOK LEYLAND,"",BOSS (BSII) 310DIA,CLUTCH PLATE,"",LEYPARTS,B1M03901
RBL,BRAKE LINING,ASHOK LEYLAND,"6 INCHES",FRONT 10 HOLES,HF7,"1/16",RBL,AL/TP/SM/7&8 1/16
SETCO,CLUTCH RELEASE BEARING,ASHOK LEYLAND,"15INCHES 8SPEED","","","",SETCO,SCRB-5007
BANCO,GASKETS,MASSEY FERGUSON,MF 135,PAP,EXHAUST PIPE,"",BANCO,"5124233110PAP"
RBL,DISCPAD,TATA,HEXA REAR,"","","",RBL,RBL/PDP/542
KSPG,CONNECTING BUSH,TATA,SUMO,SUMO(4DL),"",OS2,KSPG,PS.234.5.00.813
LEYPARTS,SUSPENSION,ASHOK LEYLAND,"",LH,BALL JOINT,"",LEYPARTS,F8350700
BANCO,GASKETS,MASSEY FERGUSON,MF 135,HLT,TIMING COVER,"",BANCO,"5124223500HLT"
BANCO,GASKETS,MARUTI,VAN,AST,CARBURETTOR KIT,"",BANCO,"523112CO10AST"
KSPG,MAIN BEARING,MAHINDRA,AVL,AVL (4CYL),"",STD,KSPG,N.320.4.00.003
BANCO,GASKETS,MAHINDRA,PEUGEOT XDP-4 MILLOR TYPE,BHR,HALF GASKET,"",BANCO,"55803598PSBHR"
LEYPARTS,CLUTCH,ASHOK LEYLAND,"","330DIA (BSIII/BSIV) ECOMET 1.25SPLINE",CLUTCH PLATE,"",LEYPARTS,B1M03402
LEYPARTS,ENGINE,ASHOK LEYLAND,"",HINO EII,WATER PUMP,"",LEYPARTS,B8791001
BANCO,GASKETS,HYUNDAI,ERNA FLUIDIC / CRETA ( 4 CYL) DIESEL 1.6,W/O CHG AST,FULL GASKET,"",BANCO,"5224339900AST"
RBL,BRAKE LINING,TATA,WTP,REAR 14 HOLES,R1203HLS,STD,RBL,RBL/WTP/2 STD -R1203-HLS
KSPG,CONNECTING BEARING,MAHINDRA,BOLERO,XD3P,"",STD,KSPG,B.239.3.00.003
BANCO,GASKETS,ASHOK LEYLAND,"370/411/412 BS II",HLT,GEAR BOX KIT,"",BANCO,"5360639602HLT"
TALBROS,GASKETS,ASHOK LEYLAND,"402/411",HEAD GASKET,DYNA SEAL,"",TALBROS,"390DSX"
TALBROS,GASKETS,ASHOK LEYLAND,HINO,HEAD GASKET,MLS ( STEEL),"",TALBROS,MLS3159
KSPG,MAIN BEARING,MARUTI,"800 (CAR)","800 (CAR)","","40",KSPG,M.110.3.00.043
RBL,DISCPAD,HONDA,AMAZE& BRIO,"","","",RBL,RBL/DP/041
KSPG,CONNECTING BUSH,FORCE,TEMPO TRAVELLER,"","",STD,KSPG,S.247.5.00.703
LEYPARTS,FUEL INJECTION,ASHOK LEYLAND,"","6DTI",SHAFT,"",LEYPARTS,X3307811
IPL,PISTON SET,ASHOK LEYLAND,HINO,BSIV 180HP,"","",IPL,"602-13486W/6-STD"
LEYPARTS,SUSPENSION,ASHOK LEYLAND,"",PAD KIT,ENGINE MOUNTING,"",LEYPARTS,P0996551
GOETZE,PISTON SET,TATA,"609/709",TC EURO I,"","",GOETZE,"04660PPCSD0000C1"
KSPG,MAIN & CR BRG,MARUTI,"800 (CAR)","800 (CAR)","",STD,KSPG,P.110.3.00.003
BANCO,GASKETS,TATA,ACE,SAL,HEAD GASKET,"",BANCO,"5220200018SAL"
KSPG,MAIN BEARING,TATA,"709","709","","20",KSPG,M.254.4.00.023
TALBROS,GASKETS,CHEVROLET,BEAT DIESEL,FULL GASKET,DYNA SEAL,"",TALBROS,FS3188WOCS
KSPG,MAIN & CR BRG,HYUNDAI,SANTRO,SANTRO,"","20",KSPG,P.152.0.00.023
BANCO,GASKETS,MASSEY FERGUSON,"245/S-3/1035 DI",COPPER / NON ASBESTOS,HEAD GASKET,"",BANCO,"5124240000CAC"
BANCO,GASKETS,FORD TRACTOR,"3000/3600",BANKITE,FULL GASKET,"",BANCO,"53520499PSBKT"
LEYPARTS,FILTERS,ASHOK LEYLAND,"",HINO E2,OIL FILTER,"",LEYPARTS,X4001000
TALBROS,MAIN OIL SEAL,ASHOK LEYLAND,HINO,"","","",TALBROS,DSNSMLH10012013V
BANCO,GASKETS,TATA,"1612",STEEL,TURBO CHARFER KIT,"",BANCO,"522069TC10ST"
KAR VALVES,VALVE,HINDUSTAN MOTORS,SUPER 50HP,SUPER 50HP,"",STD,KAR VALVES,KV1691-692
TIGER POWER,VALVE GUIDE,SWARAJ MAZDA,SWARAJ MAZDA,"","","",TIGER POWER,VG200540160
LEYPARTS,CLUTCH,ASHOK LEYLAND,"","14 INHCES,4 LEVER, WITH FACING",WITHDRAWL PLATE,"",LEYPARTS,F7600622
BANCO,GASKETS,MARUTI,CAR/VAN,AST,SILENCER PACKING,"",BANCO,"5231113100AST"
SETCO,FLYWHEEL,BHARAT BENZ,"430DIA","160T","","",SETCO,SF-2007
RBL,DISCPAD,SKODA,FABIA & RAPID,"","","",RBL,RBL/DP/036
LEYPARTS,CLUTCH,ASHOK LEYLAND,"","15INCHES,9SPEED,BS4",CLUTCH PLATE,"",LEYPARTS,B1M04302
RBL,BRAKE LINING,TATA,"1510/1612",REAR 10 HOLES,HF7,STD,RBL,TT/TP/SM/2 STD HF7
RBL,BRAKE LINING,EICHER,"",FR & RR 12 HOLES,HF7,STD,RBL,RBL/T1009TT/1 STD HF7
KSPG,CONNECTING BEARING,TATA,"1612(697)","1612(697)","","30",KSPG,B.217.3.00.033
LEYPARTS,FILTERS,ASHOK LEYLAND,"",BSIII/ BSIV (F7B02900),PRE FUEL FILTER ASSY,"",LEYPARTS,F7A04700
MAHLE,PISTON SET,TATA,CUMMINS BSIII,"20TH O/S","","",MAHLE,"770PI40080P02"
KSPG,MAIN & CR BRG,MARUTI,RITZ/SWIFT/DEZIRE,PETROL,"","20",KSPG,P.165.0.10.023
TALBROS,GASKETS,ASHOK LEYLAND,"370/400",FULL GASKET,DYNA SEAL,"",TALBROS,FS115DSX
IPL,PISTON RING SET,MAHINDRA,MAXIMO,MAXIMO,"","",IPL,"642-K2186VQY-STD"
TALBROS,GASKETS,TATA,"1613",FULL GASKET,MLS ( STEEL),"",TALBROS,FS1613MLS
RBL,BRAKE LINING,EICHER,SKYLINE PRO,BUS,HLV,STD,RBL,RBL/EC/SL/1 STD (HLV)
TALBROS QHT,TIE ROD,TATA,"609/709",TIE ROD END (LH),"","",TALBROS QHT,TRE01030LH
BIMETAL,MAIN BEARING,TATA,"709","709","","20",BIMETAL,MS 2758 020
KSPG,THRUST WASHER,TATA,"1210","","",STD,KSPG,PW.207.5.01.003
BANCO,GASKETS,MAHINDRA TRACTOR,INTERNATIONAL B275,RC,INJECTION PUMP GEAR COVER,"",BANCO,"5658435800RC"
USHA,PISTON RING SET,TATA,"407","407 MOLY PLUS","","",USHA,"220 MOLY PLUS (SSM)"
RBL,BRAKE LINING,TATA,DLT,REAR 16 HOLES,AF45V,"1MM",RBL,RBL/DLT/T-R/3 1MM
IPL,PISTON SET,SIMPSON,S3 24/ S3 37,ALFIN TERM III,"","",IPL,"602-12411W-STD"
BANCO,GASKETS,ASHOK LEYLAND,HINO 4D-4 CYL,SAR,FULL GASKET,"",BANCO,"5360449900SAR"
TALBROS,GASKETS,TATA,"407",HEAD GASKET,DYNA SEAL,"",TALBROS,"3045SBGTC"
RBL,BRAKE LINING,ASHOK LEYLAND,"7 INCHES",REAR 16 HOLES,HF7,"01-Aug",RBL,AL/TP/AA/3&4 1/8
KAR VALVES,VALVE,MAHINDRA,QUANTO,QUANTO,"",STD,KAR VALVES,KV1245-246-6V
BANCO,GASKETS,SIMPSON,P6,HLT,CHAMBER PACKING,"",BANCO,"5440511008HLT"
TALBROS QHT,GEAR SHIFTER,TATA,"609/709",LEFT,"","",TALBROS QHT,GS01030LH
IPL,PISTON SET,SIMPSON,S4,"3RV","","",IPL,"602-12412W/4-STD"
BANCO,GASKETS,HONDA,AMAZE DIESEL,MLS(STEEL),HEAD GASKET,"",BANCO,"5230290000MLS"
BANCO,GASKETS,ASHOK LEYLAND,AL 14 MM STUD,SAL,FULL GASKET,"",BANCO,"53607499PSSAL"
SVL,CLUTCH PLATE,ASHOK LEYLAND,"14 INCHES","","","",SVL,VCCD0353CB14
BANCO,GASKETS,TATA,SUPER TURBO,SAL,VALVE COVER,"",BANCO,"52208315PSSAL"
KSPG,CONNECTING BEARING,ASHOK LEYLAND,LEYLAND,LEYLAND 370,"","10",KSPG,B.205.4.09.013
BANCO,GASKETS,RENAULT,LOGAN/SUNNY/SCALA/MICRA 1.5-BEAT,RUB,VALVE COVER,"",BANCO,"5420251500RUB"
RBL,BRAKE SHOE,ASHOK LEYLAND,DOST,"","","",RBL,RBL/BS/074/RD001-M2L
KSPG,CONNECTING BEARING,HYUNDAI,SANTRO,SANTRO,"",STD,KSPG,B.152.0.00.003
SPICER,DIFFERENTIAL,ASHOK LEYLAND,OUTER OILSEAL,"","","",SPICER,SAOS2149OB
KSPG,MAIN BEARING,MAHINDRA,PEUGEOT,PEUGEOT,"","10",KSPG,M.221.3.00.013
IPL,PISTON RING SET,MAHINDRA,MUSTANG,MUSTANG,"","",IPL,"642-K6197VQY-STD"
RBL,BRAKE LINING,EICHER,Oct-90,FR & RR 12 HOLES,RD3205M,Jan-32,RBL,RBL/EC/11-10/1 1/32 RD3205M
KSPG,IG BUSH,MAN FORCE,MAN FORCE,MAN FORCE,"",STD,KSPG,G.384.5.00.703
KSPG,CONNECTING BEARING,EICHER,CANTER,"6CYL","","40",KSPG,B.235.4.10.043
TIGER POWER,VALVE,TATA,CUMMINS BSII,"","",STD,TIGER POWER,V2005501360
LEYPARTS,GEARBOX,ASHOK LEYLAND,"",CIRCLIP KIT,CIRCLIP KIT,"",LEYPARTS,P0976351
BIMETAL,MAIN BEARING,ASHOK LEYLAND,LEYLAND,LEYLAND 370,"","40",BIMETAL,MS 474 040
RBL,BRAKE LINING,ASHOK LEYLAND,"6 INCHES",FRONT 10 HOLES,GT11-HLS,"1/16",RBL,AL/TP/SM/7&8 1/16 GT11-HLS
TALBROS,GASKETS,TATA,MAGIC/IRIS,HEAD GASKET,EXCEL,"",TALBROS,"3139DSXNA3OS"
TALBROS QHT,TIE ROD REPAIR KIT,ASHOK LEYLAND,"2214/3516","","","",TALBROS QHT,TRK07010
BIMETAL,CONNECTING BEARING,ASHOK LEYLAND,LEYLAND,LEYLAND 370,"","20",BIMETAL,CS 180 020
BANCO,GASKETS,MASSEY FERGUSON,MF 135,HLT,WATER PUMP SET,"",BANCO,"5124224510HLT"
RBL,DISCPAD,TOYOTA,QUALIS,"","","",RBL,RBL/DP/051
BANCO,GASKETS,TATA,ACE,MLG,HEAD GASKET,"",BANCO,"5220200018MLG"
LEYPARTS,ENGINE,ASHOK LEYLAND,"",I.G. BUSH,BUSH,"",LEYPARTS,F0530300
BANCO,GASKETS,MASSEY FERGUSON,MF 135,RC,VALVE COVER,"",BANCO,"5124221510RC"
LEYPARTS,SUSPENSION,ASHOK LEYLAND,"",LH,TIE ROD END,"",LEYPARTS,P2409539
BANCO,GASKETS,TATA,CUMMINS BS1 / BS2,W/O VSS APQB,FULL GASKET,"",BANCO,"5220529930APQB"
LEYPARTS,BRAKE,ASHOK LEYLAND,"",FRONT OUTER (535/532A),HUB BEARINGS,"",LEYPARTS,F0232810
BANCO,GASKETS,ASHOK LEYLAND,AL 14 MM STUD,SAL,HALF GASKET,"",BANCO,"53607498PSSAL"
BANCO,GASKETS,SIMPSON,P6,COPPER / NON ASBESTOS,FULL GASKET,"",BANCO,"5440539907CAC"
KAR VALVES,VALVE,ASHOK LEYLAND,HINO,NON TURBO,"",STD,KAR VALVES,KV1391-392-4V
LEYPARTS,GEARBOX,ASHOK LEYLAND,"","20TEETH",REVERSE GEAR,"",LEYPARTS,F8A02611
SPICER,SLINGER,ASHOK LEYLAND,SPL 90,"","","",SPICER,SDMC0090SLI
BANCO,GASKETS,MAHINDRA TRACTOR,INTERNATIONAL B275,PQB,"","",BANCO,"5658434900PQB"
BANCO,GASKETS,ASHOK LEYLAND,"370/411/412 BS II",HLT,CHAMBER PACKING,"",BANCO,"5360631010HLT"
LEYPARTS,BRAKE,ASHOK LEYLAND,"","6INCHES,10HOLES,FRONT(STD)",BRAKE LINING,"",LEYPARTS,PD600535
KSPG,CONNECTING BEARING,TATA,INDICA,INDICA,"","20",KSPG,B.119.4.00.023
KAR VALVES,VALVE,ESCORT FORD,FARM TRACTOR FT45,FARM TRACTOR FT45,"",STD,KAR VALVES,KV1677-678
BANCO,GASKETS,MAHINDRA TRACTOR,"575 MDI 3200 (TURBO ENGINE)",MLS(STEEL),HEAD GASKET,"",BANCO,"5658410000MLS"
TIGER POWER,CYLINDER LINER,TATA,"1612(97MM)",PRE FINISHED,THIN COLLAR,"20TH",TIGER POWER,K2007600961
IPL,PISTON RING SET,TATA,ACE,ACE,"","",IPL,"642-9862Q/2"
BANCO,GASKETS,ASHOK LEYLAND,HINO TURBO,MLS(STEEL),HEAD GASKET,"",BANCO,"5360770000MLS"
KSPG,MAIN BEARING,BAJAJ,KUBOTA,KUBOTA,"","10",KSPG,L.249.4.00.013
TALBROS QHT,RACK END,ASHOK LEYLAND,DOST,"","","",TALBROS QHT,RE07043PR
KSPG,CONNECTING BEARING KIT,MARUTI,"800 (CAR)","800 (CAR)","",STD,KSPG,P.110.3.20.003
LEYPARTS,FILTERS,ASHOK LEYLAND,"",H4 ENGINES (BSII/BSIII/BSIV) 40K,OIL FILTER,"",LEYPARTS,FPA00300
BANCO,GASKETS,SIMPSON,P6,CCA,BW NO 2,"",BANCO,"544053W27CCA"
KSPG,CONNECTING BEARING,TATA,INDICA,INDICA,"","10",KSPG,B.119.4.00.013
BANCO,GASKETS,ASHOK LEYLAND,HINO TURBO,SNAL,HEAD GASKET,"",BANCO,"5360720000SNAL"
TIGER POWER,CYLINDER LINER,TATA,"1612(97MM)",PRE FINISHED,THICK COLLAR (BS3) MOLYGOLD,"20TH",TIGER POWER,K2007601872
BANCO,GASKETS,ASHOK LEYLAND,"401/402",AST,TURBO CHARGER KIT,"",BANCO,"536068TC10AST"
TALBROS,GASKETS,ASHOK LEYLAND,"680",FULL GASKET,DYNA SEAL,"",TALBROS,FS319DSX
BANCO,GASKETS,HYUNDAI,EON PETROL,MLS(STEEL),HEAD GASKET,"",BANCO,"5224240000MLS"
LEYPARTS,GEARBOX,ASHOK LEYLAND,"","4TH GEAR SLEEVE",BEARINGS,"",LEYPARTS,F3424015
IPL,PISTON RING SET,MAHINDRA,MAXIMO,MAXIMO,"","",IPL,"642-2186VQY-STD"
BANCO,GASKETS,FORD TRACTOR,"3000/3600",W/O CHG AST,FULL GASKET,"",BANCO,"5352049900AST"
KSPG,MAIN BEARING,ISUZU,ISUZU,ISUZU,"",STD,KSPG,M.117.0.00.003
BANCO,GASKETS,SIMPSON,P4,COPPER / NON ASBESTOS,HALF GASKET,"",BANCO,"5440269806CAC"
BANCO,GASKETS,TATA,"407 NON TURBO",AST,WATER PUMP SET,"",BANCO,"522044VP10AST"
KSPG,CONNECTING BEARING,MARUTI,WAGONR,"3CYL","","30",KSPG,B.135.0.10.033
TALBROS,GASKETS,TATA,INDICA,FULL GASKET,EXCEL,"",TALBROS,FS3085DSXNAWOC
KAR VALVES,VALVE,KOMATSU,"30Z1180399/4","30Z1180399/4","",STD,KAR VALVES,KV1863-2V
BANCO,GASKETS,MAHINDRA TRACTOR,INTERNATIONAL B275,CAS,HALF GASKET,"",BANCO,"5658439802CAS"
BANCO,GASKETS,ASHOK LEYLAND,BS II,W/O VSS SAL,HALF GASKET,"",BANCO,"5360739810SAL"
KSPG,CONNECTING BEARING,SIMPSON,P3,P3,"","30",KSPG,B.210.3.00.033
KAR VALVES,VALVE,ASHOK LEYLAND,LEYLAND,EURO-1,"",STD,KAR VALVES,KV1363T-370
RBL,BRAKE LINING,ASHOK LEYLAND,"6 INCHES",FRONT 10 HOLES,HF7S,"1/16",RBL,AL/TP/SM/7&8 1/16 HF7S
LEYPARTS,FILTERS,ASHOK LEYLAND,"",TWIN BOWL TO SINGLE BOWL,RETRO KIT,"",LEYPARTS,PD600410
TALBROS,GASKETS,EICHER,JUMBO (6CYL),HEAD GASKET,MLS ( STEEL),"",TALBROS,MLS3148
BANCO,GASKETS,TATA,"407 NON TURBO",PBP,SILENCER PACKING,"",BANCO,"5220443000PBP"
BANCO,GASKETS,ASHOK LEYLAND,HINO TURBO,W/O VSS,FULL GASKET,"",BANCO,"5360729910BAF"
RBL,BRAKE SHOE,MARUTI,"800 (KBX TYPE)","","","",RBL,RBL/BS/002
KSPG,CONNECTING BEARING,TATA,ACE DICOR,ACE DICOR,"",STD,KSPG,B.186.0.00.003
KSPG,MAIN BEARING,MAHINDRA,MDI3200 SCORPIO M2DI,MDI3200 SCORPIO M2DI,"",STD,KSPG,M.355.0.00.003
TALBROS,GASKETS,MARUTI,EECO,FULL GASKET,DYNA SEAL,"",TALBROS,FS3041DSX
RBL,BRAKE LINING,BHARAT BENZ,BENZ (25T),FR & RR 12 HOLES,R1203HLS,STD,RBL,RBL/RB/T/1 (25T) STD R1203 HLS
KSPG,THRUST WASHER,TATA,NANO,NANO,"","3",KSPG,W.153.5.00.003
TIGER POWER,VALVE,HYUNDAI,VERNA & I20 & XCENT ( DIESEL),"","",STD,TIGER POWER,V2003400260
TALBROS,GASKETS,FORD TRACTOR,"3000/3600",HALF GASKET,DYNA SEAL,"",TALBROS,HS2A658XSB
KAR VALVES,VALVE,TATA,CUMMINS,BS II,"","10",KAR VALVES,KV1825-826
BANCO,GASKETS,ASHOK LEYLAND,"401/402",HLT,REAR AXLE PACKING,"",BANCO,"5360688200HLT"
KSPG,MAIN BEARING,MARUTI,SWIFT DIESEL,SWIFT DIESEL,"",STD,KSPG,N.131.0.00.003
BANCO,GASKETS,MAHINDRA TRACTOR,INTERNATIONAL B275,HLT,INJECTION PUMP INTER,"",BANCO,"5658435705HLT"
TALBROS QHT,TIE ROD,TATA,HCV MODELS,TIE ROD END ( BOTH 30DIA),"","",TALBROS QHT,TRE01001RH
RBL,BRAKE LINING,TATA,"909",FR & RR 12 HOLES,HF7,"2MM",RBL,RBL/T909-EX/1 2MM HF7
USHA,PISTON SET,ASHOK LEYLAND,HINO,"6DTI (SUPER PISTON)","","",USHA,H13 RCP
LEYPARTS,CLUTCH,ASHOK LEYLAND,"","15INCHES,4LEVER",SPRING KIT,"",LEYPARTS,P0957551
IPL,VALVE,SIMPSON,S3/245,S3/245,"",STD,IPL,"712-VP09103"
LEYPARTS,GEAR PARTS,ASHOK LEYLAND,"","3&4",GEAR SHIFT FORK,"",LEYPARTS,F2401422
TIGER POWER,CYLINDER LINER,TATA,CUMMINS,SEMI FINISHED,PLAIN,STD,TIGER POWER,K2005500666
KAR VALVES,VALVE,TATA,ACE,DICOR,"",STD,KAR VALVES,KV1131-132
BANCO,GASKETS,ASHOK LEYLAND,HINO TURBO,BAF,HALF GASKET,"",BANCO,"5360729810BAF"
LEYPARTS,BRAKE,ASHOK LEYLAND,"",REAR INNER (683/672),HUB BEARINGS,"",LEYPARTS,F3F07300
KSPG,CONNECTING BEARING,SIMPSON,S4,S4,"",STD,KSPG,B.231.3.00.003
LEYPARTS,CLUTCH,ASHOK LEYLAND,"",H SERIES (6203),FLY WHEEL BRG,"",LEYPARTS,F0245410
BANCO,GASKETS,SONALIKA TRACTOR,"1 BORE NON TURBO",BAF,HEAD GASKET,"",BANCO,"56411500PSBAF"
BANCO,GASKETS,MAHINDRA TRACTOR,INTERNATIONAL B275,MVR,VALVE COVER,"",BANCO,"5658431520MVR"
KSPG,MAIN BEARING,MARUTI,ALTO,ALTO,"","10",KSPG,M.135.0.10.013
KAR VALVES,VALVE,TATA,"1510",WITH CUT,"",STD,KAR VALVES,KV1315-316
KSPG,CONNECTING BEARING,LOMNARDI NI,"75","75","",STD,KSPG,B.605.3.09.003
TALBROS,GASKETS,TATA,INDIGO,HEAD GASKET,MLS ( STEEL),"",TALBROS,MLS3085PC
KSPG,CONNECTING BEARING,KIRLOSKAR,"6 RTA","6 RTA","","20",KSPG,B.584.4.10.023
TIGER POWER,CYLINDER LINER,EICHER,CANTER,PRE FINISHED,COLLAR,STD,TIGER POWER,K2001300260
LEYPARTS,FILTERS,ASHOK LEYLAND,"",TRW,STEERING FILTER,"",LEYPARTS,P2400540
KAR VALVES,VALVE,FORD,FIESTA,FIESTA,"",STD,KAR VALVES,KV1267-268
IPL,PISTON SET,MAHINDRA,MAXIMO,MAXIMO,"","",IPL,"602-K11409W STD"
BANCO,GASKETS,MARUTI,ZEN-MPFI-NEW MODEL OE DESIGN,SYR,VALVE COVER,"",BANCO,"5231321500SYR"
RBL,DISCPAD,HONDA,CITY & JAZZ & MOBILIO,"","","",RBL,RBL/DP/037
BANCO,GASKETS,EICHER,CANTER,W/O CHG APQB,FULL GASKET,"",BANCO,"5135179900APQB"
KAR VALVES,VALVE,TATA,TCL,E-II Seat & Stem,"","10",KAR VALVES,KV182540-82640
TALBROS,GASKETS,TATA,ACE,HEAD GASKET,EXCEL (3CUT),"",TALBROS,"3106DSXNA2OS"
TALBROS,GASKETS,TATA,"407",FULL GASKET,DYNA SEAL,"",TALBROS,FS3045DSXTCCS
KSPG,MAIN BEARING,MAHINDRA,HAWK,HAWK,"","10",KSPG,M.274.3.00.013
KSPG,CONNECTING BEARING,MAHINDRA,SCORPIO,SCORPIO,"","20",KSPG,B.333.4.00.023
LEYPARTS,DRIVE LINE,ASHOK LEYLAND,"","1550-SERIES (16SPLINES)",TUBE SHAFT,"",LEYPARTS,P4502433
BANCO,GASKETS,MAHINDRA,MDI 3200,W/O CHG AST,FULL GASKET,"",BANCO,"5580439900AST"
KSPG,CONNECTING BEARING,CHEVROLET,TAVERA,TAVERA,"","10",KSPG,B.154.0.00.013
KSPG,CONNECTING BUSH,MARUTI,"800 (CAR)","800 (CAR)","",STD,KSPG,PS.110.5.00.703
BANCO,GASKETS,SONALIKA TRACTOR,"60",BANKITE,HEAD GASKET,"",BANCO,"5641630000BKT"
BIMETAL,MAIN BEARING,ASHOK LEYLAND,HINO,HINO ( EIII),"","10",BIMETAL,MS 5806 010
BANCO,GASKETS,MAHINDRA TRACTOR,INTERNATIONAL B275,TFX,INJECTION PUMP GEAR COVER,"",BANCO,"5658435800TFX"
KSPG,MAIN BEARING,TATA,ACE DICOR,ACE DICOR,"","20",KSPG,M.186.3.00.023
KSPG,MAIN BEARING,TATA,ACE,ACE,"","30",KSPG,M.155.3.00.033
RBL,BRAKE LINING,AMW,AMW,REAR 14 HOLES,RAF7,Jan-16,RBL,RBL/AMW/R/2 1/16 RAF7
BANCO,GASKETS,ASHOK LEYLAND,"680/690",PBP,MANIFOLD,"",BANCO,"5360660200PBP"
KSPG,CONNECTING BEARING,MAHINDRA,PEUGEOT,PEUGEOT,"","10",KSPG,B.221.3.00.013
IPL,PISTON RING SET,ASHOK LEYLAND,HINO,"6 DTI THICK RING","","",IPL,"642-3400V-STD"
TALBROS,GASKETS,ESCORT FORD,"3610",FULL GASKET,DYNA SEAL,"",TALBROS,FS2A659SB
IPL,PISTON SET,TATA,AIR COMPRESSOR,"94MM","","",IPL,"602-12188W-STD"
BIMETAL,MAIN BEARING,TATA,CUMMINS,CUMMINS,"","0.75",BIMETAL,MS 8515 075
BANCO,GASKETS,MAHINDRA,AVL 575 DI,AST,FULL GASKET,"",BANCO,"5580349900AST"
KSPG,CONNECTING BEARING,TATA,"407","407","",STD,KSPG,B.236.4.00.003
KSPG,CONNECTING BEARING,MARUTI,RITZ/SWIFT/DEZIRE,PETROL,"",STD,KSPG,B.165.0.10.003
LEYPARTS,FRONT AXLE,ASHOK LEYLAND,"",FA-90,KING PIN OIL SEAL,"",LEYPARTS,F2717400
BANCO,GASKETS,MAHINDRA TRACTOR,INTERNATIONAL B275,HLT,TR.CASE COVER,"",BANCO,"5658433909HLT"
RBL,BRAKE LINING,VOLVO,VOLVO FM,REAR 14 HOLES,GT11-HLS,STD,RBL,VL/88/2 STD GT11-HLS
TALBROS,GASKETS,TATA,"609/709",FULL GASKET,DYNA SEAL,"",TALBROS,FS609DSXTCCTCS
IPL,VALVE,TATA,ACE,ACE,"",STD,IPL,"712-VT07501/2"
BANCO,GASKETS,MARUTI,"K12SWIFT,RITZ ALL K12 ENGINES",MLS(STEEL),HEAD GASKET,"",BANCO,"5231390000MLS"
KSPG,MAIN BEARING,SIMPSON,S4,S4,"",STD,KSPG,M.231.3.00.003
RBL,BRAKE LINING,ASHOK LEYLAND,"5 INCHES",FRONT 8 HOLES,HF7,STD,RBL,RW/17/18/1 STD HF7
IPL,PISTON RING SET,TATA,ACE,ACE,"","",IPL,"642-K9863G/2-STD"
USHA,PISTON SET,ASHOK LEYLAND,HINO,"6DTI (PCN)","","",USHA,H02 RCP
KSPG,THRUST WASHER,TATA,INDICA,INDICA,"",OS1,KSPG,W.119.5.00.413
TALBROS,GASKETS,TATA,ACE,FULL GASKET,DYNA SEAL,"",TALBROS,FS3167WOCS
BANCO,GASKETS,DAWOO / MATIZ,MATIZ (DAEWOO),BAF,HEAD GASKET,"",BANCO,"52702100PSBAF"
KSPG,THRUST WASHER,MAHINDRA,BOLERO,XD3P,"",STD,KSPG,W.239.5.00.003
LEYPARTS,FILTERS,ASHOK LEYLAND,"",ZF,STEERING FILTER,"",LEYPARTS,P4200340
TALBROS,GASKETS,TATA,"697",FULL GASKET,DYNA SEAL,"",TALBROS,FS728DSXTCCS
BANCO,GASKETS,TATA,INDICA DIESEL,PREMIUM RANGE,HEAD GASKET,"",BANCO,"5BEK42HG18"
TALBROS,GASKETS,TATA,"497",HALF GASKET,MLS ( STEEL),"",TALBROS,HS1109MLS
LEYPARTS,GEARBOX,ASHOK LEYLAND,"","28.25",DETEND PLUNGER,"",LEYPARTS,F4206315
TALBROS,GASKETS,MARUTI,CAR/VAN,FULL GASKET,DYNA SEAL,"",TALBROS,FS3040DSX
KSPG,MAIN BEARING,MARUTI,ALTO,ALTO,"",STD,KSPG,B.135.0.10.003
KAR VALVES,VALVE,TMTL,"93131993","93131993","",STD,KAR VALVES,KV1663-664
LEYPARTS,GEARBOX,ASHOK LEYLAND,"","5&6 48TEETH",SLIDING SLEEVE,"",LEYPARTS,F1600510
KSPG,CONNECTING BEARING,KIRLOSKAR,RA3,RA3,"","10",KSPG,B.038.4.00.013
RBL,BRAKE LINING,MAHINDRA,BOLERO,BOLERO,"262",STD,RBL,RBL/MARSHALL/TX/L&S STD
KAR VALVES,VALVE,VST,TILLER,(WATER CLD),"",STD,KAR VALVES,KV1907-908
ANHAD,HYDRAULIC JACK,"","75 TON","","","",ANHAD,"00AH125"
RBL,BRAKE LINING,EICHER,Oct-95,FR & RR 12 HOLES,HF7,"2MM",RBL,RBL/T909-EX1-2MM
TIGER POWER,CYLINDER LINER,ESCORT FORD,FORD,SEMI FINISHED,"3000","20TH",TIGER POWER,K2001400360
LEYPARTS,ELECTRICALS,ASHOK LEYLAND,"",SINGLE LEVER,COMBINATION SWITCH,"",LEYPARTS,F2209000
BANCO,GASKETS,MARUTI,SWIFT DIESEL,RUB,TIMING COVER,"",BANCO,"5231163600RUB"
KSPG,CONNECTING BEARING,TATA,"1210","1210","","30",KSPG,B.207.3.00.033
BANCO,GASKETS,SIMPSON,S3/241,GAF,HEAD GASKET,"",BANCO,"5440190000GAF"
BANCO,GASKETS,TATA,CUMMINS BS1 / BS2,PQB,HEAD GASKET,"",BANCO,"5220520010PQB"
KAR VALVES,VALVE,FORD,"3600","3600","","5",KAR VALVES,KV16950-6960
SVL,UJ KIT,ASHOK LEYLAND,"1550 SERIES","","","",SVL,VDUJ1550L126
RBL,BRAKE LINING,MAHINDRA,BOLERO,WITH RIVETS,"262","1/16",RBL,RBL/MARSHALL/TX/L&S (WR) 1/16 262
LEYPARTS,FILTERS,ASHOK LEYLAND,"",U TRUCK INNER (BSIV),AIR FILTER,"",LEYPARTS,F7B01200
SETCO,BRAKE LINING,ASHOK LEYLAND,"6 INCHES",FRONT 10 HOLES,HLP,STD,SETCO,SL-XP-AL/TP/SM/HLP-6 (STD.)
TALBROS,GASKETS,RENAULT,KWID,FULL GASKET,DYNA SEAL,"",TALBROS,FS3206WOCS
TALBROS,GASKETS,TATA,"1109",FULL GASKET,MLS ( STEEL),"",TALBROS,FS1109MLSMK2
KSPG,MAIN BEARING,SIMPSON,S4,S4,"","20",KSPG,M.231.3.00.023
KAR VALVES,VALVE,ASHOK LEYLAND,LEYLAND,"","",STD,KAR VALVES,KV1371-372
KAR VALVES,VALVE,CATERPILLAR,CAT - 3406 - 1152367 FP TURBO,CAT - 3406 - 1152367 FP TURBO,"",STD,KAR VALVES,KV1940-2V
LEYPARTS,CLUTCH,ASHOK LEYLAND,"",BSIII/BSIV ECOMET (330DIA),CLUTCH PLATE,"",LEYPARTS,"5ATC007"
IPL,VALVE,MAHINDRA,AVL DI,MULTI GROOVE,"",STD,IPL,"712-VM08802"
BANCO,GASKETS,ZETROR,SUPER 50 HP,BANKITE,HEAD GASKET,"",BANCO,"5641520001BKT"
BANCO,GASKETS,TATA,SUMO/MOBILE/SIERA/SAFAR,GNM,HEAD GASKET,"",BANCO,"5220460016GNM"
LEYPARTS,ENGINE,ASHOK LEYLAND,"",HINO ENGINES,VALVE GUIDE,"",LEYPARTS,P0991251
TIGER POWER,CYLINDER LINER,SML,MAZDA,PRE FINISHED,AY,STD,TIGER POWER,K2005400160
TALBROS,GASKETS,TATA,"697",HALF GASKET,DYNA SEAL,"",TALBROS,HS728DSXM
TALBROS,GASKETS,MARUTI,WAGONR,HEAD GASKET,DYNA SEAL,"",TALBROS,"3096DSX"
TALBROS QHT,TIE ROD,ASHOK LEYLAND,U TRUCK,TIE ROD END (LH),"","",TALBROS QHT,TRE07046R
KSPG,MAIN & CR BRG,CHEVROLET,TAVERA,TAVERA,"","20",KSPG,P.154.0.00.023
KSPG,MAIN & CR BRG,MARUTI,ZEN/EECO,ZEN/EECO,"",STD,KSPG,P.116.0.00.003
TALBROS,GASKETS,MARUTI,"800 MPFI",FULL GASKET,DYNA SEAL,"",TALBROS,FS3098DSX
IPL,VALVE,TATA,CUMMINS,BS III,"",STD,IPL,"712-VT10212"
BANCO,GASKETS,ASHOK LEYLAND,BS II,SAL,HALF GASKET,"",BANCO,"53607398PSSAL"
TIGER POWER,CYLINDER LINER,MARUTI,EECO,SEMI FINISHED,EECO,STD,TIGER POWER,K2003200460
RBL,DISCPAD,MAHINDRA,SUPRO,"","","",RBL,RBL/DP/055
KSPG,CONNECTING BEARING,TATA,"1612(697)","1612(697)","","60",KSPG,B.217.3.00.063
TIGER POWER,CYLINDER LINER,TATA,"1612(97MM)",SEMI FINISHED,THICK COLLAR (BS3) MOLYGOLD,STD,TIGER POWER,K2007601162
LEYPARTS,ENGINE,ASHOK LEYLAND,"",HINO ENGINES,VALVE SEAT,"",LEYPARTS,P3109951
KSPG,MAIN BEARING,TATA,"1210","1210","",STD,KSPG,M.207.3.00.003
KSPG,MAIN BEARING,ASHOK LEYLAND,LEYLAND,LEYLAND 370,"","30",KSPG,M.205.4.09.033
BANCO,GASKETS,TATA,CUMMINS BS 3,PQB,FULL GASKET,"",BANCO,"5220549920PQB"
KAR VALVES,VALVE,MASSEY FERGUSON,"135","135","",STD,KAR VALVES,KV1935-936
LEYPARTS,CLUTCH,ASHOK LEYLAND,"","4LEVER",BUSH PIN KIT,"",LEYPARTS,P0958151
TALBROS,GASKETS,HYUNDAI,SANTRO,FULL GASKET,DYNA SEAL,"",TALBROS,FS3180WOCS
BANCO,GASKETS,MASSEY FERGUSON,MF 135,TFX,GEAR BOX KIT,"",BANCO,"5124239600TFX"
RBL,BRAKE LINING,TATA,"709",FR & RR 12 HOLES,HF7,"2MM",RBL,RBL/T709/1-2MM
KAR VALVES,VALVE,CATERPILLAR,"3306",TURBO,"",STD,KAR VALVES,KV1941
LEYPARTS,COOLING SYSTEM,ASHOK LEYLAND,"",HOSE-DAT ENGINE (ECOMET),HOSES,"",LEYPARTS,F1928150
BANCO,GASKETS,TATA,"1613(697) TURBO",BANKITE,HALF GASKET,"",BANCO,"52208298PSBKT"
BIMETAL,MAIN BEARING,TATA,"709","709","",STD,BIMETAL,MS 2758 STD
KAR VALVES,VALVE,HMT,ZETOR,"2011","",STD,KAR VALVES,KV1751-752
TIGER POWER,CYLINDER LINER,EICHER,CANTER,PRE FINISHED,PLAIN,STD,TIGER POWER,K2001300460
BANCO,GASKETS,SIMPSON,P4,AST,CHAMBER PACKING,"",BANCO,"5440261004AST"
KSPG,CAM BUSH,TATA,"1612(697)","","",STD (UB),KSPG,PC.217.718.003
KAR VALVES,VALVE,EICHER,CANTER,MITSU,"",STD,KAR VALVES,KV1431-432
KSPG,CONNECTING BEARING,MARUTI,"800 (CAR)","800 (CAR)","","60",KSPG,B.110.3.00.063
TIGER POWER,VALVE,TATA,CUMMINS BSIII,"","",STD,TIGER POWER,V2005501960
KSPG,MAIN BEARING,TATA,SUMO,SUMO(4DL),"","40",KSPG,M.234.3.00.043
TALBROS,GASKETS,ASHOK LEYLAND,HINO (NON TURBO),FULL GASKET,EXCEL,"",TALBROS,FS3078DSNA
KSPG,THRUST WASHER,MARUTI,"800 (CAR)","800 (CAR)","",STD,KSPG,W.110.5.00.003
IPL,PISTON SET,TATA,"407","4SP MODIFIED","","",IPL,"602-12192W-STD"
TALBROS,GASKETS,TATA,ACE,HEAD GASKET,EXCEL,"",TALBROS,"3137DSXNA2OS"
TALBROS QHT,TIE ROD,ASHOK LEYLAND,"2214/3516",TIE ROD END (RH),"","",TALBROS QHT,TRE07010R
BANCO,GASKETS,MAHINDRA TRACTOR,"265/275 DI (3 CYL)",BANKITE,HEAD GASKET,"",BANCO,"56581500PSBKT"
IPL,VALVE,TATA,CUMMINS,BS III,"","10",IPL,"712-VT10212-010"
LEYPARTS,SUSPENSION,ASHOK LEYLAND,"",RH,V ROD MOUNTING BRACKET,"",LEYPARTS,F3H00812
BANCO,GASKETS,CHEVROLET,OPTRA1.6/AVEO (PETROL)4CYL,MLS(STEEL),HEAD GASKET,"",BANCO,"5340270000MLS"
BANCO,GASKETS,TATA,INDICA DIESEL,BAF,HEAD GASKET,"",BANCO,"5220420018BAF"
TIGER POWER,CYLINDER LINER,TATA,"1612(97MM)",SEMI FINISHED,THIN COLLAR,"60TH",TIGER POWER,K2007700261
BANCO,GASKETS,MAHINDRA,PEUGEOT XDP-4,BANKITE,HEAD GASKET,"",BANCO,"55803300PSBKT"
KSPG,CONNECTING BEARING,ASHOK LEYLAND,LEYLAND,LEYLAND 370,"","30",KSPG,B.205.4.09.033
BIMETAL,MAIN BEARING,TATA,"1612(697)","1612(697)","","10",BIMETAL,MS 2757 010
IPL,PISTON RING SET,ASHOK LEYLAND,HINO,"6 DTI (THICK RING 4 CYL)","","",IPL,"642-9214VQY/4-STD"
BANCO,GASKETS,MARUTI,WAGON R/ALTO LX,BANKITE,FULL GASKET,"",BANCO,"52313199PSBKT"
GOETZE,RING SET,TATA,CUMMINS,BSII & BSIII CKS,"","",GOETZE,"5327CKS-SD"
BANCO,GASKETS,TATA,INDICA DIESEL,BAF,HEAD GASKET,"",BANCO,"5220420020BAF"
BANCO,GASKETS,TATA,"709 / 1109 TURBO",HTMG,HEAD GASKET,"",BANCO,"52204900HTMG"
TIGER POWER,CYLINDER LINER,ASHOK LEYLAND,HINO,PRE FINISHED,Z GOLD,STD,TIGER POWER,K2009502460
BANCO,GASKETS,"",METADOR 305,BEK,HALF GASKET,"",BANCO,"51313198PSBEK"
KSPG,CONNECTING BEARING,ATLAS COPCO,ATLAS COPCO,COPCO ( CR BRG),"","40",KSPG,H.700.3.00.043
RBL,BRAKE SHOE,ASHOK LEYLAND,DOST,"","","",RBL,RBL/BS/074
SETCO,FLYWHEEL,EICHER,"430DIA","137T","","",SETCO,SF-10002
KAR VALVES,VALVE,VOLKSWAGEN,VENTO/POLO,"","",STD,KAR VALVES,KV1279-280-8V
TALBROS,GASKETS,TATA,CUMMINS 6CT,HALF GASKET,DYNA SEAL,"",TALBROS,HS3117SBG
MAHLE,CAMSHAFT,TATA,CUMMINS,BSII,"","",MAHLE,"770CA40057000"
IPL,PISTON RING SET,TATA,AIR COMPRESSOR,"77MM 005","","",IPL,"642-9450-005"
KSPG,MAIN BEARING,TOYOTA,INNOVA,INNOVA,"",STD,KSPG,M.746.3.00.003
BANCO,GASKETS,TATA,"1210",BANKITE,VALVE COVER,"",BANCO,"52206215PSBKT"
BANCO,GASKETS,TATA,"407 TURBO",BANKITE,FULL GASKET,"",BANCO,"5220409930PBKT"
RBL,BRAKE LINING,ASHOK LEYLAND,"6 INCHES",FRONT 10 HOLES,GT11 HLS,STD,RBL,AL/TP/HLP/7&8 STD
IPL,PISTON SET,TATA,"609/709","609/709","","",IPL,"602-12191W-STD"
KSPG,MAIN & CR BRG,MARUTI,"800 (CAR)","800 (CAR)","","10",KSPG,P.110.3.00.013
LEYPARTS,GEARBOX,ASHOK LEYLAND,"","8 SPEED",MAIN SHAFT,"",LEYPARTS,F3321511
TALBROS,GASKETS,TATA,"407",HALF GASKET,DYNA SEAL,"",TALBROS,HS3045DSXTCMK2
KSPG,CONNECTING BUSH,ASHOK LEYLAND,LEYLAND,"","",STD,KSPG,PS.205.5.00.703
KAR VALVES,VALVE,TATA,TCL,E-II Seat & Stem,"","15",KAR VALVES,KV18191550-8201550
IPL,PISTON RING SET,ASHOK LEYLAND,LEYLAND,"400","","",IPL,"642-8874-STD"
IPL,PISTON RING SET,TATA,"697","697 ( IMRT)","","",IPL,"642-9515VQY/6-STD"
IPL,KITSET,TATA,ACE,MODIFIED KIT,"","",IPL,"622-104799862QL1165/2-STD"
BANCO,GASKETS,"",METADOR 305,RC,CHAMBER PACKING,"",BANCO,"5131261009RC"
LEYPARTS,GEARBOX,ASHOK LEYLAND,"","5 & 6 SPEED",MAIN SHAFT,"",LEYPARTS,F3309611
LEYPARTS,COOLANT TANK,ASHOK LEYLAND,"",DEAERATION TANK,DEAERATION TANK,"",LEYPARTS,X1006700
BANCO,GASKETS,SIMPSON,S3/241,GAF,FULL GASKET,"",BANCO,"54401899PSGAF"
TIGER POWER,CYLINDER LINER,TATA,CUMMINS,SEMI FINISHED,COLLAR,"60TH",TIGER POWER,K2005600266
TIGER POWER,KITSET,MARUTI,SWIFT,SWIFT DESIRE,"","",TIGER POWER,A2001000260
KSPG,MAIN BEARING,KIRLOSKAR,HA 494,HA 494,"",STD,KSPG,M.074.4.00.003
BIMETAL,CONNECTING BEARING,TATA,"1612(697)","1612(697)","","10",BIMETAL,CS 2750 010
BANCO,GASKETS,MARUTI,ZEN-MPFI-NEW MODEL OE DESIGN,GAF,HEAD GASKET,"",BANCO,"52313200PSGAF"
KSPG,CONNECTING BEARING,HYUNDAI,I10/I20,I10/I20,"",STD,KSPG,B.477.0.00.003
ANHAD,HYDRAULIC JACK,"","100 TON","","","",ANHAD,"00AH127"
SVL,UJ KIT,"","","","","",SVL,LU32UTT00500
KAR VALVES,VALVE,"",JOHNDEERE,JOHN DEERE,"","3",KAR VALVES,KV1645-646-3
KSPG,MAIN BEARING,TATA,"1612(697)","1612(697)","","30",KSPG,M.217.4.00.033
RBL,DISCPAD,ASHOK LEYLAND,DOST,"","","",RBL,RBL/DP/010 R812M
BANCO,GASKETS,MAHINDRA,AVL 575 DI,BANKITE,HEAD GASKET,"",BANCO,"55803400PSBKT"
KAR VALVES,VALVE,MARUTI,ZEN,PETROL,"",STD,KAR VALVES,KV1163-164
TALBROS,GASKETS,PERKINS,P3,FULL GASKET,DYNA SEAL,"",TALBROS,FSIA467AMK1
KAR VALVES,VALVE,KIRLOSKAR,RBV/SARTAJ,RBV/SARTAJ,"",STD,KAR VALVES,KV1835-836
TALBROS,GASKETS,ASHOK LEYLAND,"402/411",FULL GASKET,DYNA SEAL,"",TALBROS,FS390DSXE
TIGER POWER,CYLINDER LINER,MARUTI,SWIFT,SEMI FINISHED,PETROL,STD,TIGER POWER,K2013100160
BANCO,GASKETS,TATA,"407 NON TURBO",PAP,GEAR BOX KIT,"",BANCO,"5220449600PAP"
TALBROS,GASKETS,FORD TRACTOR,"3000/3600",HEAD GASKET,DYNA SEAL,"",TALBROS,SB2A658XC
SVL,UJ KIT,"","","","","",SVL,LU32UTT02600
KSPG,CONNECTING BEARING,ESCORT FORD,ESCORT FORD,ESCORT FORD,"","10",KSPG,B.302.3.00.013
SETCO,UJCROSS,TATA,"10TYRE","","","41.28X126",SETCO,SC-9002
BANCO,GASKETS,TATA,CUMMINS BS1 / BS2,PQB,UPPER SET,"",BANCO,"5220529820PQB"
BANCO,GASKETS,HYUNDAI,ELANTRA (DIESEL,RUB,VALVE COVER,"",BANCO,"5224321500RUB"
IPL,PISTON RING SET,ASHOK LEYLAND,HINO,"200HP BSVI","","",IPL,"642-9610P/6-STD"
BANCO,GASKETS,SIMPSON,S4,COPPER / NON ASBESTOS,FULL GASKET,"",BANCO,"5440299900CAC"
BANCO,GASKETS,CHEVROLET,BEAT DIESEL,MLS(STEEL),HEAD GASKET,"",BANCO,"5340150000MLS"
BANCO,GASKETS,SIMPSON,S4,COPPER / NON ASBESTOS,HEAD GASKET,"",BANCO,"5440290000CAC"
RBL,DISCPAD,MARUTI,ALTO,"","","",RBL,RBL/PDP/505
TALBROS,GASKETS,ASHOK LEYLAND,IVECO,FULL GASKET,DYNA SEAL (3CUT),"",TALBROS,FS3072DSX2OS
RBL,DISCPAD,TOYOTA,FORTUNER,"","","",RBL,RBL/PDP/531
TALBROS,GASKETS,MARUTI,"800",FULL GASKET,DYNA SEAL,"",TALBROS,FS3040DSXWOS
RBL,BRAKE LINING,ASHOK LEYLAND,"8 INCHES",REAR 10 HOLES,GT11 HLS,Jan-16,RBL,AL/TP/HLP/A/10&11 1/16
SUPER PAC,VALVE STEM SEALS,TATA,CUMMINS BSIII,"","","",SUPER PAC,VSS082224V
BANCO,GASKETS,SIMPSON,S3/241,BAF,HALF GASKET,"",BANCO,"54401898PSBAF"
BANCO,GASKETS,MASSEY FERGUSON,MF 135,HLT,TIMING COVER,"",BANCO,"5124223600HLT"
KSPG,MAIN BEARING,TATA,INDICA,INDICA,"","30",KSPG,M.119.3.00.033
KAR VALVES,VALVE,TATA,TCL,E-II Seat & Stem,"","3",KAR VALVES,KV1819010-820010
TALBROS,GASKETS,EICHER,JUMBO (6CYL),HEAD GASKET,EXCEL,"",TALBROS,"3122DSXNA"
TIGER POWER,CYLINDER LINER,BAJAJ,DIESEL,SEMI FINISHED,GOLD,"40TH",TIGER POWER,K200080064G
BANCO,GASKETS,MAHINDRA TRACTOR,INTERNATIONAL B275,BANKITE,MANIFOLD,"",BANCO,"5658430220BKT"
RBL,DISCPAD,HYUNDAI,I20 DIESEL,"","","",RBL,RBL/DP/059
KSPG,CAM BUSH,TATA,"1612(697)","","",STD (UB),KSPG,PC.217.7.18.703
IPL,PISTON SET,KIRLOSKAR,"4R 1040 NA","4R 1040 NA","","",IPL,"602-13220W-STD"
BANCO,GASKETS,MAHINDRA,SCORPIO CRDE,RUB,VALVE COVER,"",BANCO,"5580401500RUB"
KSPG,MAIN BEARING,ASHOK LEYLAND,HINO,HINO (REG),"","20",KSPG,M.241.4.00.023
KSPG,MAIN BEARING,TATA,"407","407","","20",KSPG,M.236.3.00.023
LEYPARTS,FILTERS,ASHOK LEYLAND,"","500ML (COIL)",DIESEL FILTER,"",LEYPARTS,F4003300
KSPG,CAM BUSH,CHEVROLET,TAVERA,TAVERA,"",STD,KSPG,C.154.0.00.703
SETCO,UJCROSS,MAHINDRA,JEEP & MARSHAL,"","","27X81.8",SETCO,SC-6002
IPL,VALVE,TATA,CUMMINS,BS III,"","15",IPL,"712-VT10212-015"
TIGER POWER,CYLINDER LINER,ASHOK LEYLAND,"400",PRE FINISHED,EURO TC/AC,STD,TIGER POWER,K2000203181
TALBROS,GASKETS,MARUTI,"800",FULL GASKET,DYNA SEAL,"",TALBROS,FSMIA3040
RBL,BRAKE LINING,EICHER,Oct-95,FR & RR 12 HOLES,HF7,STD,RBL,RBL/T909-EX/1 STD HF7
BIMETAL,CONNECTING BEARING,ASHOK LEYLAND,HINO,HINO BSIII/IV,"",STD,BIMETAL,CS 191 STD
LEYPARTS,CLUTCH,ASHOK LEYLAND,"",BSIII/BSIV ECOMET (330DIA),CLUTCH PLATE,"",LEYPARTS,B1M00702
KSPG,MAIN BEARING,MAHINDRA,PEUGEOT,PEUGEOT,"","50",KSPG,M.221.3.00.053
RBL,BRAKE LINING,EICHER,Oct-90,FR & RR 12 HOLES,RD3205M,"",RBL,RBL/EC/11-10/1 1/16 RD3205M
KSPG,CONNECTING BEARING,TATA,INDICA,INDICA,"",STD,KSPG,B.156.4.00.003
TALBROS,GASKETS,CHEVROLET,TAVERA,HEAD GASKET,MLS ( STEEL),"",TALBROS,MLS3110
TALBROS,GASKETS,TATA,"1613",HALF GASKET,EXCEL,"",TALBROS,HS1613DSXNATCBS2
BANCO,GASKETS,MARUTI,WAGON R/ALTO LX,BANKITE,HEAD GASKET,"",BANCO,"52313100PSBKT"
LEYPARTS,FILTERS,ASHOK LEYLAND,"",BSII/BSIII/BSIV,FUEL STRAINER,"",LEYPARTS,F8824500
TALBROS,GASKETS,TATA,INDIGO,FULL GASKET,DYNA SEAL,"",TALBROS,FS3164WOCS
KSPG,CONNECTING BUSH,TATA,INDICA,"","",STD,KSPG,PS.119.5.00.703
TALBROS QHT,BALL & SOCKET JOINT,TATA,"1516","","","",TALBROS QHT,BJ01001SMR
KAR VALVES,VALVE,MAHINDRA,PEUGEOT,XD3P,"",STD,KAR VALVES,KV1201-202
BANCO,GASKETS,MAHINDRA TRACTOR,INTERNATIONAL B275,MVR,VALVE COVER,"",BANCO,"5658431515MVR"
BANCO,GASKETS,TATA,"1612",AST,WATER PUMP SET,"",BANCO,"522069VP10AST"
KAR VALVES,VALVE,EICHER,JUMBO,"8 V","",STD,KAR VALVES,KV1569-570
LEYPARTS,FRONT AXLE,ASHOK LEYLAND,"",FA-90 OS1 (TP),KING PIN KIT,"",LEYPARTS,P5104847
LEYPARTS,DRIVE LINE,ASHOK LEYLAND,"","1710-SERIES (D150) 4 HOLES",FLANGE YOKE,"",LEYPARTS,P4502532
BANCO,GASKETS,TATA,"1210",PAP,GEAR BOX KIT,"",BANCO,"5220649600PAP"
RBL,BRAKE LINING,TATA,"1210",REAR 8 HOLES,"242","1MM",RBL,TZ/2/1 1MM 242
IPL,PISTON RING SET,EICHER,CANTER,E483/683 (JUMBO),"","",IPL,"642-3495V/1-STD"
KSPG,CONNECTING BEARING,ASHOK LEYLAND,HINO,BSIV,"","20",KSPG,B.241.4.10.023
KSPG,CONNECTING BEARING,MAHINDRA,B275,B275,"",STD,KSPG,B.304.4.00.003
BANCO,GASKETS,FORD TRACTOR,FARM TRAC 60,SAL,FULL GASKET,"",BANCO,"5352059910SAL"
KSPG,CONNECTING BEARING,EICHER,CANTER,CANTER,"","20",KSPG,B.235.4.00.023
KSPG,MAIN BEARING,MAHINDRA,SCORPIO,SCORPIO,"",STD,KSPG,M.333.0.10.003
BANCO,GASKETS,MARUTI,"K12SWIFT,RITZ ALL K12 ENGINES",MLS(STEEL),FULL GASKET,"",BANCO,"5231389900MLS"
TALBROS,GASKETS,TATA,INDICA,HEAD GASKET,EXCEL,"",TALBROS,"3085DSXNA3OS"
BANCO,GASKETS,TATA,"1612",BANKITE,HEAD GASKET,"",BANCO,"52206900PSBKT"
SETCO,COVER ASSY,ASHOK LEYLAND,"15INCHES 1.5SPLINES","","","",SETCO,"380-8063-9032R"
KSPG,CONNECTING BEARING,MARUTI,RITZ/SWIFT/DEZIRE,PETROL,"","10",KSPG,B.165.0.10.013
BANCO,GASKETS,MAHINDRA TRACTOR,INTERNATIONAL B275,PQB,HUB PACKING INTERFACE MATL.,"",BANCO,"5658435000PQB"
TIGER POWER,CYLINDER LINER,SKODA,OCTAVIA,SEMI FINISHED,REGULAR,STD,TIGER POWER,K2504000160
LEYPARTS,ENGINE,ASHOK LEYLAND,"",HINO FULL GASKET,GASKET,"",LEYPARTS,PD600502
SETCO,BRAKE LINING,EICHER,CANTER 10.90,REAR 4HOLES,"","1/32",SETCO,SL-XP-EM/1 (OS-1)
BANCO,GASKETS,ASHOK LEYLAND,HINO TURBO,MLS(STEEL),FULL GASKET,"",BANCO,"5360779900MLS"
RBL,BRAKE LINING,EICHER,Oct-95,FR & RR 12 HOLES,HF7,"1MM",RBL,RBL/T909-EX/1 1MM HF7
KSPG,MAIN BEARING,SIMPSON,P6,P6,"","50",KSPG,N.212.5.00.053
BANCO,GASKETS,TATA,"709 / 1109 TURBO",BANKITE,FULL GASKET,"",BANCO,"5220499930PBKT"
TALBROS QHT,GEAR SHIFTER,TATA,"609/709",RIGHT,"","",TALBROS QHT,GS01030RH
TIGER POWER,CYLINDER LINER,TATA,CUMMINS,SEMI FINISHED,PLAIN,"40TH",TIGER POWER,K2005501566
IPL,PISTON SET,MAHINDRA,SCORPIO,SCORPIO CRDE,"","",IPL,"602-12404W-STD"
TIGER POWER,VALVE,FORD,FIGO/FIESTA,"","",STD,TIGER POWER,V2013800160
SETCO,BRAKE LINING,EICHER,CANTER,REAR 4HOLES,"",STD,SETCO,SL-XP-EM/1 (STD.)
KAR VALVES,VALVE,EICHER,MODIFIED SHROUD,MODIFIED SHROUD,"",STD,KAR VALVES,KV1623-624
KSPG,CONNECTING BUSH,TATA,"1612(697)","","",STD,KSPG,PS.217.5.00.703
BANCO,GASKETS,TATA,SUMO/MOBILE/SIERA/SAFAR,HLT,MANIFOLD,"",BANCO,"5220460100HLT"
BANCO,GASKETS,MARUTI,CAR,BANKITE,FULL GASKET,"",BANCO,"52311199PSBKT"
BANCO,GASKETS,MASSEY FERGUSON,MF 135,TFX,MAIN DRIVE SHAFT RETAINING,"",BANCO,"5124236210TFX"
BANCO,GASKETS,MAHINDRA,PEUGEOT XDP-4 MILLOR TYPE,W/O CHG AST,FULL GASKET,"",BANCO,"5580359910AST"
KAR VALVES,VALVE,TATA,"407","407","",STD,KAR VALVES,KV1315-316A
BANCO,GASKETS,MASSEY FERGUSON,"245/S-3/1035 DI",TFX,DIFFERENTIAL COVER,"",BANCO,"5124244000TFX"
TALBROS,GASKETS,TATA,"1613",FULL GASKET,EXCEL,"",TALBROS,FS1613DSXTCNASBS2
SPICER,CLUTCH PLATE,TATA,"1310 SERIES","","","",SPICER,SDUJ1310L83
BANCO,GASKETS,FORD TRACTOR,FARM TRAC 60,SAL,HEAD GASKET,"",BANCO,"5352050010SAL"
KSPG,MAIN BEARING,MAHINDRA,PEUGEOT,PEUGEOT,"","30",KSPG,M.221.3.00.033
KSPG,CONNECTING BEARING,ASHOK LEYLAND,HINO,HINO ( EIII),"","10",KSPG,B.297.0.00.013
KSPG,MAIN BEARING,TOYOTA,QUALIS,QUALIS,"",STD,KSPG,M.140.0.00.003
TALBROS,GASKETS,HYUNDAI,ACCENT,FULL GASKET,DYNA SEAL,"",TALBROS,FS3181WOCS
LEYPARTS,BRAKE,ASHOK LEYLAND,"",REAR INNER,HUB OIL SEAL,"",LEYPARTS,F2730300
LEYPARTS,DRIVE LINE,ASHOK LEYLAND,"","1710-SERIES (PATTI TYPE)",UJ KIT,"",LEYPARTS,P4501251
TALBROS QHT,DRAG LINK,TATA,"1516/2213/3516",REPAIR KIT (2 SETS BOTH 30/35 DIA),"","",TALBROS QHT,DRK01008FS
BIMETAL,MAIN BEARING,TATA,"1612(697)","1612(697)","","20",BIMETAL,MS 2757 020
TIGER POWER,CYLINDER LINER,SML,MAZDA,PRE FINISHED,BY,STD,TIGER POWER,K2005400260
KSPG,MAIN BEARING,ASHOK LEYLAND,LEYLAND,LEYLAND 370,"","10",KSPG,M.205.4.09.013
BANCO,GASKETS,CHEVROLET,BEAT PETROL (4 CYL),MLS(STEEL),FULL GASKET,"",BANCO,"5340269900MLS"
BANCO,GASKETS,SIMPSON,P4,COPPER / NON ASBESTOS,FULL GASKET,"",BANCO,"5440269910CAC"
TALBROS,GASKETS,TATA,SUMO VICTA,HEAD GASKET,MLS ( STEEL),"",TALBROS,MLS3068PC
BANCO,GASKETS,TATA,ACE,BAF,HEAD GASKET,"",BANCO,"5220200018BAF"
RBL,BRAKE LINING,TATA,"407","12 HOLES",RD3205M,"1MM",RBL,IN/19/20/1 1MM RD3205M
RBL,BRAKE LINING,MAHINDRA,B275,B275,LAC 45,Jan-32,RBL,J40/0871 1/32 242
KSPG,CONNECTING BEARING,TATA,ACE,ACE,"",STD,KSPG,B.155.400.003
KSPG,THRUST WASHER,MARUTI,"800 (CAR)","800 (CAR)","",OS1,KSPG,W.110.5.00.413
KSPG,MAIN BEARING,KIRLOSKAR,HA 394,HA 394,"","20",KSPG,M.073.4.00.023
TALBROS,GASKETS,ASHOK LEYLAND,HINO,FULL GASKET,MLS ( STEEL),"",TALBROS,FS3088MLSMOS
KSPG,CONNECTING BEARING,TATA,CUMMINS,CUMMINS ( EIII),"","30",KSPG,B.245.4.30.033
ANHAD,HYDRAULIC JACK,"","35 TON","","","",ANHAD,"00AH124"
RBL,BRAKE LINING,TATA,"709",FR & RR 12 HOLES,HF7,"1MM",RBL,RBL/T709/1 1MM HF7
BANCO,GASKETS,TATA,"407 TURBO",BANKITE,HALF GASKET,"",BANCO,"52204098PSBKT"
BANCO,GASKETS,ASHOK LEYLAND,"370/411/412 BS II",BANKITE,MANIFOLD,"",BANCO,"5360640208BKT"
LEYPARTS,SUSPENSION,ASHOK LEYLAND,"",RH,BALL JOINT,"",LEYPARTS,F8319400
LEYPARTS,CLUTCH,ASHOK LEYLAND,"","15INCHES, MINING GEARBOX,FANTYPE",CLUTCH PLATE,"",LEYPARTS,B1M05201
RBL,BRAKE LINING,ASHOK LEYLAND,ECOMET 1112,FRONT 16 HOLES,RAF7,Jan-32,RBL,RBL/ECOMET/1112/2-1/32-RAF7
KSPG,MAIN BEARING,TATA,CUMMINS,CUMMINS (REG),"","20",KSPG,N.245.3.00.023
KSPG,CONNECTING BEARING,KIRLOSKAR,RA3,RA3,"","20",KSPG,B.038.4.00.023
RBL,BRAKE LINING,TATA,WTP,FRONT 14 HOLES,R1201,"2MM",RBL,RBL/WTP/1 2MM-R1203-HLS
IPL,PISTON SET,ASHOK LEYLAND,HINO,"6E (Non Turbo)","","",IPL,"602-13108W/6-STD"
BANCO,GASKETS,HONDA,ANAZE PETROL (4CYL),MLS(STEEL),FULL GASKET,"",BANCO,"5230269900MLS"
TIGER POWER,CYLINDER LINER,MAHINDRA,AVL,PRE FINISHED,MKM SILVER,STD,TIGER POWER,K2000403284
BANCO,GASKETS,MAHINDRA TRACTOR,INTERNATIONAL B275,HLT,CRANK CASE FRONT COVER,"",BANCO,"5658433600HLT"
BANCO,GASKETS,MARUTI,ALTO LX/800,SAS,MANIFOLD,"",BANCO,"5231130200SAS"
LEYPARTS,GEAR PARTS,ASHOK LEYLAND,"",OUTER EXTENDED,GEAR SHIFT LEVER,"",LEYPARTS,F9H01111
KAR VALVES,VALVE,MAHINDRA,MAHINDRA,JEETO,"",STD,KAR VALVES,KV1203-204
IPL,PISTON SET,TATA,CUMMINS,"6BT BSIV","","",IPL,"602-13727W/6-STD"
TALBROS,GASKETS,HYUNDAI,I20 DIESEL,FULL GASKET,DYNA SEAL,"",TALBROS,FS3186WOCS
SETCO,BRAKE LINING,ASHOK LEYLAND,"7 INCHES",REAR 10HOLES,SM,"1/16",SETCO,SL-XP-AL/TP/SM/3&4 (OS-2)
IPL,PISTON RING SET,FIAT,"1.3 SDE","1.3 SDE","","",IPL,"642-3155VQY-STD"
BANCO,GASKETS,MARUTI,SWIFT DIESEL,W/O CHG AST,FULL GASKET,"",BANCO,"5231169920AST"
RBL,DISCPAD,TATA,SAFARI & SIERRA,"","","",RBL,RBL/DP/056
IPL,VALVE,TOYOTA,QUALIS,EURO I,"",STD,IPL,"712-VZ09202"
BANCO,GASKETS,MASSEY FERGUSON,MF 1035,COPPER / NON ASBESTOS,HALF GASKET,"",BANCO,"5124199800CAC"
TALBROS,GASKETS,TATA,"609/709/1109",HALF GASKET,MLS ( STEEL),"",TALBROS,HS1109MLSMK2
KSPG,MAIN BEARING,EICHER,CANTER,"6CYL","","30",KSPG,M.235.4.10.033
TALBROS,GASKETS,MAHINDRA,"575",FULL GASKET,DYNA SEAL,"",TALBROS,FS3070DSXWOCMK1
BANCO,GASKETS,HMT TRACTOR,"2511",BANKITE,HEAD GASKET,"",BANCO,"5641530012BKT"
KSPG,CONNECTING BEARING,MAHINDRA,PEUGEOT,PEUGEOT,"",STD,KSPG,B.221.3.00.003
KSPG,MAIN BEARING,TATA,"1210","1210","","40",KSPG,M.207.3.00.043
TALBROS,GASKETS,TATA,ACE,HEAD GASKET,EXCEL,"",TALBROS,"3106DSXNANM1OS"
LEYPARTS,FRONT AXLE,ASHOK LEYLAND,"",FA-90 STD (TRTP),KING PIN KIT,"",LEYPARTS,P5104856
KAR VALVES,VALVE,EICHER,CANTER,MG 8V,"",STD,KAR VALVES,KV1571-572
TIGER POWER,CYLINDER LINER,TATA,CUMMINS,SEMI FINISHED,COLLAR,"10TH",TIGER POWER,K2005500266
RBL,BRAKE LINING,TATA,SUMO,SUMO,"262",Jan-32,RBL,RBL/T207/B/L&S 1/32 262
KSPG,MAIN BEARING,CHEVROLET,TAVERA,TAVERA,"","10",KSPG,M.154.0.00.013
KSPG,CONNECTING BEARING,SIMPSON,P3,P3,"",STD,KSPG,B.210.3.00.003
BANCO,GASKETS,MASSEY FERGUSON,MF 135,HLT,WATER PUMP SET,"",BANCO,"5124224608HLT"
BANCO,GASKETS,TATA,INDIGO,MLS(STEEL),HEAD GASKET,"",BANCO,"5220500017MLS"
LEYPARTS,FILTERS,ASHOK LEYLAND,"",BSIV,OIL FILTER,"",LEYPARTS,F7B02900
BANCO,GASKETS,MARUTI,ESTEEM A MAT,AST,SILENCER PACKING,"",BANCO,"5231293100AST"
RBL,BRAKE LINING,TATA,"1009",FR & RR 12 HOLES,HF7,"2MM",RBL,RBL/T1009TT/1 2MM HF7
KSPG,MAIN & CR BRG,CHEVROLET,TAVERA,TAVERA,"",STD,KSPG,P.154.0.00.003
KSPG,MAIN BEARING,TATA,"1210","1210","","30",KSPG,M.207.3.01.033
LEYPARTS,SUSPENSION,ASHOK LEYLAND,"",BIG (REAR),WAVELLER PAD,"",LEYPARTS,F0130350
LEYPARTS,CLUTCH,ASHOK LEYLAND,"",BSII/BSIII/BSIV,CLUTCH BOOSTER,"",LEYPARTS,F5P00500
LEYPARTS,BRAKE,ASHOK LEYLAND,"",FRONT INNER (6379/6320),HUB BEARINGS,"",LEYPARTS,F0P02510
BANCO,GASKETS,MAHINDRA TRACTOR,INTERNATIONAL B275,TFX,TR.CASE COVER,"",BANCO,"5658433923TFX"
GOETZE,PISTON SET,MAHINDRA,ARJUN TRACTOR,ARJUN TRACTOR,"","",GOETZE,"05603PPCSD0000C1"
LEYPARTS,HYDRAULIC,ASHOK LEYLAND,"","83CC (3 HOLES)",PTO PUMP,"",LEYPARTS,PC900021
TIGER POWER,CYLINDER LINER,MAHINDRA,AVL 475,PRE FINISHED,MOLYGOLD,STD,TIGER POWER,K2000401260
BANCO,GASKETS,SWARAJ MAZDA,SWARAJ MAZDA,BAF,FULL GASKET,"",BANCO,"52262699PSBAF"
KAR VALVES,VALVE,FORD,"3600","3600","","25",KAR VALVES,KV17001-7002
KSPG,MAIN BEARING,TATA,"1612(697)","1612(697)","","10",KSPG,M.246.3.00.013
LEYPARTS,CABLES,ASHOK LEYLAND,"",HINO BSII/BSIII/BSIV,ARENS CONTROL COMPLETE,"",LEYPARTS,B3733302
KAR VALVES,VALVE,INDUSTRIAL-CUMMINS,"3921444-C SERIES","3921444-C SERIES","",STD,KAR VALVES,KV1252-2V
BIMETAL,CONNECTING BEARING,TATA,CUMMINS,CUMMINS BSIII,"",STD,BIMETAL,CS 5317 STD
TIGER POWER,CYLINDER LINER,TATA,"407",PRE FINISHED,THIN COLLAR,STD,TIGER POWER,K2007000260
TALBROS QHT,BALL SUSPENSION JOINT,ASHOK LEYLAND,ALL MODELS,BALL SUSPENSION JOINT LOWER,"","",TALBROS QHT,BJ07001L
BANCO,GASKETS,MARUTI,SWIFT DIESEL,MLS(STEEL),HEAD GASKET,"",BANCO,"5231160017MLS"
TALBROS,GASKETS,TATA,"609/709",HALF GASKET,DYNA SEAL,"",TALBROS,HS609DSXTCCT
KSPG,MAIN BEARING,MAHINDRA,ARJUN TRACTOR,ARJUN TRACTOR,"",STD,KSPG,M.333.3.00.003
IPL,PISTON RING SET,MAHINDRA,BSIII,BS III,"","",IPL,"642-3418VQY/1-STD"
TALBROS,GASKETS,SIMPSON,S4,HALF GASKET,DYNA SEAL,"",TALBROS,HSMIA1026
IPL,VALVE,TATA,CUMMINS,BS II,"","10",IPL,"712-VT10211-010"
BANCO,GASKETS,MAHINDRA,JEEP DIESEL,BANKITE,FULL GASKET,"",BANCO,"55803099PSBKT"
BANCO,GASKETS,TATA,"608",RCC,CHAMBER PACKING,"",BANCO,"5220601000RCC"
BANCO,GASKETS,TATA,CUMMINS BS1 / BS2,AST,COVERSION SET WITH CHAMBER PACKING,"",BANCO,"5220529530AST"
BIMETAL,CONNECTING BEARING,ASHOK LEYLAND,LEYLAND,LEYLAND 370,"","30",BIMETAL,CS 179 030
BANCO,GASKETS,MAHINDRA TRACTOR,"575 DI (4CYL.)",BANKITE,FULL GASKET,"",BANCO,"56584699PSBKT"
LEYPARTS,FILTERS,ASHOK LEYLAND,"",TRW BSII & BSIII,STEERING FILTER,"",LEYPARTS,P2405339
KAR VALVES,VALVE,ESCORT FORD,"345",(E2.228),"",STD,KAR VALVES,KV1609-612CF
BANCO,GASKETS,MAHINDRA TRACTOR,INTERNATIONAL B275,TFX,WATER PUMP SET,"",BANCO,"5658434400TFX"
BIMETAL,MAIN BEARING,TATA,"709","709","","30",BIMETAL,MS 2758 030
TALBROS,GASKETS,TATA,INDIGO,FULL GASKET,DYNA SEAL,"",TALBROS,FS3165WOCS
KSPG,MAIN BEARING,MARUTI,"1000CC","1000CC","",STD,KSPG,M.113.3.00.003
BANCO,GASKETS,TATA,ACE,RUB,VALVE COVER,"",BANCO,"5220201500RUB"
TALBROS,GASKETS,TATA,"697",HALF GASKET,DYNA SEAL,"",TALBROS,HS728DSXCT
LEYPARTS,BRAKE,ASHOK LEYLAND,"",MSP3/86,AIR CHAMBERS,"",LEYPARTS,P1018651
SVL,UJ KIT,ASHOK LEYLAND,"90SERIES","","","",SVL,VDUJ0090L126
TALBROS,GASKETS,TATA,"697",HALF GASKET,DYNA SEAL,"",TALBROS,HS728DSX
LEYPARTS,ENGINE,ASHOK LEYLAND,"","",VALVE CAP,"",LEYPARTS,X1100615
RBL,BRAKE LINING,TATA,"1510/1612",FRONT 10 HOLES,GT11-HLS,STD,RBL,TT/TP/SM/1 STD GT11-HLS
SUPER PAC,GASKETS,TATA,CUMMINS BS-III,FULL GASKET,WITH VALVE STEM SEALS,"",SUPER PAC,FS3157DSXNAMK1
KAR VALVES,Valve Collets,TATA,CUMMINS,BS III,"","",KAR VALVES,VC016003
BANCO,GASKETS,MAHINDRA,XDP 3,BAF,HEAD GASKET,"",BANCO,"5580390017BAF"
KSPG,MAIN BEARING,ESCORT FORD,ESCORT FORD,ESCORT FORD,"","50",KSPG,N.302.3.00.053
BANCO,GASKETS,MAHINDRA TRACTOR,"265/275 DI (3 CYL)",BANKITE,FULL GASKET,"",BANCO,"56581699PSBKT"
TALBROS,GASKETS,MARUTI,ZEN,FULL GASKET,DYNA SEAL,"",TALBROS,FS3076DSX
IPL,PISTON SET,TATA,SAFARI DICOR,SAFARI DICOR (2.2),"","",IPL,"602-11408W-STD"
LEYPARTS,GEARBOX,ASHOK LEYLAND,"","75X83X40 8S/9S",GEARBOX NEEDLE BEARING,"",LEYPARTS,F0267310
TALBROS,GASKETS,ASHOK LEYLAND,"402/411",FULL GASKET,DYNA SEAL,"",TALBROS,FS390DSXMK2
IPL,PISTON SET,MARUTI,SWIFT,SWIFT DIESEL,"","",IPL,"602-K10515W-STD"
BANCO,GASKETS,MARUTI,VAN,BANKITE,HEAD GASKET,"",BANCO,"5231120010BKT"
TIGER POWER,CYLINDER LINER,MAHINDRA,HAWK,SEMI FINISHED,HAWK,STD,TIGER POWER,K2002500460
BANCO,GASKETS,TATA,"1210",PAP,GEAR BOX KIT,"",BANCO,"5220629611PAP"
KSPG,CAM BUSH,EICHER,CANTER,"","",STD,KSPG,C.266.2.10.703
LEYPARTS,GEARBOX,ASHOK LEYLAND,"","3 & 4, 9 SPEED",SYNCHRO RING,"",LEYPARTS,FD900411
KSPG,MAIN BEARING,TATA,"407","407","","30",KSPG,M.236.3.00.033
KSPG,MAIN BEARING,TATA,"407","407","",STD,KSPG,M.236.3.0.003
KSPG,MAIN BEARING,MAHINDRA,PEUGEOT,PEUGEOT,"","40",KSPG,M.221.3.00.043
KSPG,THRUST WASHER,TATA,INDICA,"","",RS2,KSPG,PW.119.5.00.423
BANCO,GASKETS,TATA,"1210",BANKITE,HALF GASKET,"",BANCO,"52206498PSBKT"
KAR VALVES,VALVE,MASSEY FERGUSON,PERKINS,P6/354,"",STD,KAR VALVES,KV1403-404
KSPG,MAIN BEARING,EICHER,CANTER,CANTER,"","20",KSPG,M.235.4.00.023
KSPG,MAIN BEARING,MAHINDRA,PEUGEOT,PEUGEOT,"","20",KSPG,M.221.3.00.023
RBL,BRAKE LINING,MAHINDRA,SUPRO/JEETO,WITH RIVETS,"262","1/16",RBL,RBL/FC150/L&S (WR) 1/16 242
TALBROS,GASKETS,TATA,ACE,HEAD GASKET,EXCEL,"",TALBROS,"3106DSXNANM2OS"
BANCO,GASKETS,TATA,CUMMINS BS 3,PQB,FULL GASKET,"",BANCO,"5220549910APQB"
KSPG,CAM BUSH,TATA,"1210","1210","",STD,KSPG,C.207.6.00.003
KAR VALVES,Valve Collets,TATA,"697","1612(697)","","",KAR VALVES,VC016001
BANCO,GASKETS,MAHINDRA TRACTOR,INTERNATIONAL B275,PQB,REAR AXLE PACKING,"",BANCO,"5658437906PQB"
TALBROS,GASKETS,TATA,"609/709",FULL GASKET,DYNA SEAL,"",TALBROS,FS609SBGTCCSMK2
IPL,PISTON RING SET,SIMPSON,P3,"5RV","","",IPL,"642-6575V/3-STD"
LEYPARTS,GEARBOX,ASHOK LEYLAND,"","4TH GEAR 36T 5S/6S",MAINSHAFT SLEEVE SPIGOT,"",LEYPARTS,F3424115
KSPG,CONNECTING BEARING,ASHOK LEYLAND,LEYLAND,LEYLAND 370,"","70",KSPG,B.205.3.09.073
RBL,BRAKE LINING,MAHINDRA,B275,B275,"242",STD,RBL,J40/0871 STD 242
BANCO,GASKETS,TATA,"709 / 1109 TURBO",HTMG,FULL GASKET,"",BANCO,"5220499900HTMG"
TIGER POWER,CYLINDER LINER,JCB,DX-4 SHAKTI,SEMI FINISHED,"103MM",STD,TIGER POWER,K2000200284
BANCO,GASKETS,TATA,CUMMINS BS 3,PQB,HALF GASKET,"",BANCO,"5220549820PQB"
BANCO,GASKETS,TATA,CUMMINS BS 3,SYR,VALVE COVER,"",BANCO,"5220541500SYR"
RBL,BRAKE LINING,AMW,AMW,FRONT 10 HOLES,RAF7,STD,RBL,RBL/AMW/F/1 STD RAF7
KSPG,MAIN BEARING,TATA,"1612(697)","1612(697)","","60",KSPG,M.217.4.00.063
BANCO,GASKETS,TATA,"1210",AST,OIL COOLING KIT,"",BANCO,"5220647010AST"
RBL,DISCPAD,MAHINDRA,JEETO & MAXIMMO,"","","",RBL,RBL/PDP/525
IPL,PISTON SET,ASHOK LEYLAND,DOST,DOST,"","",IPL,"602-11412W-STD"
LEYPARTS,BRAKE,ASHOK LEYLAND,"",MINOR REPAIR KIT,SLACK ADJUSTER,"",LEYPARTS,P1013851
KSPG,THRUST WASHER,TATA,INDICA,"","",RS1,KSPG,PW.119.5.00.413
BANCO,GASKETS,SIMPSON,P6,CCA,BW NO 1,"",BANCO,"544053W15CCA"
BANCO,GASKETS,SIMPSON,S4,MVR,VALVE COVER,"",BANCO,"5440291515MVR"
LEYPARTS,CLUTCH,ASHOK LEYLAND,"","14INCHES, BLACK FACING",CLUTCH PLATE,"",LEYPARTS,B1304702
TIGER POWER,VALVE,TATA,"1612 BS3","","",STD,TIGER POWER,V2007600560
KSPG,THRUST WASHER,CHEVROLET,TAVERA,TAVERA,"","3",KSPG,W.154.0.00.003
KAR VALVES,VALVE,CATERPILLAR,VALVE,VALVE,"",STD,KAR VALVES,KV1961
KSPG,VR BUSH,MAHINDRA,MAN FORCE,MAN FORCE,"",STD,KSPG,V.384.5.00.703
KSPG,CONNECTING BUSH,ASHOK LEYLAND,HINO,"","",STD,KSPG,S.241.5.10.703
BANCO,GASKETS,MARUTI,VAN,BANKITE,HALF GASKET,"",BANCO,"5231129800BKT"
TALBROS,GASKETS,KIRLOSKAR,"6R",FULL GASKET,EXCEL,"",TALBROS,FS3119DSXNA
KSPG,CAM BUSH,ASHOK LEYLAND,LEYLAND,"","",STD,KSPG,C.241.5.00.003
TALBROS,GASKETS,TATA,"1210",HALF GASKET,DYNA SEAL,"",TALBROS,HS702DSX
IPL,PISTON RING SET,MARUTI,ALTO,ALTO,"","",IPL,"642-K5945G/3-STD"
KSPG,MAIN BEARING,MARUTI,WAGONR,"4CYL","","20",KSPG,M.135.0.00.023
TIGER POWER,CYLINDER LINER,TOYOTA,ETIOS,SEMI FINISHED,ETIOS,STD,TIGER POWER,K2012600260
RBL,BRAKE LINING,ASHOK LEYLAND,ECOMET 1112,FRONT 16 HOLES,RAF7,Jan-16,RBL,RBL/ECOMET/1112/1 1/16 RAF7
KSPG,THRUST WASHER,TATA,"1612(697)","1612(697)","",OS2,KSPG,W.217.5.00.423
RBL,DISCPAD,MARUTI,ALTO LX & WAGONR,"","","",RBL,RBL/DP/029
TALBROS,GASKETS,MARUTI,WAGONR,FULL GASKET,DYNA SEAL,"",TALBROS,FS3096DSX
ANHAD,SCREW DRIVER,"","",REVERSABLE  TWO IN ONE,"",ROD 6.0 X 300  TIP 6.0X1.5,ANHAD,"00ASR6300"
KSPG,MAIN BEARING,MARUTI,SWIFT DIESEL,SWIFT DIESEL,"","20",KSPG,N.131.0.00.023
KSPG,MAIN BEARING,MARUTI,"800 (CAR)","800 (CAR)","","60",KSPG,M.110.3.00.063
BANCO,GASKETS,MASSEY FERGUSON,MF 135,HLT,WATER PUMP SET,"",BANCO,"5124224200HLT"
LEYPARTS,GEARBOX,ASHOK LEYLAND,"",INPUT SHAFT (5& 6 SPEED),OIL SEAL,"",LEYPARTS,F2726400
KSPG,CONNECTING BEARING,MARUTI,"1000CC","1000CC","","10",KSPG,B.113.3.00.013
BANCO,GASKETS,TATA,CUMMINS BS1 / BS2,BANCO EXTRA POWER,FULL GASKET,"",BANCO,"5220529930BEP"
BANCO,GASKETS,TATA,CUMMINS BS1 / BS2,W/O VSS APQB,FULL GASKET,"",BANCO,"5220529910APQB"
KSPG,CONNECTING BEARING,KIRLOSKAR,HA 394,HA 394,"","10",KSPG,B.073.4.00.013
KSPG,MAIN BEARING,MAHINDRA,BOLERO,XD3P,"","30",KSPG,M.239.3.00.033
RBL,BRAKE LINING,TATA,"1210",FRONT 8 HOLES,"242",STD,RBL,TZ/1/1 STD 242
KSPG,CONNECTING BEARING,CHEVROLET,TAVERA,TAVERA,"","40",KSPG,B.154.0.00.043
TRUCKPARTS-COOLANT,COOLANT,"","",GREEN(1:4),"","5LTR",TRUCKPARTS-COOLANT,TPC4-005(5L)
SUPER PAC,GASKETS,TATA,CUMMINS BS-II,HEAD GASKET,BS-II GASKET,"",SUPER PAC,"3156DSXNA"
KAR VALVES,VALVE,EICHER,NC 364,NC 364,"",STD,KAR VALVES,KV1607-608
BANCO,GASKETS,MAHINDRA,PEUGEOT XDP-4,SAL,FULL GASKET,"",BANCO,"55803399PSSAL"
RBL,DISCPAD,MARUTI,BALENO & NEW DZIRE,"","","",RBL,RBL/PDP/530
TALBROS,GASKETS,TATA,"1210",HEAD GASKET,DYNA SEAL,"",TALBROS,"702DSX"
IPL,PISTON RING SET,SIMPSON,P3,"5RV","","",IPL,"642-9725V/3-STD"
BANCO,GASKETS,SIMPSON,S3/241,BAF,FULL GASKET,"",BANCO,"54401899PSBAF"
BANCO,GASKETS,MAHINDRA,JEEP DIESEL,CAS,HEAD GASKET,"",BANCO,"5580300005CAS"
LEYPARTS,CLUTCH,ASHOK LEYLAND,"",ONLY HUB (BSII/BSIII),CLUTCH RELEASE BEARING,"",LEYPARTS,F3423022
KSPG,MAIN BEARING,TATA,"1210","1210","","10",KSPG,M.207.3.00.013
RBL,BRAKE LINING,ASHOK LEYLAND,"5 INCHES",FRONT 10 HOLES,HF7S,"1/16",RBL,AL/TP/SM/1&2 1/16 HF7S
KSPG,CONNECTING BUSH,TATA,INDIGO,INDIGO,"",STD,KSPG,S.119.5.20.703
KAR VALVES,WATER PUMP,TATA,CUMMINS,BSIII,"","",KAR VALVES,WP016002
LEYPARTS,ENGINE,ASHOK LEYLAND,"",HINO REGULAR,CONNECTNG BRG,"",LEYPARTS,P0913751
KSPG,MAIN BEARING,EICHER,CANTER,CANTER,"",STD,KSPG,M.235.4.00.003
KSPG,CONNECTING BEARING,MAHINDRA,PEUGEOT,PEUGEOT,"","60",KSPG,B.221.3.00.063
KAR VALVES,VALVE,JCB,DIESEL MAX,DIESEL MAX,"","10",KAR VALVES,KV1175-176-10
LEYPARTS,ENGINE,ASHOK LEYLAND,"",HINO REG (S1),CONNECTING BRG,"",LEYPARTS,P0914351
KSPG,CONNECTING BEARING,MAHINDRA,BOLERO,XD3P,"","30",KSPG,B.239.3.00.033
KSPG,CONNECTING BEARING,TATA,"1210","1210","","10",KSPG,B.207.3.00.013
BANCO,GASKETS,SIMPSON,P4,SAS,MANIFOLD,"",BANCO,"5440263010SAS"
KSPG,MAIN BEARING,MAHINDRA,MAXIMO,MAXIMO,"","10",KSPG,M.166.0.00.013
BANCO,GASKETS,TATA,"1613(697) TURBO",BAF,HEAD GASKET,"",BANCO,"52207000PSBAF"
KAR VALVES,VALVE,SWARAJ,KOEL/TMA,KOEL/TMA,"",STD,KAR VALVES,KV1711-712
BIMETAL,MAIN BEARING,ASHOK LEYLAND,LEYLAND,LEYLAND 370,"","10",BIMETAL,MS 474 010
TALBROS,GASKETS,TATA,"407",HALF GASKET,DYNA SEAL,"",TALBROS,HS3045DSX
RBL,BRAKE SHOE,MAHINDRA,XYLO-PREMIUM,"","","",RBL,RBL/BS/019
KSPG,CONNECTING BEARING,ESCORT FORD,ESCORT FORD,ESCORT FORD,"","50",KSPG,B.302.3.00.053
TALBROS,GASKETS,ASHOK LEYLAND,HINO (TURBO),HEAD GASKET,MLS ( STEEL),"",TALBROS,MLS3088
TALBROS QHT,RACKEND,ASHOK LEYLAND,TAURUS TIPPER (FA90),RACKEND,"","",TALBROS QHT,TRE07015PR
KSPG,MAIN BEARING,TATA,"1612(697)","1612(697)","","60",KSPG,M.246.3.00.063
RBL,DISCPAD,MAHINDRA,XUV500 FRONT,"","","",RBL,RBL/PDP/515
TALBROS,GASKETS,TATA,"407",HEAD GASKET,DYNA SEAL,"",TALBROS,"3045DSX"
RBL,BRAKE LINING,ASHOK LEYLAND,"7 INCHES",REAR 10 HOLES,GT11-HLS,"1/16",RBL,AL/TP/SM/3&4 1/16 GT11-HLS
BANCO,GASKETS,HYUNDAI,I 10 KAPPA,MLS(STEEL),HEAD GASKET,"",BANCO,"52242600PCMLS"
KAR VALVES,VALVE,TATA,CUMMINS,BS II,"","3",KAR VALVES,KV18190-8200
BANCO,GASKETS,MAHINDRA,PEUGEOT XDP-4,SAS,EXHAUST OUTLET,"",BANCO,"5580333000SAS"
TALBROS,GASKETS,TOYOTA,QUALIS,FULL GASKET,MLS ( STEEL),"",TALBROS,FS3114MLS
BANCO,GASKETS,TATA,SAFARI/DELUX,SYR,VALVE COVER,"",BANCO,"5220361500SYR"
BANCO,GASKETS,MARUTI,ESTEEM A MAT,GAF,HEAD GASKET,"",BANCO,"52312900PSGAF"
BANCO,GASKETS,SIMPSON,P6,HLT,LUBE OIL PUMP DRIVE,"",BANCO,"5440536409HLT"
BANCO,GASKETS,MAHINDRA TRACTOR,INTERNATIONAL B275,PQB,HALF GASKET WITH CHAMBER KIT,"",BANCO,"5658439700PQB"
BANCO,GASKETS,MAHINDRA TRACTOR,INTERNATIONAL B275,HLT,THERMOSTAT HOUSING INTER,"",BANCO,"5658436005HLT"
LEYPARTS,FILTERS,ASHOK LEYLAND,"",SINGLE LIFE ( ALBSII),OIL FILTER,"",LEYPARTS,F4000100
TALBROS,GASKETS,ASHOK LEYLAND,HINO (TURBO),FULL GASKET,MLS ( STEEL),"",TALBROS,FS3088MLS
KSPG,CONNECTING BEARING,MAHINDRA,ARJUN TRACTOR,ARJUN TRACTOR,"","10",KSPG,B.333.3.00.013
KSPG,CONNECTING BEARING,TATA,SUMO,SUMO(4DL),"","30",KSPG,B.234.4.00.033
BANCO,GASKETS,FORD TRACTOR,POWERTRAC - 340,BANKITE,FULL GASKET,"",BANCO,"5352149900BKT"
TIGER POWER,CYLINDER LINER,TATA,"609/709",PRE FINISHED,THICK COLLAR (BS3),"20TH",TIGER POWER,K2007601895
TALBROS,GASKETS,ASHOK LEYLAND,IVECO,HALF GASKET,DYNA SEAL (2CUT),"",TALBROS,HS3072DSX1OS
LEYPARTS,DRIVE LINE,ASHOK LEYLAND,"","90-SERIES, (4 HOLES, 34SPLINES, SERRATED)",COMPANION FLANGE,"",LEYPARTS,P4503132
RBL,BRAKE LINING,ASHOK LEYLAND,"6 INCHES",FRONT 10 HOLES,HF7i,"1/16",RBL,AL/TP/SM/7&8 1/16 HF7i
SVL,UJ KIT,ASHOK LEYLAND,"17SERIES  PATTI TYPE","","","",SVL,VDUJ1710L173
TIGER POWER,CYLINDER LINER,ASHOK LEYLAND,"400",PRE FINISHED,EURO TC/AC,"10TH",TIGER POWER,K2000203081
KSPG,MAIN BEARING,EICHER,CANTER,"6CYL","",STD,KSPG,M.235.4.10.003
KSPG,MAIN BEARING,ESCORT FORD,ESCORT FORD,ESCORT FORD,"","60",KSPG,N.302.3.00.063
KSPG,MAIN & CR BRG,TOYOTA,QUALIS,QUALIS,"","10",KSPG,P.140.0.00.013
IPL,PISTON RING SET,SIMPSON,SAMRAT,"3RV","","",IPL,"642-9750V-STD"
KSPG,MAIN & CR BRG,TOYOTA,QUALIS,QUALIS,"","30",KSPG,P.140.0.00.033
TALBROS,GASKETS,MAHINDRA,"575",HEAD GASKET,DYNA SEAL,"",TALBROS,"3070DSXFC"
USHA,PISTON RING SET,TATA,"697",CPC,"","",USHA,H20
BANCO,GASKETS,MASSEY FERGUSON,MF 1035,HLT,HEAD GASKET,"",BANCO,"5124204604HLT"
TALBROS,GASKETS,MARUTI,ZEN,HEAD GASKET,DYNA SEAL,"",TALBROS,"3076DSX"
BANCO,GASKETS,MAHINDRA TRACTOR,"265/275 DI (3 CYL)",BANKITE,HALF GASKET,"",BANCO,"56581698PSBKT"
KSPG,CONNECTING BUSH,MAHINDRA,PEUGEOT,PEUGEOT,"",STD,KSPG,PS.221.5.00.703
KSPG,CAM BUSH,MAHINDRA,AVL,"","",STD,KSPG,PC.320.6.00.003
KSPG,MAIN BEARING,TATA,CUMMINS,BS II,"","40",KSPG,N.245.3.00.043
KAR VALVES,VALVE,TATA,"1510","1510","",STD,KAR VALVES,KV1305-306
KAR VALVES,VALVE,HMT,ZETOR,"5911","",STD,KAR VALVES,KV1753-754
TALBROS,GASKETS,TATA,INDIGO,HEAD GASKET,MLS ( STEEL),"",TALBROS,MLS3085
TALBROS,GASKETS,ASHOK LEYLAND,HINO (NON TURBO),HEAD GASKET,DYNA SEAL,"",TALBROS,"3078DS"
BANCO,GASKETS,MAHINDRA TRACTOR,"575 DI (4CYL.)",PQB,HALF GASKET,"",BANCO,"5658469810PQB"
LEYPARTS,FILTERS,ASHOK LEYLAND,"","500ML (ECOMET)",PRE FUEL FILTER,"",LEYPARTS,FHJ00700
BANCO,GASKETS,TATA,"4 DL",MLS(STEEL),HEAD GASKET,"",BANCO,"5220460017MLS"
KSPG,THRUST WASHER,TATA,SUMO,SUMO(4DL),"",OS2,KSPG,PW.234.5.00.423
BIMETAL,MAIN BEARING,ASHOK LEYLAND,LEYLAND,LEYLAND 370,"","20",BIMETAL,MS 474 020
TALBROS,GASKETS,TATA,CUMMINS 6CT,FULL GASKET,DYNA SEAL,"",TALBROS,FS3117SBG
TIGER POWER,CYLINDER LINER,TATA,CUMMINS,PRE FINISHED,COLLAR,"20TH",TIGER POWER,K2005501166
KSPG,CONNECTING BEARING,ASHOK LEYLAND,HINO,HINO (REG),"","10",KSPG,B.241.4.00.013
TIGER POWER,VALVE,TATA,ACE,"","",STD,TIGER POWER,V2001000360
KSPG,CAM BUSH,KIRLOSKAR,HA 394,"","",STD,KSPG,C.073.6.00.003
BANCO,GASKETS,TATA,"1613(697) TURBO",BAF,FULL GASKET,"",BANCO,"52208199PSBAF"
TIGER POWER,CYLINDER LINER,HINDUSTAN MOTORS,TREKKAR,SEMI FINISHED,CT 3.019,STD,TIGER POWER,K2009100585
LEYPARTS,SUSPENSION,ASHOK LEYLAND,"",SMALL (FRONT),WAVELLER PAD,"",LEYPARTS,F0130150
TIGER POWER,CYLINDER LINER,TATA,INDIGO,SEMI FINISHED,REGULAR,STD,TIGER POWER,K2001800180
LEYPARTS,BRAKE,ASHOK LEYLAND,"",BS///BSIII,DUAL BRAKE VALVE,"",LEYPARTS,F8814000
LEYPARTS,ENGINE,ASHOK LEYLAND,"",POLY V CRANK SHAFT,CRANK PULLEY,"",LEYPARTS,X1503722
KAR VALVES,VALVE,KOMATSU,"11Z1110045","11Z1110045","",STD,KAR VALVES,KV1861
KSPG,THRUST WASHER,TATA,"1612(697)","","",OS2,KSPG,PW.217.5.00.443
BANCO,GASKETS,MAHINDRA,PEUGEOT XDP-4,HLT,GEAR BOX KIT,"",BANCO,"5580339600HLT"
KSPG,CONNECTING BUSH,MAHINDRA,AVL,"","",STD,KSPG,PS.320.5.00.703
BANCO,GASKETS,MASSEY FERGUSON,MF 135,PAP,REAR AXLE PACKING,"",BANCO,"5124234010PAP"
ANHAD,CROSS SPANNER,"","",STAR TYPE,"","17X18-19X21",ANHAD,"00A101"
IPL,PISTON SET,ASHOK LEYLAND,LEYLAND,"402/412 ACTC","","",IPL,"602-13221W-STD"
IPL,PISTON RING SET,SIMPSON,"50HP","2.7L","","",IPL,"642-9672V/4-STD"
IPL,PISTON RING SET,ASHOK LEYLAND,DOST,DOST,"","",IPL,"642-9256Q-STD"
KSPG,MAIN BUSH,LOMNARDI NI,"500","500","",STD,KSPG,L.604.5.00.003
KSPG,CONNECTING BEARING,SIMPSON,P3,P3,"",STD,KSPG,B.210.5.00.003
BANCO,GASKETS,MAHINDRA,JEEP PETROL,BANKITE,HEAD GASKET,"",BANCO,"5580290005BKT"
KAR VALVES,VALVE,ESCORT FORD,E3.215/E3.179,E3.215/E3.179,"",STD,KAR VALVES,KV1679-680
TALBROS,GASKETS,ASHOK LEYLAND,"402/411",FULL GASKET,DYNA SEAL,"",TALBROS,FS390DSX
TIGER POWER,CYLINDER LINER,TATA,"1612(97MM)",PRE FINISHED,THIN COLLAR,STD,TIGER POWER,K2007600761
RBL,BRAKE SHOE,MARUTI,ZEN (K),"","","",RBL,RBL/BS/007
TALBROS QHT,TIE ROD,TATA,HCV MODELS,TIE ROD END ( BOTH 30DIA),"","",TALBROS QHT,TRE01001LH
BANCO,GASKETS,MAHINDRA TRACTOR,"225 DI (2CYL)",BANKITE,HALF GASKET,"",BANCO,"56581198PSBKT"
MAHLE,PISTON RING SET,TATA,CUMMINS BSIII,MOLY-LVC,"","",MAHLE,"770RS401760V0-LVC"
KSPG,CONNECTING BEARING,SIMPSON,P3,P3,"","10",KSPG,B.210.5.00.013
LEYPARTS,SUSPENSION,ASHOK LEYLAND,"",RH,TIE ROD END,"",LEYPARTS,P2409639
BANCO,GASKETS,TATA,"407 NON TURBO",W/O CHG AST,FULL GASKET,"",BANCO,"5220449900AST"
TALBROS,GASKETS,TATA,ACE,FULL GASKET,DYNA SEAL,"",TALBROS,FS3166WOCS
RBL,BRAKE LINING,MAHINDRA,B275,B275,LAC 45,STD,RBL,J40/0871 STD LAC 45
IPL,PISTON RING SET,MAHINDRA,SCORPIO,SCORPIO & XYLO,"","",IPL,"642-K6203VQY-STD"
TALBROS,GASKETS,TATA,"1109",HALF GASKET,DYNA SEAL,"",TALBROS,HS1109SBGTCMK2
BANCO,GASKETS,MAHINDRA TRACTOR,INTERNATIONAL B275,PQB,GEAR SHAFT KIT,"",BANCO,"5658433800PQB"
TIGER POWER,CYLINDER LINER,CHEVROLET,TAVERA,PRE FINISHED,"3B",STD,TIGER POWER,K2004100460
MAHLE,PISTON SET,TATA,CUMMINS BSIII,CUMMINS BSIII,"","",MAHLE,"770PI40080P00"
BANCO,GASKETS,MASSEY FERGUSON,MF 1035,COPPER / NON ASBESTOS,HEAD GASKET,"",BANCO,"5124200002CAC"
BANCO,GASKETS,MARUTI,ALTO LX/800,GAF,FULL GASKET,"",BANCO,"5231139920GAF"
RBL,BRAKE LINING,ASHOK LEYLAND,"8 INCHES",REAR 12 HOLES,GT11 HLS,"1/16",RBL,AL/TP/HLP/B/10&11 1/16
TALBROS,GASKETS,MARUTI,SWIFT,FULL GASKET,DYNA SEAL,"",TALBROS,FS3202WOCS
KAR VALVES,VALVE,ASHOK LEYLAND,LEYLAND,"680-ALL","",STD,KAR VALVES,KV1359-360
KAR VALVES,VALVE,MARUTI,ALTO,ALTO,"",STD,KAR VALVES,KV1139-140
BANCO,GASKETS,TOYOTA,COROLLA,MLS(STEEL),HEAD GASKET,"",BANCO,"5239280000MLS"
BANCO,GASKETS,ASHOK LEYLAND,BS II,W/O VSS SAL,FULL GASKET,"",BANCO,"5360739910SAL"
LEYPARTS,STEERING PARTS,ASHOK LEYLAND,"",BSII/BSIII/BSIV,UNIVERSAL JOINT ASSY,"",LEYPARTS,B2251208
IPL,PISTON SET,ASHOK LEYLAND,HINO,SUPER ( LT1),"","",IPL,"602-K13447W-STD"
TIGER POWER,CYLINDER LINER,HYUNDAI,SANTRO,SEMI FINISHED,SANTRO,STD,TIGER POWER,K2003300160
KSPG,CONNECTING BEARING,TATA,SUMO,SUMO(4DL),"",STD,KSPG,B.234.4.00.003
TALBROS,GASKETS,PERKINS,P3,HEAD GASKET,DYNA SEAL,"",TALBROS,IA467
LEYPARTS,GEARBOX,ASHOK LEYLAND,"","3 & 4 (5 &6 SPEED) 36T",SYNCHRO BODY,"",LEYPARTS,F1610611
KSPG,CONNECTING BEARING,TOYOTA,QUALIS,QUALIS,"","20",KSPG,B.140.0.00.023
BANCO,GASKETS,HYUNDAI,VENUE,MLS(STEEL),HEAD GASKET,"",BANCO,"5224340000MLS"
MAHLE,PISTON RING SET,TATA,CUMMINS BSIII,"20TH O/S","","",MAHLE,"1PC102PSCRKPG-020"
BANCO,GASKETS,TATA,"1613(697) TURBO",BANKITE,FULL GASKET,"",BANCO,"5220709930PBKT"
TIGER POWER,CYLINDER LINER,TATA,"1612(97MM)",PRE FINISHED,THIN COLLAR ( MOLYGOLD),STD,TIGER POWER,K2007600762
KSPG,MAIN BEARING,MARUTI,ALTO,ALTO,"","10",KSPG,P.135.0.10.013
TALBROS,GASKETS,SIMPSON,S4,HEAD GASKET,DYNA SEAL,"",TALBROS,SS1026
TALBROS,GASKETS,TATA,"407",HEAD GASKET,EXCEL,"",TALBROS,"3045DSXNATC"
BANCO,GASKETS,TATA,"709 NON TURBO",W/O CHG AST,HALF GASKET,"",BANCO,"5220479800AST"
KSPG,THRUST WASHER,TATA,INDICA,INDICA,"",STD,KSPG,W.119.5.00.003
RBL,BRAKE SHOE,MARUTI,EECO & OMNI TYPE III & VERSA,"","","",RBL,RBL/BS/036
LEYPARTS,"",ASHOK LEYLAND,"","1550 SERIES",UJ KIT,"",LEYPARTS,P4500451
USHA,PISTON SET,ASHOK LEYLAND,HINO,"6ETI","","",USHA,D32 WT
TALBROS QHT,TIE ROD,ASHOK LEYLAND,TAURUS TIPPER (FA90),TIE ROD END LH,"","",TALBROS QHT,TRE07015L
KSPG,CONNECTING BEARING,MAHINDRA,BOLERO,XD3P,"","10",KSPG,B.239.3.00.013
IPL,PISTON RING SET,TATA,"407","4SP TC","","",IPL,"642-9428VQY/4-STD"
TALBROS,GASKETS,PERKINS,P6,HEAD GASKET,DYNA SEAL,"",TALBROS,IA122
LEYPARTS,FILTERS,ASHOK LEYLAND,"",H SERIES E1 & 4CT BSII & BSIII,OIL FILTER,"",LEYPARTS,P3101540
TALBROS,GASKETS,ASHOK LEYLAND,HINO,HEAD GASKET,DYNA SEAL,"",TALBROS,"3108DS"
IPL,PISTON RING SET,MAHINDRA,PEUGEOT,XD4,"","",IPL,"642-6730V-STD"
IPL,PISTON RING SET,CHEVROLET,TAVERA,TAVERA,"","",IPL,"642-8000-STD"
RBL,BRAKE SHOE,MARUTI,CELERIO,"","","",RBL,RBL/BS/084
BANCO,GASKETS,MAHINDRA TRACTOR,INTERNATIONAL B275,CAS,FULL GASKET,"",BANCO,"5658439920CAS"
TALBROS,GASKETS,TATA,"407",HEAD GASKET,MLS ( STEEL),"",TALBROS,MLS3045PC
IPL,PISTON SET,ASHOK LEYLAND,LEYLAND,"402","","",IPL,"602-13319W-STD"
KSPG,MAIN BEARING,TATA,CUMMINS,CUMMINS (REG),"",STD,KSPG,N.245.3.00.003
RBL,BRAKE LINING,ASHOK LEYLAND,"CHEETAH,COMET","12 HOLES FR & RR","242",Jan-16,RBL,AL/49/3 1/16
KSPG,CONNECTING BUSH,MARUTI,"800 (CAR)","800 (CAR)","",STD,KSPG,S.110.5.00.703
SUPER PAC,GASKETS,TATA,CUMMINS BS-II,HALF GASKET,WITHOUT VALVE STEM SEALS,"",SUPER PAC,FS3156DSXNAWOCS
KAR VALVES,VALVE,INDUSTRIAL-CUMMINS,NH,NH,"",STD,KAR VALVES,KV1829-2V
RBL,BRAKE LINING,TATA,"1510/1612",FRONT 10 HOLES,HF7i,"1MM",RBL,TT/TP/SM/1 1MM HF7i
KAR VALVES,VALVE,ESCORT FORD,E325D,E325D,"",STD,KAR VALVES,KV1675-676
BIMETAL,MAIN BEARING,TATA,CUMMINS,CUMMINS,"",STD,BIMETAL,MS 8515 STD
KSPG,MAIN BUSH,MAHINDRA,GIO,"","",STD,KSPG,L.424.0.10.703
BANCO,GASKETS,FORD TRACTOR,"3000/3600",SAL,HEAD GASKET,"",BANCO,"53520400PSSAL"
SETCO,CLUTCH,ASHOK LEYLAND,"15INCHES 1.75SPLINES 12MM BUTTON","","","",SETCO,"380-009-L5395R"
LEYPARTS,GASKETS,ASHOK LEYLAND,"",HINO BS2/BS3,EXHAUST MANIFOLD,"",LEYPARTS,X1700111
SETCO,FLYWHEEL RING,BHARAT BENZ,"395DIA","146T","","",SETCO,SFR-2003
KAR VALVES,VALVE,MAHINDRA,B275,B275,"",O/S,KAR VALVES,KV17030-7040
KSPG,MAIN BEARING,BAJAJ,OX-45,OX-45,"",STD,KSPG,M.341.3.00.003
LEYPARTS,COOLING SYSTEM,ASHOK LEYLAND,"",OUTLET PIPE CAC SIDE,HOSES,"",LEYPARTS,F8P04958
BANCO,GASKETS,MAHINDRA,XDP 3,BHR,FULL GASKET,"",BANCO,"55803999PSBHR"
LEYPARTS,FRONT AXLE,ASHOK LEYLAND,"",FA90/FA99,HUB OIL SEAL,"",LEYPARTS,F2754200
KAR VALVES,VALVE,MASSEY FERGUSON,PERKINS,P3,"",STD,KAR VALVES,KV1931-932
RBL,BRAKE LINING,TATA,"407","12 HOLES",RD3205M,"2MM",RBL,IN/19/20/1 2MM RD3205M
BANCO,GASKETS,TATA,"407 NON TURBO",HYT,CHAMBER PACKING,"",BANCO,"5220441080HYT"
LEYPARTS,CLUTCH,ASHOK LEYLAND,"",BSIV,PRESSEUR SPRING KIT,"",LEYPARTS,PD600559
KSPG,CONNECTING BEARING KIT,MARUTI,"800 (CAR)","800 (CAR)","","30",KSPG,P.110.3.20.033
TALBROS,GASKETS,HYUNDAI,ACCENT,HEAD GASKET,MLS ( STEEL),"",TALBROS,MLS3127
RBL,BRAKE SHOE,HYUNDAI,EON,"","","",RBL,RBL/BS/046
BANCO,GASKETS,MARUTI,CAR/VAN,RC,VALVE COVER,"",BANCO,"5231111501RC"
LEYPARTS,GEARBOX,ASHOK LEYLAND,"","5 & 6, 48T, 8 SPEED",CLUTCH BODY,"",LEYPARTS,F1611111
BANCO,GASKETS,SIMPSON,P4,COPPER / NON ASBESTOS,FULL GASKET,"",BANCO,"5440269909CAC"
BANCO,GASKETS,MARUTI,ZEN/ESTEEM,SYR,VALVE COVER,"",BANCO,"5231281500SYR"
TALBROS,GASKETS,MAHINDRA,"575",HEAD GASKET,MLS ( STEEL),"",TALBROS,MLS3070PC
LEYPARTS,FILTERS,ASHOK LEYLAND,"","1LTR (COIL)",DIESEL FILTER,"",LEYPARTS,F4003400
KSPG,MAIN BEARING,MARUTI,WAGONR,"3CYL","","30",KSPG,M.135.0.10.033
KSPG,CAM BUSH,TATA,CUMMINS,"","",STD,KSPG,C.245.5.00.003
LEYPARTS,BRAKE,ASHOK LEYLAND,"",MANUAL (STRAIGHT),SLACK ADJUSTER,"",LEYPARTS,F8366000
TALBROS,GASKETS,TATA,"609/709",HEAD GASKET,DYNA SEAL,"",TALBROS,"609SBGTC"
LEYPARTS,ENGINE,ASHOK LEYLAND,"",BSII/BSIII/BSIV,VALVE ADJUST SCREW,"",LEYPARTS,X3507615
LEYPARTS,CLUTCH,ASHOK LEYLAND,"","15 INCHES.4 LEVER",MINOR KIT,"",LEYPARTS,P0975651
TALBROS,GASKETS,ASHOK LEYLAND,HINO,FULL GASKET,MLS ( STEEL),"",TALBROS,FS3088MLSNA
KSPG,MAIN BEARING,TATA,ACE,ACE,"","20",KSPG,M.155.3.00.023
KAR VALVES,VALVE,MASSEY FERGUSON,AD3,AD3,"",STD,KAR VALVES,KV1937-938
LEYPARTS,GEARBOX,ASHOK LEYLAND,"","5S/6S",ENDCOVER,"",LEYPARTS,F1138813
KAR VALVES,VALVE,EICHER,DIESEL,(EDL),"",STD,KAR VALVES,KV1603-604
KSPG,THRUST WASHER,ASHOK LEYLAND,HINO,"","","0.25",KSPG,PW.241.5.00.423
LEYPARTS,GEARBOX,ASHOK LEYLAND,"","5 & 6, 33T",SYNCHRO RING,"",LEYPARTS,F1624611
KSPG,IG BUSH,MAHINDRA,SCORPIO,SCORPIO,"",STD,KSPG,G.357.5.10.003
BANCO,GASKETS,TATA,CUMMINS BS1 / BS2,BANCO EXTRA POWER,FULL GASKET,"",BANCO,"5220529920BEP"
BANCO,GASKETS,TATA,"709 / 1109 TURBO",MLS(STEEL),HALF GASKET,"",BANCO,"5220499800MLS"
KSPG,MAIN BEARING,MAHINDRA,ARJUN TRACTOR,ARJUN TRACTOR,"","10",KSPG,M.333.3.00.013
TIGER POWER,CYLINDER LINER,MAHINDRA,AVL 575 PUF,PRE FINISHED,REGULAR,STD,TIGER POWER,K2000500560
RBL,BRAKE LINING,ASHOK LEYLAND,"CHEETAH,COMET","12 HOLES FR & RR","242",STD,RBL,AL/49/3 STD
BIMETAL,CONNECTING BEARING,TATA,"1612(697)","1612(697)","",STD,BIMETAL,CS 2750 STD
BANCO,GASKETS,FORD TRACTOR,FARM TRAC 50,SAL,HALF GASKET,"",BANCO,"5352139810SAL"
KSPG,MAIN BEARING,TATA,SUMO,SUMO(4DL),"","10",KSPG,M.234.3.00.013
BIMETAL,MAIN BEARING,ASHOK LEYLAND,LEYLAND,LEYLAND 370,"","30",BIMETAL,MS 474 030
KAR VALVES,VALVE,SHAKTHIMAN,SHAKTHI-3630,TRACTOR,"",STD,KAR VALVES,KV1585-586
LEYPARTS,CLUTCH,ASHOK LEYLAND,"","15INCHES",FACE PLATE,"",LEYPARTS,F7200522
KAR VALVES,VALVE,ASHOK LEYLAND,LEYLAND,"401/402/411 SUPER","",STD,KAR VALVES,KV1367-368
LEYPARTS,CLUTCH,ASHOK LEYLAND,"","14 INCHES 3 LEVER",FACE PLATE,"",LEYPARTS,P0997751
KSPG,THRUST WASHER,MARUTI,"800 (CAR)","","",STD,KSPG,PW.110.5.00.003
TALBROS,TAPPET COVER,TATA,"609/709","","","",TALBROS,"25998DSX"
TALBROS,GASKETS,MARUTI,"1000 CC",HEAD GASKET,DYNA SEAL,"",TALBROS,"3056DSX"
BANCO,GASKETS,HYUNDAI,VERNA/I20(DIESEL)4CYL,MLS(STEEL),FULL GASKET,"",BANCO,"5224289900MLS"
SPICER,TUBE SHAFT,ASHOK LEYLAND,SPL 90,"","","",SPICER,SDTS0090L229
KAR VALVES,VALVE,ESCORT FORD,F.TRACT FT 45,F.TRACT FT 45,"",STD,KAR VALVES,KV167710-67810
IPL,VALVE,TATA,"407/609","407/609 TURBO","",STD,IPL,"712-VT09712/4"
BANCO,GASKETS,MAHINDRA,AVL 575 DI MILLOR TYPE,BANKITE,FULL GASKET,"",BANCO,"55803699PSBKT"
BANCO,GASKETS,SIMPSON,S3/241,GAF,HEAD GASKET,"",BANCO,"5440180000GAF"
IPL,PISTON SET,MARUTI,WAGONR,WAGONR,"","",IPL,"602-10412W/4-STD"
SETCO,FLYWHEEL RING,TATA,GB-60,"146T","","",SETCO,SFR-9008
KSPG,MAIN BEARING,MARUTI,RITZ/SWIFT/DEZIRE,PETROL,"","10",KSPG,M.165.0.10.013
BANCO,GASKETS,HONDA,CITY PETROL (4 CYL),RUB,VALVE COVER,"",BANCO,"5230271500RUB"
GOETZE,PISTON SET,ASHOK LEYLAND,HINO,"6ETI EIII","","",GOETZE,"07309PPCSD0000C1"
LEYPARTS,FILTERS,ASHOK LEYLAND,"",BSII/BSIII,FUEL FILTER HEAD,"",LEYPARTS,F8835200
BANCO,GASKETS,TATA,"1613(697) TURBO",BEK,HALF GASKET,"",BANCO,"52208298BEK"
BANCO,GASKETS,MAHINDRA TRACTOR,INTERNATIONAL B275,BANKITE,HALF GASKET,"",BANCO,"56584398PSBKT"
TALBROS,GASKETS,ASHOK LEYLAND,"402/411",HALF GASKET,DYNA SEAL,"",TALBROS,HS390DSX
KAR VALVES,VALVE,INDUSTRIAL-CUMMINS,"20/3084045 N-14","20/3084045 N-14","",STD,KAR VALVES,KV1813-2V
KAR VALVES,VALVE,EICHER,JUMBO,"12 V","",STD,KAR VALVES,KV1569-570-6V
BIMETAL,MAIN BEARING,ASHOK LEYLAND,HINO,HINO (REG),"","40",BIMETAL,MS 476 040
IPL,PISTON RING SET,ASHOK LEYLAND,LEYLAND,"690 (4RV)","","",IPL,"642-9763-STD"
BANCO,GASKETS,TATA,"1210",MVR,VALVE COVER,"",BANCO,"5220621550MVR"
TALBROS,GASKETS,ZETOR,ZETOR,HEAD GASKET,DYNA SEAL,"",TALBROS,"20113011DSX"
BIMETAL,MAIN BEARING,TATA,"407","407","","30",BIMETAL,MS 288 030
TIGER POWER,CYLINDER LINER,ASHOK LEYLAND,"400",PRE FINISHED,HARDEN,STD,TIGER POWER,K2000200860
BANCO,GASKETS,SIMPSON,P4,RC,HEAD GASKET,"",BANCO,"5440261500RC"
BANCO,GASKETS,TATA,"4 DL TURBO",PREMIUM RANGE,HEAD GASKET,"",BANCO,"5BEK36HG16"
LEYPARTS,CLUTCH,ASHOK LEYLAND,"",BSIII/BSIV,CLUTCH RELEASE BEARING,"",LEYPARTS,F0P04810
RBL,BRAKE LINING,TATA,"1009",FR & RR 12 HOLES,HF7,"1MM",RBL,RBL/T1009TT/1 1MM
KSPG,CONNECTING BEARING,BAJAJ,KUBOTA,KUBOTA,"","10",KSPG,B.249.4.00.013
LEYPARTS,ENGINE,ASHOK LEYLAND,"",AL ENGINE (S1),MAIN BEARING,"",LEYPARTS,F0218210
IPL,PISTON SET,MAHINDRA,MAXIMO,MAXIMO,"","",IPL,"602-11419W-STD"
KSPG,MAIN BEARING,MAHINDRA,PEUGEOT,PEUGEOT,"","60",KSPG,M.221.3.00.063
TALBROS,GASKETS,TOYOTA,INNOVA,FULL GASKET,MLS ( STEEL),"",TALBROS,FS3115MLSWOC
TALBROS,GASKETS,MASSEY FERGUSON,MF 135,HEAD GASKET,DYNA SEAL,"",TALBROS,M2A445
KSPG,CONNECTING BEARING,TATA,SUMO,SUMO(4DL),"","10",KSPG,B.234.4.00.013
LEYPARTS,GEARBOX,ASHOK LEYLAND,"","3 & 4, 39T, 9 SPEED",SLIDING SLEEVE,"",LEYPARTS,F1665711
BANCO,GASKETS,TATA,ACE,W/O CHG AST,FULL GASKET,"",BANCO,"5220229900AST"
TALBROS QHT,TIE ROD,MAN,TRUCK,TIE ROD END,"","",TALBROS QHT,TRE01093PR
KSPG,CAM BUSH,MAN FORCE,MAN FORCE,MAN FORCE,"",STD,KSPG,C.384.5.00.703
BANCO,GASKETS,HYUNDAI,I 10 ERA,MLS(STEEL),HEAD GASKET,"",BANCO,"5224290000MLS"
LEYPARTS,COOLING SYSTEM,ASHOK LEYLAND,"",HOSE ASSY 30CM,HOSES,"",LEYPARTS,P1000519
TIGER POWER,CYLINDER LINER,TATA,ACE,SEMI FINISHED,ACE,STD,TIGER POWER,K2001800188
KSPG,MAIN BEARING,SIMPSON,S4,S4,"","30",KSPG,M.231.3.00.033
LEYPARTS,ENGINE,ASHOK LEYLAND,"",HINO REGULAR,MAIN BEARING,"",LEYPARTS,P0914751
BANCO,GASKETS,TATA,"1210",BANKITE,FULL GASKET,"",BANCO,"52206499PSBKT"
BIMETAL,CONNECTING BEARING,ASHOK LEYLAND,"680","680","","20",BIMETAL,CS 495 020
TALBROS,GASKETS,TATA,"609/709",HEAD GASKET,DYNA SEAL,"",TALBROS,"609DSX"
SUPER PAC,GASKETS,TATA,CUMMINS BSIV,HEAD GASKET,BSIV  GASKET,"",SUPER PAC,MLS3162
IPL,PISTON SET,TATA,"609/709",THIN RING ( EURO II),"","",IPL,"602-12402W/4-STD"
TALBROS,GASKETS,ASHOK LEYLAND,HINO (NON TURBO),FULL GASKET,DYNA SEAL,"",TALBROS,FS3078DS
TALBROS QHT,TIE ROD,TATA,"4923",TIE ROD END LH,"","",TALBROS QHT,TRE01229L
BANCO,GASKETS,MAHINDRA,MAXIMO,MLS(STEEL),HEAD GASKET,"",BANCO,"5580120000MLS"
RBL,BRAKE LINING,ASHOK LEYLAND,"7 INCHES",REAR 10 HOLES,RAF7,STD,RBL,RBL-AL/TP/HLP/3&4-7-STD RAF7
SETCO,UJCROSS,TATA,"14TYRE LOCK TYPE","","","48X135",SETCO,SC-9005
KSPG,MAIN BEARING,MAHINDRA,SCORPIO,SCORPIO,"","20",KSPG,M.333.0.10.023
BANCO,GASKETS,TATA,SUMO/MOBILE/SIERA/SAFAR,SAS,SILENCER PACKING,"",BANCO,"5220463000SAS"
LEYPARTS,SUSPENSION,ASHOK LEYLAND,"",RH,BALL JOINT,"",LEYPARTS,F8350800
BANCO,GASKETS,ASHOK LEYLAND,"401/402",SAL,HALF GASKET,"",BANCO,"53606898PSSAL"
RBL,BRAKE LINING,TATA,"909",FR & RR 12 HOLES,HF7,"1MM",RBL,RBL/T909-EX/1 1MM HF7
BANCO,GASKETS,TATA,"1613(697) TURBO",MLS(STEEL),FULL GASKET,"",BANCO,"5220829900MLS"
IPL,VALVE,ASHOK LEYLAND,HINO,"6 DT ( TURBO)","",STD,IPL,"712-VL10403"
RBL,BRAKE LINING,MAHINDRA,TOURISTER,TOURISTER,RD3205M,STD,RBL,RBL/MN/1 STD RD3205M
KSPG,MAIN BEARING,TATA,ACE,ACE,"","10",KSPG,M.116.0.00.013
BANCO,GASKETS,MARUTI,ALTO LX/800,HLT,MANIFOLD,"",BANCO,"5231130100HLT"
LEYPARTS,BRAKE,ASHOK LEYLAND,"",AUTOMATIC LH-FR,SLACK ADJUSTER,"",LEYPARTS,X8823300
BANCO,GASKETS,TATA,ACE,W/O CHG AST,FULL GASKET,"",BANCO,"5220209910AST"
KSPG,CONNECTING BUSH,MAHINDRA,MAXIMO,MAXIMO,"",STD,KSPG,S.166.5.00.703
TALBROS,GASKETS,TATA,METADOR 305,FULL GASKET,DYNA SEAL,"",TALBROS,FS3064DSX
KSPG,MAIN BEARING,MAHINDRA,MHAWK,"4CYL","","20",KSPG,M.274.3.00.023
BANCO,GASKETS,HONDA,CIVIC (PETROL) (4 CYL),RUB,VALVE COVER,"",BANCO,"5230281500RUB"
TIGER POWER,CYLINDER LINER,HYUNDAI,ACCENT,SEMI FINISHED,CRDI,STD,TIGER POWER,K2006500190
KSPG,THRUST WASHER,MAHINDRA,PEUGEOT,PEUGEOT,"","3",KSPG,W.221.5.00.003
IPL,VALVE,TATA,CUMMINS,BS II,"","15",IPL,"712-VT10211-015"
LEYPARTS,GEARBOX,ASHOK LEYLAND,"","",OIL SEAL,"",LEYPARTS,F2726500
SETCO,CLUTCH RELEASE BEARING,TATA,"380DIA GB-75","","","",SETCO,SCRB-9011
KSPG,CONNECTING BEARING,TATA,INDICA,INDICA,"",STD,KSPG,B.119.4.00.003
LEYPARTS,OILSEALS,ASHOK LEYLAND,"",OUTER,HUB OILSEAL,"",LEYPARTS,F2730500
IPL,KITSET,MAHINDRA,MDI 3200,MDI 3200,"","",IPL,"622-113546192V/1-STD"
LEYPARTS,DRIVELINE,ASHOK LEYLAND,"","90SERIES/1550SERIER",CENTER BEARING RUBBER,"",LEYPARTS,P4500326
TIGER POWER,CYLINDER LINER,TATA,CUMMINS,SEMI FINISHED,COLLAR,"20TH",TIGER POWER,K2005500366
RBL,BRAKE SHOE,MAHINDRA,BOLERO MAXX,"","","",RBL,RBL/BS/090
KSPG,CAM BUSH,TATA,"1612(697)","","",STD (PF),KSPG,C.217.7.00.703
BANCO,GASKETS,TATA,"709 / 1109 TURBO",BEK,FULL GASKET,"",BANCO,"52204999BEK"
IPL,PISTON RING SET,TOYOTA,QUALIS,EI & EII,"","",IPL,"642-9170G-STD"
TRUCKPARTS-COOLANT,COOLANT,"","",BLUE (1:3),"","1LTR",TRUCKPARTS-COOLANT,SC-NC10B
TALBROS,GASKETS,EICHER,CANTER (4CYL),FULL GASKET,EXCEL,"",TALBROS,FSPL222DSXNANM
LEYPARTS,ADHESIVES,ASHOK LEYLAND,"","25GMS",BLUEMAXX,"",LEYPARTS,P7Y00063
RBL,DISCPAD,HYUNDAI,VERNA,"","","",RBL,RBL/DP/060
RBL,BRAKE LINING,AMW,AMW,REAR 14 HOLES,RAF7,Jan-32,RBL,RBL/AMW/R/2 1/32 RAF7
BANCO,GASKETS,MARUTI,CAR/VAN MPFI,RC,VALVE COVER,"",BANCO,"5231171500RC"
LEYPARTS,BRAKE,ASHOK LEYLAND,"","5INCHES,10 HOLES, FRONT (S2)",BRAKE LINING,"",LEYPARTS,PD600525
RBL,BRAKE LINING,ASHOK LEYLAND,IVECO 7 TONS,FR & RR 8 HOLES,"242",Jan-16,RBL,AL/TP/SM/5 1/16 (242)
BANCO,GASKETS,TATA,"1613(697) TURBO",BANKITE,HEAD GASKET,"",BANCO,"52207000PSBKT"
MAHLE,CAMSHAFT,TATA,CUMMINS,BSIII,"","",MAHLE,"770CA40080000"
KAR VALVES,VALVE,TATA,CUMMINS,BS II,"","5",KAR VALVES,KV1823-824
KSPG,CONNECTING BUSH,SIMPSON,P3,"","",STD,KSPG,PS.210.5.00.703
BANCO,GASKETS,TATA,CUMMINS BS 3,PQB,HEAD GASKET,"",BANCO,"5220540000PQB"
TALBROS,TAPPET COVER,TATA,"609/709","","","",TALBROS,"25998CAF"
BANCO,GASKETS,ASHOK LEYLAND,DOST,AST,HALF GASKET,"",BANCO,"5360259800AST"
BANCO,GASKETS,TATA,CUMMINS BS1 / BS2,MTV,HEAD GASKET,"",BANCO,"5220520000MTV"
RBL,DISCPAD,TATA,HEXA,"","","",RBL,RBL/PDP/543
LEYPARTS,ENGINE,ASHOK LEYLAND,"",HINO EIII (7 HOLES),WATER PUMP,"",LEYPARTS,B8763401
LEYPARTS,CLUTCH,ASHOK LEYLAND,"",BOSS (BSII) 310DIA (DIAPHRAGM),COVER ASSEMBLY,"",LEYPARTS,B1M03902
LEYPARTS,CLUTCH,ASHOK LEYLAND,"","14 INCHES",RETAINER SPRING,"",LEYPARTS,B1301504
KSPG,MAIN BEARING,KIRLOSKAR,RA3,RA3,"","60",KSPG,M.038.4.01.063
KSPG,MAIN BEARING KIT,MARUTI,"800 (CAR)","800 (CAR)","","20",KSPG,P.110.3.30.023
BANCO,GASKETS,TATA,"407 TURBO",BANKITE,FULL GASKET,"",BANCO,"52204099PSBKT"
TIGER POWER,CYLINDER LINER,TATA,"1612(97MM)",PRE FINISHED,THIN COLLAR,"40TH",TIGER POWER,K2007601061
BANCO,GASKETS,MAHINDRA TRACTOR,INTERNATIONAL B275,BANKITE,HEAD GASKET,"",BANCO,"56584300PSBKT"
KSPG,CONNECTING BUSH,LOMBARDINI,LOMBARDINI 500,"","",STD,KSPG,S.604.5.00.703
KSPG,MAIN BEARING,TATA,"1612(697)","1612(697)","","50",KSPG,M.246.3.00.053
TIGER POWER,CYLINDER LINER,ASHOK LEYLAND,HINO,PRE FINISHED,Z SLEEVE,STD,TIGER POWER,K2009501860
KAR VALVES,VALVE,MAHINDRA,MAXIMO,CRDI,"",STD,KAR VALVES,KV1245-246
LEYPARTS,SUSPENSION,ASHOK LEYLAND,"",RH,TIE ROD ASSY,"",LEYPARTS,P2410739
TIGER POWER,CYLINDER LINER,TATA,"407",SEMI FINISHED,THICK COLLAR (BS3),STD,TIGER POWER,K2007000860
BANCO,GASKETS,ASHOK LEYLAND,"370/411/412 BS II",HLT,OIL PUMP TO DELIVERY PIPE,"",BANCO,"5360645708HLT"
KSPG,CONNECTING BEARING,MAHINDRA,B275,B275,"","20",KSPG,B.304.3.00.023
SETCO,BRAKE LINING,ASHOK LEYLAND,"7 INCHES",FRONT & REAR 10 HOLES,HLP,STD,SETCO,SL-XP-AL/TP/SM/HLP-7 (STD.)
BANCO,GASKETS,TATA,CUMMINS BS1 / BS2,PQB,FULL GASKET,"",BANCO,"5220529900PQB"
TALBROS,GASKETS,ASHOK LEYLAND,HINO (NON TURBO),HALF GASKET,EXCEL,"",TALBROS,HS3078DSNA
LEYPARTS,ENGINE,ASHOK LEYLAND,"","",VALVE PUSH ROD,"",LEYPARTS,B7015004
TALBROS,GASKETS,ASHOK LEYLAND,HINO,FULL GASKET,DYNA SEAL,"",TALBROS,FS3078DSNAWOS
TALBROS,GASKETS,MAHINDRA,PEUGEOT,FULL GASKET,DYNA SEAL,"",TALBROS,FS5050DSX
TIGER POWER,CYLINDER LINER,ASHOK LEYLAND,"400",PRE FINISHED,EURO,"20TH",TIGER POWER,K2000200479
LEYPARTS,GEARBOX,ASHOK LEYLAND,"","6S-850 GB",CIRCLIP KIT,"",LEYPARTS,P5104344
LEYPARTS,BRAKE,ASHOK LEYLAND,"","5 INCHES, 10 HOLES,S1",BRAKE LINING,"",LEYPARTS,PD600524
RBL,BRAKE LINING,MAHINDRA,BOLERO,WITH RIVETS,RD3205M,"1/32",RBL,RBL/MARSHALL/TX/L&S (WR) 1/32 RD3205M
BANCO,GASKETS,TATA,INDICA VX DIESEL,W/O CHG AST,FULL GASKET,"",BANCO,"5220429900AST"
KSPG,THRUST WASHER,MARUTI,RITZ/SWIFT/DEZIRE,PETROL,"","3",KSPG,W.165.3.10.003
KSPG,MAIN BEARING,ESCORT FORD,ESCORT FORD,ESCORT FORD,"","30",KSPG,N.302.3.00.033
KAR VALVES,VALVE,HYUNDAI,EON,EON,"",STD,KAR VALVES,KV1239-240
BANCO,GASKETS,MASSEY FERGUSON,MF 1040,BANKITE,HEAD GASKET,"",BANCO,"5124180000BKT"
ANHAD,TOOL BOX,"","",CANTI LEVER,"","5",ANHAD,"00ATC105"
BANCO,GASKETS,TATA,ACE,W/O CHG AST,FULL GASKET,"",BANCO,"5220229920AST"
BANCO,GASKETS,ASHOK LEYLAND,BS II,SAL,FULL GASKET,"",BANCO,"53607399MSSAL"
KAR VALVES,VALVE,MAHINDRA,AVL/DI,AVL/DI,"",STD,KAR VALVES,KV1701-702
KSPG,MAIN BEARING,TATA,"1210","1210","","10",KSPG,M.207.3.01.013
KSPG,MAIN BEARING,ASHOK LEYLAND,LEYLAND,LEYLAND 370,"","20",KSPG,M.205.3.09.023
RBL,BRAKE LINING,ASHOK LEYLAND,IVECO 9 TONS,FR & RR 12 HOLES,"242",Jan-16,RBL,AL/TP/SM/6 1/16 (242)
TALBROS,GASKETS,TATA,"697",FULL GASKET,DYNA SEAL,"",TALBROS,FS728SBGTCCSMK2
BANCO,GASKETS,ASHOK LEYLAND,"680/690",SAS,MANIFOLD,"",BANCO,"5360673000SAS"
KSPG,MAIN BEARING,ESCORT FORD,ESCORT FORD,ESCORT FORD,"","10",KSPG,N.302.3.00.013
IPL,PISTON RING SET,SIMPSON,S3,"3RV","","",IPL,"642-9755V/3-STD"
BANCO,GASKETS,TATA,"407 TURBO",BANKITE,HEAD GASKET,"",BANCO,"52204000PSBKT"
BANCO,GASKETS,TATA,"1210",COPPER,OVER FLOW WASHER,"",BANCO,"522062W170CU"
BANCO,GASKETS,FORD TRACTOR,FARM TRAC 60,SAL,HALF GASKET,"",BANCO,"5352059810SAL"
TALBROS,GASKETS,TATA,"206",FULL GASKET,DYNA SEAL,"",TALBROS,FS3068DSXWOCE
KSPG,MAIN BEARING,TATA,"709","709","","50",KSPG,M.254.3.00.053
LEYPARTS,GEARBOX,ASHOK LEYLAND,"","17TEETH",COUNTER SHAFT,"",LEYPARTS,F3312011
KSPG,MAIN BEARING,MARUTI,"800 (CAR)","800 (CAR)","","50",KSPG,M.110.3.00.053
BANCO,GASKETS,ASHOK LEYLAND,"680/690",SAL,HALF GASKET,"",BANCO,"53606698PSSAL"
KAR VALVES,VALVE,MAHINDRA,LOGAN,LOGAN,"",STD,KAR VALVES,KV1271-272
KSPG,MAIN BEARING,MARUTI,ASTAR/ZEN ESTILO/ALTO K10,ASTAR/ZEN ESTILO/ALTO K10,"","10",KSPG,M.165.0.00.013
LEYPARTS,ENGINE,ASHOK LEYLAND,"",INLET,VALVE ROCKER,"",LEYPARTS,F3210322
TALBROS QHT,TIE ROD,TATA,"609/709",TIE ROD END,"","",TALBROS QHT,TRE01033PR
TALBROS,GASKETS,FORD,IKON,HEAD GASKET,MLS ( STEEL),"",TALBROS,MLS3132
RBL,BRAKE SHOE,MARUTI,ALTO & WAGONR (BI TYPE),"","","",RBL,RBL/BS/015
KSPG,MAIN BEARING,MAHINDRA,PEUGEOT,PEUGEOT,"",STD,KSPG,M.221.3.00.003
KAR VALVES,VALVE,BAJAJ,KUBOTA,DIESEL,"",STD,KAR VALVES,KV1159-160
IPL,PISTON SET,ASHOK LEYLAND,LEYLAND,"6.65 (EURO 1)","","",IPL,"602-13170W-STD"
TALBROS,GASKETS,MAHINDRA,"575 DI",HALF GASKET,DYNA SEAL,"",TALBROS,HS3070DSX
BANCO,GASKETS,TATA,"1210",MVR,VALVE COVER,"",BANCO,"5220621530MVR"
BANCO,GASKETS,TATA,CUMMINS BS 3,MLS(STEEL),HEAD GASKET,"",BANCO,"5220540000MLS"
KAR VALVES,VALVE,INDUSTRIAL-CUMMINS,VALVE NT,VALVE NT,"",STD,KAR VALVES,KV1882-2V
KAR VALVES,VALVE,TATA,ACE,ACE,"",STD,KAR VALVES,KV1113-114-2V
BANCO,GASKETS,ASHOK LEYLAND,"401/402",SAL,HEAD GASKET,"",BANCO,"53606800PSSAL"
RBL,BRAKE LINING,BHARAT BENZ,BENZ (25T),FR & RR 12 HOLES,R1203HLS,STD,RBL,RBL/RB/T/1 (25T) STD
TIGER POWER,CYLINDER LINER,TATA,"1210(92M)",SEMI FINISHED,"(3.812"")",STD,TIGER POWER,K2008500660
LEYPARTS,GEARBOX,ASHOK LEYLAND,"","4TH GEAR, 28 TEETH",MAIN SHAFT GEARS,"",LEYPARTS,F1609111
RBL,BRAKE LINING,ASHOK LEYLAND,"8 INCHES",REAR 10 HOLES,GT11 HLS,"01-Aug",RBL,AL/TP/HLP/A/10&11 1/8
SPICER,CLUTCH PLATE,ASHOK LEYLAND,"70 SERIES TUSKER","","","",SPICER,SDUJ0070L126
KSPG,MAIN BEARING,TATA,"709","709","",STD,KSPG,M.254.4.00.003
IPL,PISTON SET,ASHOK LEYLAND,HINO,"6D (Non Turbo)","","",IPL,"602-13109W-STD"
RBL,DISCPAD,RENAULT,KWID,"","","",RBL,RBL/PDP/513
TALBROS,GASKETS,PERKINS,P6,FULL GASKET,DYNA SEAL,"",TALBROS,FSM2A471
KSPG,CONNECTING BEARING,TATA,ACE,ACE,"","20",KSPG,B.155.4.00.023
BANCO,GASKETS,TATA,CUMMINS BS1 / BS2,SYR,VALVE STEM SEALS,"",BANCO,"5220521600SYR"
TALBROS,GASKETS,KIRLOSKAR,"1041",HEAD GASKET,EXCEL,"",TALBROS,"3087DSXNA"
RBL,BRAKE LINING,ASHOK LEYLAND,"6 INCHES",REAR 8 HOLES,HF7,"01-Aug",RBL,RW/19/20/1 1/8 HF7
BANCO,GASKETS,TATA,ACE,HYT,CHAMBER PACKING,"",BANCO,"5220201080HYT"
BANCO,GASKETS,ASHOK LEYLAND,"370/411/412 BS II",SAL,HALF GASKET,"",BANCO,"53606498PSSAL"
KSPG,MAIN BUSH,TATA,IRIS/ZIP,IRIS/ZIP,"",STD,KSPG,L.420.5.20.003
TALBROS,GASKETS,TATA,"1613",HALF GASKET,DYNA SEAL,"",TALBROS,HS1613DSXTCMK2
BANCO,GASKETS,CHEVROLET,TAVERA,MLS(STEEL),FULL GASKET,"",BANCO,"5340299900MLS"
BANCO,GASKETS,TATA,SUMO/MOBILE/SIERA/SAFAR,GNM,HEAD GASKET,"",BANCO,"5220460017GNM"
TIGER POWER,CYLINDER LINER,ASHOK LEYLAND,"400",PRE FINISHED,EURO,"2TH",TIGER POWER,K2000200681
JMP,SPRING LEAF BOLT,ASHOK LEYLAND,"",FRONT,"","22X82X18",JMP,JUB-121
BANCO,GASKETS,TATA,INDICA,SYR,VALVE COVER,"",BANCO,"5220421500SYR"
BANCO,GASKETS,TATA,CUMMINS BS1 / BS2,W/O VSS PQB,UPPER SET,"",BANCO,"5220529810PQB"
BANCO,GASKETS,TATA,CUMMINS BS 4,W/O VSS PQB,FULL GASKET,"",BANCO,"5220569920PQB"
KSPG,MAIN & CR BRG,MARUTI,ASTAR/ZEN ESTILO/ALTO K10,ASTAR/ZEN ESTILO/ALTO K10,"",STD,KSPG,P.165.0.00.003
RBL,BRAKE LINING,TATA,"608","12 HOLES",RD3205M,STD,RBL,IN/19/20/2 STD 260M
TALBROS,GASKETS,TATA,"697",HALF GASKET,DYNA SEAL,"",TALBROS,HS728DSXTCM
KSPG,MAIN BEARING,MAHINDRA,AVL,AVL (4CYL),"","10",KSPG,N.320.3.00.013
BANCO,GASKETS,MAHINDRA,PEUGEOT XDP-4,BANKITE,HALF GASKET,"",BANCO,"55803398PSBKT"
LEYPARTS,BRAKE,ASHOK LEYLAND,"",FRONT OUTER (535/532A),HUB BEARINGS,"",LEYPARTS,F0P02410
TALBROS,GASKETS,ASHOK LEYLAND,HINO,FULL GASKET,EXCEL,"",TALBROS,FS3088DSXNAWOS
KAR VALVES,VALVE,VST,TILLER,(AIR CLD),"",STD,KAR VALVES,KV1905-906
BANCO,GASKETS,CHEVROLET,ENJOY PETROL (4 CYL),MLS(STEEL),FULL GASKET,"",BANCO,"5340259900MLS"
LEYPARTS,FILTERS,ASHOK LEYLAND,"",HINO BS6,AIR FILTER,"",LEYPARTS,P5105688
IPL,VALVE,SIMPSON,P3,P3,"",STD,IPL,"712-VP08801"
IPL,PISTON SET,MAHINDRA,MDI 3200,MDI 3200,"","",IPL,"602-11354W-STD"
KSPG,CONNECTING BEARING,EICHER,CANTER,"6CYL","","30",KSPG,B.235.4.10.033
IPL,KITSET,MAHINDRA,MDI 3200,MDI 3200,"","",IPL,"622-113545964V/1-STD"
BANCO,GASKETS,MAHINDRA TRACTOR,"265/275 DI (3 CYL)",BANKITE,HALF GASKET,"",BANCO,"56581598PSBKT"
KSPG,MAIN BEARING,MARUTI,"1000 CC","1000CC","","30",KSPG,M.113.3.00.033
KSPG,CONNECTING BEARING,TATA,CUMMINS,CUMMINS (PRIMA),"","20",KSPG,B.245.4.30.023
LEYPARTS,GEARBOX,ASHOK LEYLAND,"",REVERSE,IDLER SHAFT,"",LEYPARTS,F0928415
KSPG,MAIN BEARING,EICHER,CANTER,"6CYL","","10",KSPG,M.235.4.10.013
SETCO,BRAKE LINING,ASHOK LEYLAND,"7 INCHES",REAR 10HOLES,SM,"1/32",SETCO,SL-XP-AL/TP/SM/3&4 (OS-1)
IPL,PISTON SET,MARUTI,K10 SERIES,K10 SERIES,"","",IPL,"602-10476W-STD"
LEYPARTS,ENGINE,ASHOK LEYLAND,"",HINO SERIES,VALVE CAP,"",LEYPARTS,F1130015
KSPG,CONNECTING BEARING,BAJAJ,OX-45,OX-45,"","10",KSPG,B.341.3.00.013
BANCO,GASKETS,HONDA,HONDA CITY TYPE (4 CYL),RUB,VALVE COVER,"",BANCO,"5230251500RUB"
BANCO,GASKETS,HYUNDAI,I 10 GRAND / X CENT,MLS(STEEL),HEAD GASKET,"",BANCO,"5224300000MLS"
TALBROS,CYL HEAD COVER,TATA,"697","","","",TALBROS,"27406"
KSPG,MAIN BEARING,TATA,"1612(697)","1612(697)","","30",KSPG,M.246.3.00.033
BANCO,GASKETS,MASSEY FERGUSON,MF 1035,COPPER / NON ASBESTOS,HEAD GASKET,"",BANCO,"5124190000CAC"
KAR VALVES,VALVE,MAHINDRA,HAWK,HAWK,"",STD,KAR VALVES,KV1245-246-8V
RBL,BRAKE LINING,ASHOK LEYLAND,ECOMET 1112,REAR 16 HOLES,RAF7,Jan-16,RBL,RBL/ECOMET/1112/2 1/16 RAF7
BANCO,GASKETS,MAHINDRA TRACTOR,INTERNATIONAL B275,BANKITE,HEAD GASKET,"",BANCO,"5658430009BKT"
TALBROS,GASKETS,MASSEY FERGUSON,MF 135,FULL GASKET,EXCEL,"",TALBROS,FS445DSXNA
TALBROS,GASKETS,MAHINDRA,BOLERO,HEAD GASKET,DYNA SEAL,"",TALBROS,"3101DSX2OS"
LEYPARTS,BRAKE,ASHOK LEYLAND,"",TRAILER,RELAY VALVE REPAIR KIT,"",LEYPARTS,P1012151
RBL,DISCPAD,MARUTI,CIAZ & DZIRE & RITZ & SWIFT,"","","",RBL,RBL/PDP/503
KSPG,CONNECTING BEARING,TATA,"1612(697)","1612(697)","","20",KSPG,B.217.4.00.023
RBL,BRAKE LINING,ASHOK LEYLAND,"5 INCHES",FRONT 8 HOLES,HF7,"01-Aug",RBL,RW/17/18/1 1/8 HF7
BANCO,GASKETS,TATA,CUMMINS BS 4,MLS(STEEL),HEAD GASKET,"",BANCO,"5220560000MLS"
TALBROS,GASKETS,TATA,INDICA,HEAD GASKET,EXCEL,"",TALBROS,"3085DSXNA1OS"
RBL,BRAKE SHOE,TATA,VISTA,"","","",RBL,RBL/BS/031
TALBROS,GASKETS,MARUTI,ALTO K10,FULL GASKET,MLS ( STEEL),"",TALBROS,FS3134MLS
KSPG,MAIN BEARING,TATA,CUMMINS,CUMMINS (REG),"","10",KSPG,N.245.3.00.013
BANCO,GASKETS,ASHOK LEYLAND,"370/411/412 BS II",HLT,MANIFOLD,"",BANCO,"5360645800HLT"
GOETZE,RING SET,EICHER,CANTER,EI/EII/EIII STL PREMIUN,"","",GOETZE,"6882STLPREM-SD"
LEYPARTS,GEARBOX,ASHOK LEYLAND,"","",BEARINGS,"",LEYPARTS,F0256610
BANCO,GASKETS,MAHINDRA,PEUGEOT XDP-4,SAL,HALF GASKET,"",BANCO,"55803398PSSAL"
RBL,BRAKE SHOE,MARUTI,"800 (BI TYPE)","","","",RBL,RBL/BS/001
LEYPARTS,ENGINE,ASHOK LEYLAND,"",EXHAUST MAINIFOLD BSIV,MANIFOLD,"",LEYPARTS,FFD00222
RBL,BRAKE LINING,ASHOK LEYLAND,"7 INCHES",REAR 10 HOLES,HF7,"1/16",RBL,AL/TP/SM/3&4 1/16 HF7
TALBROS,GASKETS,TATA,"1613",HALF GASKET,MLS ( STEEL),"",TALBROS,HS1613MLSMK2
BANCO,GASKETS,SIMPSON,S4,HLT,CHAMBER PACKING,"",BANCO,"5440291000HLT"
SETCO,CLUTCH,ASHOK LEYLAND,"14INCHES 14MM BUTTON","","","",SETCO,"140-009-L2327R"
KSPG,MAIN BEARING,ASHOK LEYLAND,DOST,DOST,"",STD,KSPG,M.298.0.00.003
RBL,BRAKE LINING,TATA,"407","12 HOLES","260M",STD,RBL,IN/19/20/1 STD 260M
KSPG,MAIN BEARING,TATA,"709","709","","30",KSPG,M.254.3.00.033
BANCO,GASKETS,MARUTI,ALTO 800CC,RUB,VALVE COVER,"",BANCO,"5231191500RUB"
LEYPARTS,CLUTCH,ASHOK LEYLAND,"",AL ECOMET 380DIA (HUB),CLUTCH RELEASE BEARING,"",LEYPARTS,F3431922
TALBROS,GASKETS,MARUTI,"800",HEAD GASKET,DYNA SEAL,"",TALBROS,"3040DSX"
RBL,BRAKE LINING,TATA,WTP,REAR 14 HOLES,R1203HLS,"1MM",RBL,RBL/WTP/2 1MM-R1203-HLS
BANCO,GASKETS,ASHOK LEYLAND,"370/411/412 BS II",PBP,SILENCER PACKING,"",BANCO,"5360643100PBP"
RBL,BRAKE LINING,ASHOK LEYLAND,"6 INCHES",REAR 8 HOLES,HF7,Jan-32,RBL,RW/19/20/1 1/32 HF7
TALBROS,TAPPET COVER,TATA,"1612","","","",TALBROS,"9915DSX"
KAR VALVES,VALVE,MARUTI,CELERIO,"5mm","",STD,KAR VALVES,KV1167-168-6V
KAR VALVES,VALVE,HYUNDAI,SANTRO,ERLX-1,"",STD,KAR VALVES,KV1229-230
LEYPARTS,CLUTCH,ASHOK LEYLAND,"","330DIA,BSIII/BSIV",FLYWHEEL ASSY,"",LEYPARTS,B3F00401
TIGER POWER,CYLINDER LINER,MARUTI,ERTIGA,SEMI FINISHED,PETROL,STD,TIGER POWER,K200290746K
IPL,PISTON RING SET,SIMPSON,P3,"5RV","","",IPL,"642-6466V/3-STD"
SETCO,FLYWHEEL RING,TATA,GB-60,"138T 4BOLT","","",SETCO,SFR-9010
KSPG,CONNECTING BUSH,MAN FORCE,MAN FORCE,MAN FORCE,"",STD,KSPG,S.384.5.00.703
KSPG,CONNECTING BEARING,TATA,ACE DICOR,ACE DICOR,"","10",KSPG,B.186.0.00.013
TRUCKPARTS-COOLANT,COOLANT,"","",RED(1:4),"","3LTR",TRUCKPARTS-COOLANT,TPC4-003(3L)-R
LEYPARTS,CLUTCH,ASHOK LEYLAND,"",ONLY BEARING,CLUTCH RELEASE BEARING,"",LEYPARTS,F0204100
KSPG,MAIN BEARING,MARUTI,WAGONR,WAGONR,"",STD,KSPG,M.135.0.00.003
TIGER POWER,CYLINDER LINER,FORD,FIESTA,SEMI FINISHED,FIESTA,STD,TIGER POWER,K2013800160
ANHAD,SCREW DRIVER,"", ,INSULATED  TWO IN ONE,"",ROD 6.0 X150  TIP 6.0X0.9,ANHAD,"00ASRI6150"
BIMETAL,CONNECTING BEARING,TATA,"1612(697)","1612(697)","","30",BIMETAL,CS 2750 030
TIGER POWER,CYLINDER LINER,ASHOK LEYLAND,HINO,PRE FINISHED,W SLEEVE,STD,TIGER POWER,K2009501760
KSPG,MAIN BEARING,MAHINDRA,MDI 3200,MDI 3200,"","10",KSPG,M.332.3.00.013
KSPG,IG BUSH,MAHINDRA,SCORPIO,SCORPIO,"",STD,KSPG,G.357.5.20.703
TIGER POWER,CYLINDER LINER,TATA,CUMMINS,SEMI FINISHED,COLLAR,"40TH",TIGER POWER,K2005500566
TALBROS,GASKETS,TATA,"1612",FULL GASKET,DYNA SEAL,"",TALBROS,FS728DSXTCCSMK2
BANCO,GASKETS,MARUTI,GYPSY,SYR,VALVE COVER,"",BANCO,"5231261500SYR"
KAR VALVES,VALVE,EICHER,CANTER,MG 12V,"",STD,KAR VALVES,KV1571-572-12V
IPL,PISTON RING SET,MAHINDRA,AVL,AVL,"","",IPL,"642-6192V/4-STD"
TALBROS,GASKETS,MARUTI,"800",HEAD GASKET,DYNA SEAL,"",TALBROS,"3098DSX"
SPICER,SLIP YOKE,ASHOK LEYLAND,SPL 90,"","","",SPICER,SDSY0090SL120
TALBROS,GASKETS,PERKINS,P6,HALF GASKET,DYNA SEAL,"",TALBROS,HSIA122MK1
KSPG,MAIN & CR BRG,MARUTI,RITZ/SWIFT/DEZIRE,PETROL,"","10",KSPG,P.165.0.10.013
BANCO,GASKETS,MAHINDRA TRACTOR,"265/275 DI (3 CYL)",MVR,VALVE COVER,"",BANCO,"5658151515MVR"
BANCO,GASKETS,MASSEY FERGUSON,MF 135,AST,CHAMBER PACKING,"",BANCO,"5124221010AST"
BANCO,GASKETS,TATA,CUMMINS BS1 / BS2,SYR,VALVE COVER,"",BANCO,"5220521510SYR"
LEYPARTS,GEARBOX,ASHOK LEYLAND,"","4TH GEAR 36T 5S/6S",MAINSHAFT GEAR,"",LEYPARTS,F3424015
KSPG,MAIN BEARING,MAHINDRA,MHAWK,"4CYL","","30",KSPG,M.274.3.00.033
KAR VALVES,VALVE,ASHOK LEYLAND,HINO,NON TURBO,"",STD,KAR VALVES,KV1391-392
LEYPARTS,FRONT AXLE,ASHOK LEYLAND,"",FA-90,KING PIN THRUST BRG,"",LEYPARTS,F0P02900
BANCO,GASKETS,CHEVROLET,OPTRA1.6/AVEO (PETROL)4CYL,RUB,VALVE COVER,"",BANCO,"5340271500RUB"
TALBROS,GASKETS,TATA,"407",FULL GASKET,DYNA SEAL,"",TALBROS,FS3045DSXCS
KSPG,CONNECTING BEARING,ASHOK LEYLAND,LEYLAND,LEYLAND 370,"","60",KSPG,B.205.3.09.063
KAR VALVES,VALVE,ASHOK LEYLAND,LEYLAND,PTL,"",STD,KAR VALVES,KV1363-364
KSPG,MAIN BEARING,TATA,"1210","1210","",STD,KSPG,N.207.3.00.003
IPL,KITSET,MAHINDRA,BSIII,BS III,"","",IPL,"622-113603418VQY/1"
LEYPARTS,FILTERS,ASHOK LEYLAND,"",CRS,WATER SEPRATOR,"",LEYPARTS,X8820800
BANCO,GASKETS,MAHINDRA TRACTOR,"575 DI (4CYL.)",BANKITE,HEAD GASKET,"",BANCO,"56584600PSBKT"
BANCO,GASKETS,MASSEY FERGUSON,MF 135,COPPER / NON ASBESTOS,HEAD GASKET,"",BANCO,"5124220006CAC"
TIGER POWER,CYLINDER LINER,MAHINDRA,MAXIMMO,SEMI FINISHED,MAXIMMO,STD,TIGER POWER,K2006502960
LEYPARTS,FILTERS,ASHOK LEYLAND,"","10 TYRE (OUTER) (BSIII/BSIV)",AIR FILTER,"",LEYPARTS,F8211200
KAR VALVES,VALVE,TATA,CUMMINS,BS II,"","15",KAR VALVES,KV181915-82015
LEYPARTS,GEAR PARTS,ASHOK LEYLAND,"",BSII/BSIII/BSIV,GEAR SHIFT KNOB,"",LEYPARTS,B5431554
KAR VALVES,VALVE,JCB,DIESEL MAX,DIESEL MAX,"","5",KAR VALVES,KV1175-176-5
KAR VALVES,VALVE,MAHINDRA,NAVISTAR,NAVISTAR,"",STD,KAR VALVES,KV1853-854
LEYPARTS,SUSPENSION,ASHOK LEYLAND,"",ECOMET FRONT,ENGINE MOUNTING,"",LEYPARTS,F2606700
TALBROS,GASKETS,ASHOK LEYLAND,HINO (TURBO),FULL GASKET,DYNA SEAL,"",TALBROS,FS3088DS
KSPG,MAIN BEARING,TATA,"1612(697)","1612(697)","",STD,KSPG,M.246.3.00.003
LEYPARTS,DRIVE LINE,ASHOK LEYLAND,"","35X126 TUSKER",UJKIT,"",LEYPARTS,P5104074
KSPG,MAIN BEARING,MARUTI,"800 (CAR)","800 (CAR)","",STD,KSPG,M.110.3.00.003
KAR VALVES,VALVE,SWARAJ,"939",XM,"",STD,KAR VALVES,KV1479-480
RBL,BRAKE SHOE,TATA,TIAGO NON ABS,"","","",RBL,RBL/BS/078
KSPG,MAIN BEARING,SIMPSON,P4,P4,"","20",KSPG,N.211.5.00.023
BANCO,GASKETS,TATA,"1612",BANKITE,FULL GASKET,"",BANCO,"52206999PSBKT"
IPL,PISTON RING SET,ASHOK LEYLAND,LEYLAND,"411/412","","",IPL,"642-8992V-STD"
KAR VALVES,VALVE,BAJAJ,COMPACT,BS IV,"",STD,KAR VALVES,KV1181-182
BANCO,GASKETS,CHEVROLET,OPTRA1.6/AVEO (PETROL)4CYL,MLS(STEEL),FULL GASKET,"",BANCO,"5340279900MLS"
IPL,PISTON RING SET,HYUNDAI,SANTRO,SANTRO 1.1,"","",IPL,"642-6276G-STD"
KSPG,CONNECTING BEARING,EICHER,CANTER,"6CYL","",STD,KSPG,B.235.4.10.003
BIMETAL,CONNECTING BEARING,TATA,CUMMINS,CUMMINS (REG),"","0.75",BIMETAL,CS 5217 075
KSPG,CONNECTING BEARING,EICHER,CANTER,"6CYL","","10",KSPG,B.235.4.10.013
LEYPARTS,ENGINE,ASHOK LEYLAND,"",AL BSII FULL GASKET,GASKET,"",LEYPARTS,P2605317
KSPG,CONNECTING BEARING,MARUTI,"800 (CAR)","800 (CAR)","","40",KSPG,B.110.3.00.043
RBL,BRAKE SHOE,TATA,SAFARI DICOR (2.2),"","","",RBL,RBL/BS/045
TALBROS,TAPPET COVER,ASHOK LEYLAND,  HINO 4CYL,"","","",TALBROS,"27268"
IPL,PISTON RING SET,ASHOK LEYLAND,HINO,"6 DTI THICK RING","","",IPL,"642-9622V-STD"
TIGER POWER,CYLINDER LINER,MARUTI,GYPSY,SEMI FINISHED,GYPSY,STD,TIGER POWER,K2003100160
KSPG,MAIN BEARING,SIMPSON,S4,S4,"","10",KSPG,M.231.3.00.013
BANCO,GASKETS,ASHOK LEYLAND,HINO 4D-4 CYL,W/O VSS SAR,FULL GASKET,"",BANCO,"5360449910SAR"
LEYPARTS,GEARBOX,ASHOK LEYLAND,"","4 & 5 (27T)",SYNCHRO BODY,"",LEYPARTS,F1609511
BANCO,GASKETS,MAHINDRA,AVL 575 DI,BANKITE,FULL GASKET,"",BANCO,"55803499PSBKT"
LEYPARTS,CLUTCH,ASHOK LEYLAND,"","330DIA (BSIII/BSIV) ECOMET DIA PHRAGM",COVER ASSEMBLY,"",LEYPARTS,B1M03401
SETCO,FLYWHEEL RING,ASHOK LEYLAND,"15INCHES","160T","","",SETCO,SFR-5005
IPL,PISTON RING SET,ASHOK LEYLAND,HINO,"6 ETI THIN RING","","",IPL,"642-3401V-STD"
BANCO,GASKETS,TATA,CUMMINS BS 3,SNL,GEAR COVER & HOUSING/INNER TIMING GASKET,"",BANCO,"5220543710SNL"
LEYPARTS,BRAKE,ASHOK LEYLAND,"","7INCHES,10HOLES, REAR (S1)",BRAKE LINING,"",LEYPARTS,PD600532
USHA,PISTON SET,ASHOK LEYLAND,LEYLAND,"401","","",USHA,"227 RCP"
RBL,DISCPAD,FORD,ECO SPORT,"","","",RBL,RBL/DP/063
BANCO,GASKETS,TATA,"1613(697) TURBO",BAF,HALF GASKET,"",BANCO,"52207098PSBAF"
JMP,TRAILER BUSH,ASHOK LEYLAND,"",SPRING BUSH RE ,"","35X40.5X77",JMP,JB-207
GOETZE,PISTON SET,ASHOK LEYLAND,HINO,"6DTI EII","","",GOETZE,"07170PPCSD0000C1"
BANCO,GASKETS,MASSEY FERGUSON,"245/S-3/1035 DI",HLT,MAIN OIL SEAL,"",BANCO,"5124243800HLT"
TALBROS QHT,BALL SUSPENSION,ASHOK LEYLAND,ALL MODELS (30DIA),RIGHT,"","",TALBROS QHT,BJ07002R
KSPG,CAM BUSH,TATA,"407","407","",STD,KSPG,C.236.7.00.003
KSPG,MAIN BEARING,KIRLOSKAR,RA3,RA3,"","20",KSPG,M.038.4.01.023
BANCO,GASKETS,TATA,SUMO DLX/SAFARI,W/O CHG AST,FULL GASKET,"",BANCO,"5220369900AST"
LEYPARTS,CLUTCH,ASHOK LEYLAND,"","136T (BSII)",FLY WHEEL RING,"",LEYPARTS,F0741322
USHA,PISTON SET,ASHOK LEYLAND,HINO,HINO BSIII ( A PLATFORM),"","",USHA,H10 RCP
SETCO,FLYWHEEL RING,ASHOK LEYLAND,DOST,"119T","","",SETCO,SFR-5001
TALBROS,GASKETS,RENAULT,LOGAN,FULL GASKET,DYNA SEAL,"",TALBROS,FS3190WOCS
TALBROS,TAPPET COVER,TATA,"609/709","","","",TALBROS,"25998CT"
BANCO,GASKETS,TOYOTA,INNOVA,MLS(STEEL),HEAD GASKET,"",BANCO,"5239320000MLS"
KSPG,MAIN BEARING,TATA,"1210","1210","","30",KSPG,M.207.3.02.033
BANCO,GASKETS,TATA,"4 DL TURBO",PREMIUM RANGE,HEAD GASKET,"",BANCO,"5BEK36HG17"
BANCO,GASKETS,TATA,SUMO/MOBILE/SIERA/SAFAR,SYR,VALVE COVER,"",BANCO,"5220461500SYR"
KSPG,MAIN BEARING,ASHOK LEYLAND,HINO,HINO (EIII),"","10",KSPG,M.297.4.00.013
BANCO,GASKETS,HYUNDAI,VERNA/I20(DIESEL)4CYL,MLS(STEEL),HEAD GASKET,"",BANCO,"5224280000MLS"
BANCO,GASKETS,MAHINDRA,AVL 575 DI MILLOR TYPE,BANKITE,HALF GASKET,"",BANCO,"55803698PSBKT"
KSPG,CONNECTING BEARING,MAHINDRA,B275,B275,"",STD,KSPG,B.304.3.00.003
KAR VALVES,VALVE,HONDA,CITY,"","",STD,KAR VALVES,KV1173-174
RBL,BRAKE SHOE,HYUNDAI,VERNA,"","","",RBL,RBL/BS/041
KAR VALVES,VALVE,INDUSTRIAL-CUMMINS,GAS ENGINE,GAS ENGINE,"",STD,KAR VALVES,KV1808
BANCO,GASKETS,TATA,INDICA DIESEL,PREMIUM RANGE,HEAD GASKET,"",BANCO,"5BEK42HG20"
SETCO,BRAKE LINING,TATA,"1510/1612","10 HOLES REAR","","1MM",SETCO,SL-XP-TTS/2 (OS-1)
KAR VALVES,VALVE,MARUTI,ALTO,"","",STD,KAR VALVES,KV1189-190
KSPG,MAIN BUSH,TATA,IRIS/ZIP,IRIS/ZIP,"",STD,KSPG,L.420.5.20.703
IPL,PISTON SET,EICHER,CANTER,E483/683 TC BS II,"","",IPL,"602-12492W/1-STD"
IPL,PISTON RING SET,ASHOK LEYLAND,HINO,"6D/6E (Non Turbo)","","",IPL,"642-9612V/6-STD"
BANCO,GASKETS,ASHOK LEYLAND,BS II,SAL,HALF GASKET,"",BANCO,"53607398MSSAL"
BANCO,GASKETS,TATA,"1613(697) TURBO",BEK,FULL GASKET,"",BANCO,"52208299BEK"
BANCO,GASKETS,HONDA,ANAZE PETROL (4CYL),MLS(STEEL),HEAD GASKET,"",BANCO,"5230260000MLS"
KSPG,CONNECTING BEARING,TATA,"1210","1210","","40",KSPG,B.207.3.00.043
TIGER POWER,CYLINDER LINER,TATA,"609/709",SEMI FINISHED,THICK COLLAR (BS3),"20TH",TIGER POWER,K2007601295
BANCO,GASKETS,MAHINDRA TRACTOR,INTERNATIONAL B275,TFX,REAR AXLE PACKING,"",BANCO,"5658438203TFX"
RBL,BRAKE LINING,TATA,WTP,REAR 14 HOLES,R1203HLS,"2MM",RBL,RBL/WTP/2 2MM -R1203-HLS
RBL,BRAKE LINING,ASHOK LEYLAND,"7 INCHES",REAR 10 HOLES,HF7,STD,RBL,AL/TP/SM/3&4 STD HF7
TIGER POWER,CYLINDER LINER,TATA,CUMMINS,PRE FINISHED,COLLAR,"60TH",TIGER POWER,K2005600560
LEYPARTS,CLUTCH,ASHOK LEYLAND,"","14INCHES,3 LEVER",WITHDRAWL PLATE,"",LEYPARTS,B1300103
RBL,BRAKE SHOE,RENAULT,DUSTER & TERRANO,"","","",RBL,RBL/BS/075
KSPG,MAIN BEARING,TATA,NANO,NANO,"","20",KSPG,M.153.3.00.023
RBL,BRAKE LINING,SWARAJ,"720 & 855","720 & 855",LAC 45,Jan-32,RBL,RBL/SW/2 1/32 LAC45
USHA,CYLINDER LINER,TATA,CUMMINS,"","","",USHA,TATA CUMMINS 6BT
KSPG,CONNECTING BEARING,KIRLOSKAR,"6R 1080","6R 1080","","10",KSPG,B.006.4.00.013
BANCO,GASKETS,SIMPSON,S4,RC,VALVE COVER,"",BANCO,"5440291500RC"
TALBROS,GASKETS,ASHOK LEYLAND,"370/400",HALF GASKET,DYNA SEAL,"",TALBROS,HS115DSX
TALBROS,GASKETS,MARUTI,ZEN,HEAD GASKET,DYNA SEAL,"",TALBROS,"3112DSX"
KSPG,CONNECTING BEARING,ASHOK LEYLAND,LEYLAND,LEYLAND 370,"","20",KSPG,B.205.4.09.023
KSPG,MAIN BEARING,MARUTI,WAGONR,"3CYL","","20",KSPG,M.135.0.10.023
LEYPARTS,GEARBOX,ASHOK LEYLAND,"","1 & 2 , 45T, 9SPEED",SYNCHRO RING,"",LEYPARTS,FD900111
RBL,BRAKE SHOE,MAHINDRA,TRACTOR,"","","",RBL,RBL/BS/057
IPL,VALVE,SIMPSON,S3/245,S3/245,"",OS3,IPL,"712-VP09102"
BANCO,GASKETS,MASSEY FERGUSON,"245/S-3/1035 DI",AST,CHAMBER PACKING,"",BANCO,"5124241000AST"
TALBROS,GASKETS,TATA,"1109",FULL GASKET,DYNA SEAL,"",TALBROS,FS1109DSXTCCSMK2
SETCO,BRAKE LINING,ASHOK LEYLAND,"7 INCHES",REAR 10HOLES,SM,STD,SETCO,SL-XP-AL/TP/SM/3&4 (STD.)
KSPG,CONNECTING BEARING,TATA,CUMMINS,CUMMINS (REG),"","30",KSPG,B.245.4.00.033
RBL,BRAKE SHOE,MARUTI,ERTIGA & BREEZA,"","","",RBL,RBL/BS/062
TALBROS,GASKETS,TATA,"207",HEAD GASKET,EXCEL,"",TALBROS,"3068DSXNA1OS"
TALBROS,GASKETS,MAHINDRA,"265",HEAD GASKET,DYNA SEAL,"",TALBROS,"3069DSXFC"
BANCO,GASKETS,TATA,CUMMINS BS1 / BS2,AST,COVERSION SET WITH CHAMBER PACKING,"",BANCO,"5220529500AST"
TALBROS,GASKETS,TATA,"1613",FULL GASKET,DYNA SEAL,"",TALBROS,FS1613DSXTCCSMK2
RBL,BRAKE LINING,SWARAJ,"720 & 855","720 & 855",LAC 45,STD,RBL,RBL/SW/2 STD LAC45
BANCO,GASKETS,TATA,"709 NON TURBO",MLS(STEEL),FULL GASKET,"",BANCO,"5220479900MLS"
KSPG,CONNECTING BUSH,TATA,SUMO,SUMO(4DL),"",STD,KSPG,PS.234.5.00.703
BANCO,GASKETS,MARUTI,WAGON R/ALTO LX,GAF,HEAD GASKET,"",BANCO,"52313100PSGAF"
TALBROS,GASKETS,ASHOK LEYLAND,HINO (TURBO),FULL GASKET,MLS ( STEEL),"",TALBROS,FS3088MLSWOS
USHA,PISTON RING SET,ASHOK LEYLAND,LEYLAND 401,S2CR,"","",USHA,"227 S2CR"
LEYPARTS,GEARBOX,ASHOK LEYLAND,"",REVERSE IDLER GEAR,BEARINGS,"",LEYPARTS,F0255010
KAR VALVES,VALVE,ASHOK LEYLAND,LEYLAND-BS II,LEYLAND-BS II,"",STD,KAR VALVES,KV1281-282
KSPG,MAIN BEARING,MARUTI,ASTAR/ZEN ESTILO/ALTO K10,ASTAR/ZEN ESTILO/ALTO K10,"","20",KSPG,M.165.0.00.023
KSPG,MAIN BEARING,SIMPSON,P4,P4,"","10",KSPG,N.211.5.00.013
IPL,PISTON SET,ASHOK LEYLAND,HINO,BS III 180HP,"","",IPL,"602-13476W-STD"
KSPG,MAIN BEARING,ASHOK LEYLAND,HINO,HINO (REG),"",STD,KSPG,M.241.4.00.003
BANCO,GASKETS,TATA,"1612",BANKITE,FULL GASKET,"",BANCO,"52206599PSBKT"
IPL,PISTON SET,TATA,SUMO (4DL),SUMO (4DL),"","",IPL,"602-11343W-STD"
KSPG,CONNECTING BUSH,TATA,INDICA,INDICA,"",STD,KSPG,S.119.5.00.703
KAR VALVES,VALVE,INDUSTRIAL-CUMMINS,K,K,"",STD,KAR VALVES,KV1840
TALBROS,GASKETS,MAHINDRA,"265",FULL GASKET,DYNA SEAL,"",TALBROS,FS3069DSXFC
BANCO,GASKETS,BALWAN TRACTORS,BALWAN TRACTORS,BANKITE,HEAD GASKET,"",BANCO,"53702400PSBKT"
KAR VALVES,VALVE,MASSEY FERGUSON,SIMPSON(91SG3003),SIMPSON(91SG3003),"",STD,KAR VALVES,KV1987-988
KSPG,CONNECTING BEARING,TATA,ACE DICOR,ACE DICOR,"","20",KSPG,B.186.0.00.023
LEYPARTS,ACCESSORIES,ASHOK LEYLAND,"",GAITER 30CM,GAITER 30CM,"",LEYPARTS,"5HXW001"
BANCO,GASKETS,TATA,"407 NON TURBO",W/O CHG AST,HALF GASKET,"",BANCO,"5220449800AST"
TALBROS,GASKETS,TATA,"697",HALF GASKET,DYNA SEAL,"",TALBROS,HS728DSXTCCT
BANCO,GASKETS,TATA,"1612",RCC,TIMING COVER,"",BANCO,"5220693600RCC"
BANCO,GASKETS,TATA,NEXON,MLS(STEEL),HEAD GASKET,"",BANCO,"5220450000MLS"
KSPG,CONNECTING BEARING,EICHER,CANTER,"6CYL","","20",KSPG,B.235.4.10.023
BANCO,GASKETS,TATA,CUMMINS BS 3,BANCO EXTRA POWER,FULL GASKET,"",BANCO,"5220549910BEP"
TIGER POWER,CYLINDER LINER,KIRLOSKAR,R 1040,PRE FINISHED,R 1040,STD,TIGER POWER,K2501800160
TIGER POWER,VALVE GUIDE,EICHER,CANTER,"","","",TIGER POWER,VG200130160
TIGER POWER,CYLINDER LINER,MAHINDRA,AVL,PRE FINISHED,COMMON SILVER,STD,TIGER POWER,K2000401384
RBL,DISCPAD,HONDA,CITY,"","","",RBL,RBL/DP/015
IPL,KITSET,MARUTI,"800 ( CAR)","800 ( CAR)","","",IPL,"622-10307L1144-STD"
BANCO,GASKETS,MAHINDRA,MDI 3200,BANKITE,HALF GASKET,"",BANCO,"55803898PSBKT"
LEYPARTS,ENGINE,ASHOK LEYLAND,"","402/412 & ALBS2",OIL PUMP,"",LEYPARTS,B8719901
KSPG,CONNECTING BEARING,SIMPSON,S4,S4,"","20",KSPG,B.231.3.00.023
BANCO,GASKETS,MARUTI,CAR/VAN,HLT,DISTRIBUTOR CASE,"",BANCO,"5231115600HLT"
KSPG,MAIN & CR BRG,MARUTI,"800 (CAR)","800 (CAR)","","50",KSPG,P.110.3.00.053
RBL,BRAKE LINING,ASHOK LEYLAND,"5 INCHES",FRONT 10 HOLES,HF7,"1/32",RBL,AL/TP/SM/1&2 1/32
LEYPARTS,CLUTCH,ASHOK LEYLAND,"","330DIA (ECOMET)",CLUTCH RELEASE BEARING,"",LEYPARTS,F3422622
KAR VALVES,VALVE,MARUTI,CELERIO,PETROL,"",STD,KAR VALVES,KV1149-150
TALBROS,GASKETS,TATA,"697",HALF GASKET,DYNA SEAL,"",TALBROS,HS728SBGTCMK2
KSPG,CONNECTING BEARING,ESCORTS,E3.215,E3.215,"","10",KSPG,B.330.4.00.013
RBL,BRAKE LINING,EICHER,"",FR & RR 12 HOLES,HF7,STD,RBL,RBL/T1009TT/1 STD
TALBROS,TRANSMISSION SET,TATA,"1612",TRAMSMISSON SET,"","",TALBROS,TS16820P
BANCO,GASKETS,MARUTI,SWIFT DIESEL,MLS(STEEL),HEAD GASKET,"",BANCO,"5231160016MLS"
RBL,BRAKE LINING,TATA,"1510/1612",REAR 10 HOLES,HF7,"2MM",RBL,TT/TP/SM/2 2MM HF7
IPL,PISTON RING SET,KIRLOSKAR,SL 90,SL 90,"","",IPL,"642-9362V-STD"
LEYPARTS,GEARBOX,ASHOK LEYLAND,"","5 & 6, 42TEETH",SYNCHRO BODY,"",LEYPARTS,F1672511
KAR VALVES,VALVE,TATA,CUMMINS,BS II,"",STD,KAR VALVES,KV1819-820
TALBROS,GASKETS,MARUTI,ESTEEM,FULL GASKET,DYNA SEAL,"",TALBROS,FS3111DSX
KAR VALVES,VALVE,HYUNDAI,ACCENT,PETROL,"",STD,KAR VALVES,KV1223-224
USHA,PISTON SET,ASHOK LEYLAND,HINO,BSIII/BSIV,"","",USHA,H23 RCP
RBL,BRAKE LINING,TATA,"1510/1612",FRONT 10 HOLES,HF7,"2MM",RBL,TT/TP/SM/1 2MM
TIGER POWER,CYLINDER LINER,ASHOK LEYLAND,HINO,PRE FINISHED,HINO 1TH,"1TH",TIGER POWER,K2009502660
TALBROS,VALVE STEM SEALS,ASHOK LEYLAND,AL BS II,"","","",TALBROS,VSS3104
RBL,BRAKE LINING,VOLVO,VOLVO FM,FRONT 14 HOLES,GT11-HLS,STD,RBL,VL/87/2 STD GT11-HLS
TALBROS,GASKETS,HYUNDAI,I20 DIESEL,FULL GASKET,DYNA SEAL,"",TALBROS,FS3185WOCS
KSPG,MAIN BEARING,MARUTI,ALTO,ALTO,"","10",KSPG,B.135.0.10.013
IPL,PISTON RING SET,SIMPSON,S4,"3RV","","",IPL,"642-9754D/3-STD"
BIMETAL,CONNECTING BEARING,ASHOK LEYLAND,HINO,HINO ( EIII),"","20",BIMETAL,CS 5800 020
KSPG,MAIN BEARING,SIMPSON,AD3152,AD3152,"",STD,KSPG,M.218.3.00.003
USHA,PISTON RING SET,ASHOK LEYLAND,HINO,SSM,"","",USHA,"271 RCP"
LEYPARTS,CABLES,ASHOK LEYLAND,"","412 TCAC BS2",ARENS CONTROL COMPLETE,"",LEYPARTS,B3736302
TALBROS,GASKETS,TATA,"697",HEAD GASKET,DYNA SEAL,"",TALBROS,"728SBGTC"
BANCO,GASKETS,TATA,CUMMINS BS 3,W/O CHG APQB,FULL GASKET,"",BANCO,"5220549920APQB"
KAR VALVES,VALVE,TATA,"1612",TURBO,"",STD,KAR VALVES,KV1343-344
KSPG,MAIN & CR BRG,MARUTI,WAGONR,"4CYL","","20",KSPG,P.135.0.00.023
TIGER POWER,CYLINDER LINER,ASHOK LEYLAND,HINO,PRE FINISHED,W GOLD,STD,TIGER POWER,K2009502160
TIGER POWER,CYLINDER LINER,TATA,"609/709",SEMI FINISHED,THIN COLLAR,STD,TIGER POWER,K2007600195
LEYPARTS,CLUTCH,ASHOK LEYLAND,"",SPRING CUP KIT,SPRING CUP KIT,"",LEYPARTS,P3119251
IPL,VALVE,EICHER,CANTER,CANTER,"",STD,IPL,"712-VE10001"
KSPG,CONNECTING BEARING,ASHOK LEYLAND,DOST,DOST,"","10",KSPG,B.298.0.00.013
KAR VALVES,VALVE,MARUTI,SX4,PETROL,"",STD,KAR VALVES,KV1237-238
LEYPARTS,CLUTCH,ASHOK LEYLAND,"","3LEVER (BSIV)",WITHDRAWL PLATE,"",LEYPARTS,PD600558
KSPG,THRUST WASHER,MAHINDRA,MAXIMO,MAXIMO,"",STD,KSPG,W.166.5.00.003
BANCO,GASKETS,TATA,"709 NON TURBO",BANKITE,VALVE COVER,"",BANCO,"52204715PSBKT"
BANCO,GASKETS,MAHINDRA TRACTOR,INTERNATIONAL B275,PQB,GEAR BOX,"",BANCO,"5658433910PQB"
KAR VALVES,VALVE,HMT,ZETOR,AVL DI,"",STD,KAR VALVES,KV1755-756
RBL,BRAKE LINING,ASHOK LEYLAND,"8 INCHES",REAR 12 HOLES,GT11 HLS,"1/32",RBL,AL/TP/HLP/B/10&11 1/32
BANCO,GASKETS,MAHINDRA TRACTOR,ARJUN,NAM,CHAMBER PACKING,"",BANCO,"5658401000NAM"
TALBROS,GASKETS,PERKINS,P3,FULL GASKET,DYNA SEAL,"",TALBROS,FSIA467A
KSPG,CONNECTING BEARING,TATA,"1612(697)","1612(697)","","40",KSPG,B.217.3.00.043
KAR VALVES,VALVE,INDUSTRIAL-CUMMINS,NT,NT,"",STD,KAR VALVES,KV1809-2V
BANCO,GASKETS,TATA,"407 NON TURBO",MLG,HEAD GASKET,"",BANCO,"52204400PSMLG"
BANCO,GASKETS,MAHINDRA,PEUGEOT XDP-4 MILLOR TYPE,SAL,FULL GASKET,"",BANCO,"55803599PSSAL"
TALBROS,GASKETS,MARUTI,ZEN MPFI,FULL GASKET,DYNA SEAL,"",TALBROS,FS3112DSX
KSPG,CONNECTING BEARING,KIRLOSKAR,HA 494,HA 394,"",STD,KSPG,B.074.4.00.003
BANCO,GASKETS,HYUNDAI,VERNA/I20(DIESEL)4CYL,RUB,VALVE COVER,"",BANCO,"5224281500RUB"
KSPG,CONNECTING BEARING,KIRLOSKAR,HA 394,HA 394,"",STD,KSPG,B.073.4.00.003
RBL,BRAKE LINING,TATA,"709",FR & RR 12 HOLES,HF7,"2MM",RBL,RBL/T709/1 2MM
KAR VALVES,VALVE,KOMATSU,"2120933","2120933","",STD,KAR VALVES,KV1560
SETCO,UJCROSS,TATA,"14TYRE PATTI TYPE","","","49.29X154.9",SETCO,SC-9004
TALBROS,GASKETS,TATA,"697",FULL GASKET,DYNA SEAL,"",TALBROS,FS728DSXMCS
TIGER POWER,CYLINDER LINER,ASHOK LEYLAND,"400",PRE FINISHED,EURO,"5TH",TIGER POWER,K2000200260
BANCO,GASKETS,TATA,"407 NON TURBO",VCP,VALVE COVER,"",BANCO,"5220441510VCP"
BANCO,GASKETS,MASSEY FERGUSON,MF 135,HLT,MAIN DRIVE SHAFT RETAINING,"",BANCO,"5124236205HLT"
IPL,PISTON RING SET,ASHOK LEYLAND,LEYLAND,"401/402","","",IPL,"642-8962-STD"
LEYPARTS,GEARBOX,ASHOK LEYLAND,"","4TH GEAR, 23TEETH",MAIN SHAFT GEARS,"",LEYPARTS,F1614511
BANCO,GASKETS,MARUTI,SWIFT DIESEL,W/O CHG AST,FULL GASKET,"",BANCO,"5231169900AST"
SUPER PAC,GASKETS,TATA,CUMMINS BS-II,HALF GASKET,WITH VALVE STEM SEALS,"",SUPER PAC,HS3156DSXNA
RBL,BRAKE LINING,TATA,WTP,FRONT 14 HOLES,R1201,STD,RBL,RBL/WTP/1 STD-R1203-HLS
RBL,BRAKE LINING,AMW,AMW,FRONT 10 HOLES,RAF7,Jan-32,RBL,RBL/AMW/F/1 1/32 RAF7
KAR VALVES,VALVE,KOMATSU,"51Z1180364","51Z1180364","",STD,KAR VALVES,KV1868
IPL,PISTON RING SET,TATA,INDICA,INDICA DIESEL,"","",IPL,"642-9862Q-STD"
BANCO,GASKETS,MAHINDRA,MDI 3200 TURBO,MLS(STEEL),HEAD GASKET,"",BANCO,"5580410000MLS"
LEYPARTS,SUSPENSION,ASHOK LEYLAND,"",M8,ACCELEATOR BALL JOINT,"",LEYPARTS,F1700900
RBL,BRAKE LINING,ASHOK LEYLAND,"7 INCHES",REAR 10 HOLES,GT11 HLS,STD,RBL,AL/TP/HLP/3&4 STD
LEYPARTS,GEARBOX,ASHOK LEYLAND,"","4TH GEAR, 31TEETH",COUNTER GEARS,"",LEYPARTS,F8A05011
BANCO,GASKETS,SIMPSON,SAMRAT,BAF,HEAD GASKET,"",BANCO,"54401600PSBAF"
BANCO,GASKETS,SIMPSON,P6,PAP,OIL PUMP DRIVE,"",BANCO,"5440535408PAP"
KAR VALVES,VALVE,MAHINDRA,"665DP","665DP","",STD,KAR VALVES,KV1199-200
BANCO,GASKETS,JOHN DERE TRACTOR,"5038",BAF,HEAD GASKET,"",BANCO,"52802200PSBAF"
TALBROS,GASKETS,TATA,"1613",HALF GASKET,MLS ( STEEL),"",TALBROS,HS1613MLS
KSPG,MAIN BEARING,MARUTI,RITZ/SWIFT/DEZIRE,PETROL,"",STD,KSPG,M.165.0.10.003
LEYPARTS,CLUTCH,ASHOK LEYLAND,"","15INCHES, BLACK FACING,8 SPRINGS",CLUTCH PLATE,"",LEYPARTS,B1304703
RBL,DISCPAD,HYUNDAI,EON,"","","",RBL,RBL/DP/039
KSPG,MAIN BEARING,ESCORT FORD,ESCORT FORD,ESCORT FORD,"","20",KSPG,N.302.3.00.023
KSPG,MAIN BEARING,SIMPSON,P6,P6,"","40",KSPG,N.212.5.00.043
KSPG,MAIN BEARING,TATA,INDICA,INDICA,"","10",KSPG,M.119.3.20.013
LEYPARTS,ENGINE,ASHOK LEYLAND,"",HINO ENGINES,CAM BUSH,"",LEYPARTS,P0920451
TALBROS,GASKETS,TATA,"1109",FULL GASKET,DYNA SEAL,"",TALBROS,FS1109MLSSMK2
LEYPARTS,BRAKE,ASHOK LEYLAND,"","7INCHES,10HOLES, REAR (STD)",BRAKE LINING,"",LEYPARTS,PD600531
KSPG,MAIN BEARING,TATA,"407","407","","60",KSPG,M.236.3.00.063
BIMETAL,MAIN BEARING,ASHOK LEYLAND,HINO,HINO ( EIII),"","30",BIMETAL,MS 5806 030
BIMETAL,CONNECTING BEARING,TATA,"407","407","","30",BIMETAL,CS 2751 030
KSPG,MAIN BEARING,TATA,"407","407","","10",KSPG,M.236.3.00.013
KSPG,THRUST WASHER,ASHOK LEYLAND,LEYLAND,LEYLAND 370,"",STD,KSPG,W.205.5.00.003
RBL,BRAKE LINING,ASHOK LEYLAND,"5 INCHES",FRONT 8 HOLES,HF7,Jan-16,RBL,RW/17/18/1 1/16 HF7
TALBROS,GASKETS,TATA,INDICA,HEAD GASKET,EXCEL (3CUT),"",TALBROS,"3085DSXNA2OS"
TALBROS,GASKETS,HYUNDAI,I10,FULL GASKET,DYNA SEAL,"",TALBROS,FS3187WOCS
KSPG,CONNECTING BEARING,MAHINDRA,Mahindra Jeeto,"","",STD,KSPG,B.174.0.00.003
KSPG,MAIN & CR BRG,MARUTI,ASTAR/ZEN ESTILO/ALTO K10,ASTAR/ZEN ESTILO/ALTO K10,"","20",KSPG,P.165.0.00.023
KAR VALVES,VALVE,EICHER,M3,M3,"",STD,KAR VALVES,KV1617-618
BANCO,GASKETS,TATA,NANO,PQB,FULL GASKET,"",BANCO,"5220239900PQB"
IPL,VALVE,ASHOK LEYLAND,LEYLAND,PTL,"",STD,IPL,"712-VL10712"
BANCO,GASKETS,ASHOK LEYLAND,"370/411/412 BS II",SAL,HEAD GASKET,"",BANCO,"53606400PSSAL"
KSPG,CONNECTING BEARING,MAHINDRA,MAXIMO,MAXIMO,"","10",KSPG,B.166.0.00.013
KSPG,MAIN BEARING,ASHOK LEYLAND,HINO,HINO (REG),"","10",KSPG,M.241.4.00.013
KAR VALVES,VALVE,TATA,SHAKTIMAN,SHAKTIMAN,"",STD,KAR VALVES,KV1319-320
BANCO,GASKETS,MARUTI,WAGON R/ALTO LX,GAF,FULL GASKET,"",BANCO,"52313199PSGAF"
BANCO,GASKETS,MAHINDRA TRACTOR,INTERNATIONAL B275,RC,CHAMBER PACKING,"",BANCO,"5658431000RC"
IPL,PISTON SET,ASHOK LEYLAND,DOST,BOSCH,"","",IPL,"602-11429W-STD"
RBL,BRAKE LINING,TATA,"909",FR & RR 12 HOLES,HF7,"1MM",RBL,RBL/T909-EX/1 1MM
KSPG,MAIN BEARING,MAHINDRA,AVL,AVL (4CYL),"","20",KSPG,N.320.3.00.023
BANCO,GASKETS,TATA,"4 DL TURBO",PREMIUM RANGE,HEAD GASKET,"",BANCO,"5BEK36HG18"
SETCO,BRAKE LINING,ASHOK LEYLAND,"5 INCHES",FRONT 10 HOLES,SM,"1/32",SETCO,SL-XP-AL/TP/SM/1&2 (OS-1)
KSPG,CONNECTING BUSH,TATA,"1612(697)","1612(697)","",STD,KSPG,S.217.5.00.703
TIGER POWER,CYLINDER LINER,TATA,"1612(97MM)",SEMI FINISHED,THICK COLLAR (BS3),"20TH",TIGER POWER,K2007601261
BANCO,GASKETS,SIMPSON,S4,BANKITE,FULL GASKET,"",BANCO,"5440299900BKT"
BANCO,GASKETS,HONDA,CITY PETROL (4 CYL),MLS(STEEL),HEAD GASKET,"",BANCO,"5230270000MLS"
BANCO,GASKETS,CHEVROLET,TAVERA,RUB,VALVE COVER,"",BANCO,"5340291500RUB"
KSPG,CONNECTING BEARING,TATA,CUMMINS,CUMMINS ( EIII),"","10",KSPG,B.245.4.30.013
KSPG,CONNECTING BEARING,KIRLOSKAR,HA 394,HA 394,"","10",KSPG,B.055.4.10.013
BANCO,GASKETS,MARUTI,ZEN-MPFI-NEW MODEL OE DESIGN,GAF,FULL GASKET,"",BANCO,"5231329920GAF"
KSPG,CONNECTING BEARING,MARUTI,"1000CC","1000CC","","20",KSPG,B.110.3.00.023
KSPG,L.O.P. BUSH,MAHINDRA,SCORPIO,SCORPIO,"",STD,KSPG,Z.333.5.00.703
KAR VALVES,VALVE,GREAVES,LOMBARDINI,GL-400/APE BS1,"",STD,KAR VALVES,KV1851-852
KSPG,CONNECTING BEARING,TATA,"407","407","",STD,KSPG,B.236.3.00.003
BANCO,GASKETS,TATA,CUMMINS BS 3,STEEL,MANIFOLD,"",BANCO,"5220540200ST"
KAR VALVES,VALVE,TATA,CUMMINS,BS III,"","5",KAR VALVES,KV18215-8225
BANCO,GASKETS,ASHOK LEYLAND,HINO NONTURBO,RUB,VALVE COVER,"",BANCO,"5360701500RUB"
BANCO,GASKETS,MARUTI,K SERIES,MLS(STEEL),FULL GASKET,"",BANCO,"5231189900MLS"
KSPG,CONNECTING BEARING,TATA,"1210","1210","","60",KSPG,B.207.3.00.063
KSPG,CONNECTING BEARING,ASHOK LEYLAND,LEYLAND,LEYLAND 370,"","20",KSPG,B.205.3.09.023
KSPG,MAIN BEARING,TATA,"1210","1210","","20",KSPG,M.207.3.00.023
TALBROS,GASKETS,FORD TRACTOR,"3000/3600",FULL GASKET,DYNA SEAL,"",TALBROS,FS2A658WOC
RBL,DISCPAD,MARUTI,"800 & ZEN","","","",RBL,RBL/DP/038
LEYPARTS,CLUTCH,ASHOK LEYLAND,"",HINO 136T,FLYWHEEL RING,"",LEYPARTS,F0741922
RBL,BRAKE LINING,TATA,"1510/1612",FRONT 10 HOLES,GT11-HLS,"1MM",RBL,TT/TP/SM/1 1MM GT11-HLS
KSPG,VR BUSH,ASHOK LEYLAND,LEYLAND,LEYLAND 370,"",STD,KSPG,V.205.5.00.703
KSPG,MAIN BEARING,TATA,"709","709","","20",KSPG,M.254.3.00.023
BANCO,GASKETS,TATA,INDIGO,NAM,CHAMBER PACKING,"",BANCO,"5220501000NAM"
RBL,DISCPADS,HYUNDAI,EON,"","","",RBL,RBL/DP/039
BANCO,GASKETS,MASSEY FERGUSON,MF 135,TFX,CENTER HOUSING GASKET,"",BANCO,"5124237510TFX"
TIGER POWER,VALVE GUIDE,TATA,"407 (OilSeal)","","","",TIGER POWER,VG200700260
IPL,PISTON SET,ASHOK LEYLAND,HINO,"6DTI (THIN RING)","","",IPL,"602-13342W-STD"
SPICER,CLUTCH PLATE,TATA,"1550 SERIES","","","",SPICER,SDUJ1550L126
RBL,DISCPAD,FORCE,TEMPO TRAVELLER,"","","",RBL,RBL/DP/011
TALBROS,GASKETS,ASHOK LEYLAND,"680",HEAD GASKET,DYNA SEAL,"",TALBROS,"319DSNM"
TRUCKPARTS-COOLANT,COOLANT,"","",BLUE(1:4),"","1LTR",TRUCKPARTS-COOLANT,TPC4-001(1L)-B
TALBROS,GASKETS,EICHER,CANTER (4CYL),HEAD GASKET,EXCEL,"",TALBROS,PL222DSNA
MAHLE,PISTON RING SET,TATA,CUMMINS BSIII,ERO POWER,"","",MAHLE,"770RS400800N0-EP"
TALBROS,GASKETS,TATA,SUMO,FULL GASKET,DYNA SEAL,"",TALBROS,FS3163WOCS
KSPG,CONNECTING BEARING,TATA,CUMMINS,CUMMINS (REG),"",STD,KSPG,B.245.4.00.003
MAHLE,VALVE TAPPET,TATA,CUMMINS BSIII,STD,"","",MAHLE,"770VT40080000"
KAR VALVES,VALVE,TOYOTA,QUALIS,EURO I,"",STD,KAR VALVES,KV1287-288
BANCO,GASKETS,MARUTI,GYPSY,BHR,FULL GASKET,"",BANCO,"5231269900BHR"
TALBROS,TAPPET COVER,ASHOK LEYLAND,HINO,"","","",TALBROS,"26645"
KAR VALVES,VALVE,GREAVES,LOMBARDINI,"9 HP75 SERIES B","",STD,KAR VALVES,KV1761-762
LEYPARTS,ENGINE,ASHOK LEYLAND,"","6DTI",PISTON SET,"",LEYPARTS,P3119851
KSPG,CONNECTING BEARING,MARUTI,WAGONR,WAGONR,"",STD,KSPG,B.135.0.00.003
KSPG,CONNECTING BUSH,TATA,"1612(697)","","",STD,KSPG,P.S.217.5.00.703
TALBROS,GASKETS,MASSEY FERGUSON,MF 135,FULL GASKET,DYNA SEAL,"",TALBROS,FS2A445
BANCO,GASKETS,TATA,"709 / 1109 TURBO",BANKITE,HALF GASKET,"",BANCO,"52204998PSBKT"
KSPG,MAIN BEARING,TATA,"1612(697)","1612(697)","","50",KSPG,M.217.4.00.053
LEYPARTS,COOLING SYSTEM,ASHOK LEYLAND,"",BSII/BSIII,RADIATOR PIPE,"",LEYPARTS,F1914315
BANCO,GASKETS,MAHINDRA,M HAWK,W/O CHG APQB,FULL GASKET,"",BANCO,"5580449900APQB"
IPL,PISTON SET,TOYOTA,QUALIS,EURO II,"","",IPL,"602-12487W-STD"
RBL,BRAKE LINING,TATA,"1510/1612",FRONT 10 HOLES,HF7,STD,RBL,TT/TP/SM/1 STD HF7
TRUCKPARTS-COOLANT,COOLANT,"","",GREEN (1:9),"","3LTR",TRUCKPARTS-COOLANT,SC-30 3LTR
IPL,KITSET,MARUTI,SWIFT,SWIFT DIESEL,"","",IPL,"622-105613157VQYL1229/4-STD"
TIGER POWER,CYLINDER LINER,BAJAJ,DIESEL GOLD,SEMI FINISHED,DIESEL GOLD,"20TH",TIGER POWER,K200080062G
RBL,BRAKE SHOE,HYUNDAI,CRETA,"","","",RBL,RBL/BS/083
LEYPARTS,CLUTCH,ASHOK LEYLAND,"","15INCHES, 4LEVER",BACK PLATE,"",LEYPARTS,F3032622
KSPG,MAIN & CR BRG,MARUTI,WAGONR,"4CYL","","30",KSPG,P.135.0.00.033
KSPG,CONNECTING BEARING KIT,MARUTI,"800 (CAR)","800 (CAR)","","40",KSPG,P.110.3.20.043
IPL,PISTON RING SET,TATA,SUMO (4DL),SUMO (4DL),"","",IPL,"642-9411G-STD"
TIGER POWER,VALVE,ASHOK LEYLAND,HINO 6E NON TURBO,"","",STD,TIGER POWER,V2009500160
LEYPARTS,SUSPENSION,ASHOK LEYLAND,"",FRONT,ENGINE MOUNTING,"",LEYPARTS,F2630200
LEYPARTS,"",ASHOK LEYLAND,"","90 SERIES",UJ KIT,"",LEYPARTS,P4500951
KSPG,CONNECTING BEARING,TATA,INDICA,INDICA,"","40",KSPG,B.119.4.00.043
LEYPARTS,CLUTCH,ASHOK LEYLAND,"","14 INCHES",MINOR KIT,"",LEYPARTS,P0941751
BANCO,GASKETS,TATA,NANO,MLS(STEEL),HEAD GASKET,"",BANCO,"5220230000MLS"
TIGER POWER,VALVE,KIRLOSKAR,R 1040,"","",STD,TIGER POWER,V2501800160
KAR VALVES,VALVE,FORD,"3600","3600","","",KAR VALVES,KV17003-7004
KAR VALVES,VALVE,MARUTI,EECO,EECO,"",STD,KAR VALVES,KV1235-236
TALBROS,GASKETS,TATA,"1613",GASKET 1612,"","",TALBROS,"26210"
KSPG,MAIN & CR BRG,MARUTI,"800 (CAR)","800 (CAR)","","40",KSPG,P.110.3.00.043
BANCO,GASKETS,TATA,"1613(697) TURBO",BANKITE,VALVE COVER,"",BANCO,"52208215PSBKT"
TALBROS,GASKETS,ASHOK LEYLAND,HINO (4CYL),HEAD GASKET,MLS ( STEEL),"",TALBROS,MLS3118
KSPG,CONNECTING BEARING,ASHOK LEYLAND,HINO,HINO (REG),"","20",KSPG,B.241.4.00.023
KAR VALVES,VALVE,MAHINDRA,AVL MULTIGROOVE,AVL MULTIGROOVE,"",STD,KAR VALVES,KV1727-728
TALBROS,GASKETS,MARUTI,ERTIGA & BREEZA,FULL GASKET,DYNA SEAL,"",TALBROS,FS3201WOCS
KSPG,CONNECTING BEARING,ESCORT FORD,ESCORT FORD,ESCORT FORD,"","60",KSPG,B.302.3.00.063
RBL,BRAKE LINING,ASHOK LEYLAND,"7 INCHES",REAR 16 HOLES,HF7,Jan-16,RBL,AL/TP/AA/3&4 1/16
SPICER,TUBE SHAFT,ASHOK LEYLAND,SPL 90 WITH SEAL & CAP,"","","",SPICER,SDTS0090L295
LEYPARTS,GEARBOX,ASHOK LEYLAND,"","75X83X34.6",GEARBOX NEEDLE BEARING,"",LEYPARTS,F0254610
KSPG,CONNECTING BEARING KIT,MARUTI,"800 (CAR)","800 (CAR)","","20",KSPG,P.110.3.20.023
LEYPARTS,GEAR PARTS,ASHOK LEYLAND,"",BSIII/BSIV,GEAR SHIFT LEVER,"",LEYPARTS,F9H02811
BANCO,GASKETS,MASSEY FERGUSON,"245/S-3/1035 DI",COPPER / NON ASBESTOS,HALF GASKET,"",BANCO,"5124249800CAC"
KAR VALVES,VALVE,HYUNDAI,VERNA,VERNA,"",STD,KAR VALVES,KV1467-468
TALBROS,GASKETS,MARUTI,SWIFT DIESEL,FULL GASKET,MLS ( STEEL),"",TALBROS,FS3133MLS
TIGER POWER,CYLINDER LINER,TATA,CUMMINS,SEMI FINISHED,PLAIN,STD,TIGER POWER,K2005500660
KAR VALVES,VALVE,MARUTI,ZEN,MPFI,"",STD,KAR VALVES,KV1235-236
KSPG,CONNECTING BEARING,CHEVROLET,TAVERA,TAVERA,"",STD,KSPG,B.154.0.00.003
KSPG,MAIN BEARING,MAHINDRA,AVL,AVL (4CYL),"","10",KSPG,N.320.4.00.013
USHA,PISTON RING SET,TATA,"609/709","609/709","","",USHA,"261 S2S"
SETCO,BRAKE LINING,TATA,"407",FRONT & REAR 4HOLES,"",STD,SETCO,SL-XP-T407/1&2 (STD.)
RBL,BRAKE LINING,MAHINDRA,SUPRO/JEETO,WITH RIVETS,RD3205M,"1/16",RBL,RBL/FC150/L&S 1/16 RD3205M(WR)
BANCO,GASKETS,MARUTI,"1000 CC",BHR,HEAD GASKET,"",BANCO,"5231270000BHR"
IPL,PISTON RING SET,ASHOK LEYLAND,HINO,"6 ETI THIN RING","","",IPL,"642-3008V-STD"
KSPG,CONNECTING BEARING,ISUZU,ISUZU,ISUZU,"",STD,KSPG,B.117.0.00.003
BANCO,GASKETS,MAHINDRA TRACTOR,INTERNATIONAL B275,BANKITE,MANIFOLD,"",BANCO,"5658430120BKT"
TALBROS,GASKETS,TATA,"207",HEAD GASKET,EXCEL,"",TALBROS,"3068DSXNA2OS"
LEYPARTS,CLUTCH,ASHOK LEYLAND,"","15INCHES, WHITE FACING",CLUTCH PLATE,"",LEYPARTS,B1304704
TIGER POWER,CYLINDER LINER,TATA,CUMMINS,PRE FINISHED,COLLAR,"40TH",TIGER POWER,K2005501366
BANCO,GASKETS,SIMPSON,P4,RC,SUMP SET,"",BANCO,"5440511307RC"
KSPG,CONNECTING BEARING KIT,MARUTI,SWIFT DIESEL,SWIFT DIESEL,"",STD,KSPG,P.131.0.00.003
BANCO,GASKETS,TATA,SAFARI/DELUX,RCC,CHAMBER PACKING,"",BANCO,"5220361000RCC"
MAHLE,PISTON RING SET,TATA,"407",ECO POWER,"","",MAHLE,"770RS400820N0-ECO"
BIMETAL,CONNECTING BEARING,ASHOK LEYLAND,HINO,HINO (REG),"",STD,BIMETAL,CS 183 STD
LEYPARTS,SENSORS,ASHOK LEYLAND,"",CRS,SPEED SENSOR,"",LEYPARTS,X7487500
LEYPARTS,ENGINE,ASHOK LEYLAND,"",BSII/BSIII,THERMOSTAT,"",LEYPARTS,X1W00500
KSPG,MAIN BEARING,MARUTI,"800 (CAR)","800 (CAR)","","20",KSPG,M.110.3.00.023
BANCO,GASKETS,TATA,"407 TURBO",MLS(STEEL),FULL GASKET,"",BANCO,"5220409900MLS"
BANCO,GASKETS,SIMPSON,P4,HLT,HEAD GASKET,"",BANCO,"5440515002HLT"
RBL,DISCPAD,TATA,INDIGO,"","","",RBL,RBL/DP/034
BANCO,GASKETS,TATA,SUMO/MOBILE/SIERA/SAFAR,RCC,CHAMBER PACKING,"",BANCO,"5220461000RCC"
TIGER POWER,CYLINDER LINER,MARUTI,"800/ALTO",SEMI FINISHED,"800/ALTO",STD,TIGER POWER,K2002900160
BANCO,GASKETS,MASSEY FERGUSON,MF 135,TFX,FUEL PUMP GASET,"",BANCO,"5124227200TFX"
RBL,DISCPAD,TATA,TIAGO/TIGOR,"","","",RBL,RBL/DP/067
TALBROS,GASKETS,MAHINDRA,MAXIMO,FULL GASKET,DYNA SEAL,"",TALBROS,FS3136WOCS
TALBROS,GASKETS,HYUNDAI,SANTRO,HEAD GASKET,MLS ( STEEL),"",TALBROS,MLS3128
TIGER POWER,CYLINDER LINER,HINDUSTAN MOTORS,TREKKAR,SEMI FINISHED,CT 3.031,STD,TIGER POWER,K2009100660
IPL,PISTON SET,SIMPSON,S3,"3RV","","",IPL,"602-12412W/3-STD"
LEYPARTS,ENGINE,ASHOK LEYLAND,"",OIL COOLER,GASKET,"",LEYPARTS,X1707700
BANCO,GASKETS,MAHINDRA TRACTOR,"225 DI (2CYL)",RC,CHAMBER PACKING,"",BANCO,"5658111000RC"
IPL,VALVE,MAHINDRA,AVL DI,SINGLE GROOVE,"",STD,IPL,"712-VM08801"
SETCO,FLYWHEEL,BHARAT BENZ,"395DIA BS6","146T","","",SETCO,SF-2005
IPL,PISTON RING SET,MARUTI,"800 ( CAR)","800 ( CAR)","","",IPL,"642-SN132-STD"
KSPG,CONNECTING BEARING,MARUTI,"1000 CC","1000CC","","20",KSPG,B.113.3.00.023
IPL,VALVE,EICHER,CANTER,CANTER JUMBO,"",STD,IPL,"712-VE10002"
TALBROS,GASKETS,MASSEY FERGUSON,MF 135,HALF GASKET,DYNA SEAL,"",TALBROS,HS2A445
BANCO,GASKETS,MASSEY FERGUSON,MF 1035,AST,CHAMBER PACKING,"",BANCO,"5124191000AST"
KSPG,MAIN BEARING,TATA,"1612(697)","1612(697)","","10",KSPG,M.217.4.00.013
BANCO,GASKETS,TATA,"1612",HLT,TIMING COVER,"",BANCO,"5220693600HLT"
LEYPARTS,GEARBOX,ASHOK LEYLAND,"","5TH GEAR, 19T 8SPEED",MAIN SHAFT GEARS,"",LEYPARTS,F1613111
IPL,PISTON RING SET,ASHOK LEYLAND,LEYLAND,"680 (5RV)","","",IPL,"642-8868-STD"
LEYPARTS,CLUTCH,ASHOK LEYLAND,"","14 INCHES 4 LEVER","","",LEYPARTS,PAS00001
SETCO,BRAKE LINING,ASHOK LEYLAND,"8 INCHES",REAR 12 HOLES,HLP,STD,SETCO,SL-XP-AL/TP/SM/HLP-8 (STD.)
BANCO,GASKETS,MAHINDRA,PEUGEOT XDP-4 MILLOR TYPE,W/O CHG AST,FULL GASKET,"",BANCO,"5580359900AST"
BANCO,GASKETS,SIMPSON,P6,PAP,GASKET LUB. OIL PUMP DRIVE,"",BANCO,"5440536400PAP"
BIMETAL,CONNECTING BEARING,TATA,"407","407","",STD,BIMETAL,CS 2751 STD
TALBROS,SUMP SET,TATA,"407",HEAD GASKET,DYNA SEAL,"",TALBROS,CSS26028DS
BANCO,GASKETS,TATA,CUMMINS BS1 / BS2,PQB,FULL GASKET,"",BANCO,"5220529920PQB"
TIGER POWER,CYLINDER LINER,CHEVROLET,TAVERA,SEMI FINISHED,SPL STEEL,STD,TIGER POWER,K2004100260
RBL,BRAKE LINING,BHARAT BENZ,BENZ (25T),FR & RR 12 HOLES,R1203HLS,"1MM",RBL,RBL/RB/T/1 (25T) 1MM R1203 HLS
KSPG,CONNECTING BEARING,MARUTI,SWIFT DIESEL,SWIFT DIESEL,"","10",KSPG,B.131.0.00.013
KSPG,CONNECTING BEARING,MAHINDRA,MAXIMO,MAXIMO,"","20",KSPG,B.166.0.00.023
BANCO,GASKETS,MAHINDRA,PEUGEOT XDP-4,SAL,HEAD GASKET,"",BANCO,"5580330010SAL"
KSPG,THRUST WASHER,TATA,INDICA,"","","3",KSPG,PW.119.5.00.953
BANCO,GASKETS,MAHINDRA TRACTOR,INTERNATIONAL B275,HLT,INJECTION PUMP GEAR COVER,"",BANCO,"5658435800HLT"
USHA,PISTON RING SET,TATA,"697","697 MOLY PLUS","","",USHA,"236 MOLY PLUS (SSM)"
KSPG,MAIN BUSH,LOMBARDINI,LOMBARDINI 500,"","",STD,KSPG,P.604.5.29.003
KAR VALVES,VALVE,CATERPILLAR,CAT - 3406 - 1152368 FP TURBO,CAT - 3406 - 1152368 FP TURBO,"",STD,KAR VALVES,KV1939-2V
IPL,VALVE,TOYOTA,QUALIS,EURO II,"",STD,IPL,"712-VZ09201"
KAR VALVES,VALVE,MARUTI,SWIFT,DIESEL,"",STD,KAR VALVES,KV1225-226
KSPG,MAIN BEARING,MAHINDRA,MHAWK,"4CYL","","40",KSPG,M.274.3.00.043
RBL,BRAKE SHOE,HYUNDAI,SANTRO,"","","",RBL,RBL/BS/011
TIGER POWER,CYLINDER LINER,TATA,INDICA,SEMI FINISHED,INDICA,"20TH",TIGER POWER,K2001800260
KSPG,CONNECTING BUSH,ASHOK LEYLAND,LEYLAND,"","",STD,KSPG,PS.243.5.00.703
TRUCKPARTS-COOLANT,COOLANT,"","",RED (1:9),"","5LTR",TRUCKPARTS-COOLANT,SC-50-R
RBL,DISCPAD,CHEVROLET,ENJOY,"","","",RBL,RBL/DP/054
RBL,DISCPAD,TATA,INDICA,"","","",RBL,RBL/DP/012
BANCO,GASKETS,ASHOK LEYLAND,HINO TURBO,MLS(STEEL) W/O VSS,HALF GASKET,"",BANCO,"5360779810MLS"
SETCO,CLUTCH RELEASE BEARING,ASHOK LEYLAND,"15INCHES 9SPEED","","","",SETCO,SCRB-5009
BANCO,GASKETS,TATA,"1613(697) TURBO",HYT,CHAMBER PACKING,"",BANCO,"5220701080HYT"
RBL,DISCPAD,CHEVROLET,SPARK,"","","",RBL,RBL/DP/013
TALBROS,GASKETS,ASHOK LEYLAND,"370/400",HEAD GASKET,DYNA SEAL,"",TALBROS,"115DSX"
KAR VALVES,VALVE,FORD,"3600","3600","","3",KAR VALVES,KV1695-696
RBL,BRAKE LINING,TATA,"407","12 HOLES",RD3205M,"2MM",RBL,IN/19/20/1 2MM
KSPG,CONNECTING BEARING,KIRLOSKAR,"3R 700","3R 700","",STD,KSPG,B.552.4.00.003
TIGER POWER,CYLINDER LINER,MAHINDRA,BOLERO-XD3P,SEMI FINISHED,BOLERO-XD3P,STD,TIGER POWER,K2009400160
LEYPARTS,CLUTCH,ASHOK LEYLAND,"",BSII/BSIII/BSIV,CLUTCH PEDAL ASSY,"",LEYPARTS,B5412217
BANCO,GASKETS,ZETROR,SUPER 50 HP,BANKITE,HEAD GASKET,"",BANCO,"5641520015BKT"
TALBROS,GASKETS,MAHINDRA,PEUGEOT,HEAD GASKET,EXCEL,"",TALBROS,"5050DSXNA"
TIGER POWER,VALVE GUIDE,TATA,"1312/608 (OilSeal)","","","",TIGER POWER,VG200760260
KSPG,CONNECTING BEARING,TATA,CUMMINS,CUMMINS ( EIII),"","20",KSPG,B.245.4.30.023
TALBROS,GASKETS,ASHOK LEYLAND,HINO,FULL GASKET,MLS ( STEEL),"",TALBROS,FS3088MLSNAWOS
BANCO,GASKETS,TOYOTA,QUALIS,RUB,TIMING COVER,"",BANCO,"5239293600RUB"
RBL,DISCPAD,HYUNDAI,ACCENT,"","","",RBL,RBL/DP/005
LEYPARTS,GEARBOX,ASHOK LEYLAND,"",REVERSE,SELECTOR FORK,"",LEYPARTS,F2458611
SUPER PAC,GASKETS,TATA,CUMMINS BS-III,FULL GASKET,WITH VALVE STEM SEALS,"",SUPER PAC,FS3157DSXNA
BANCO,GASKETS,TATA,SUMO/MOBILE/SIERA/SAFAR,W/O CHG AST,FULL GASKET,"",BANCO,"5220469900AST"
RBL,BRAKE LINING,MAHINDRA,SCORPIO,SCORPIO,"262",Jan-16,RBL,RBL/SCORPIO/R/L&S 1/16 262
KAR VALVES,VALVE,INDUSTRIAL-CUMMINS,CUMMINS-EX.,CUMMINS-EX.,"",STD,KAR VALVES,KV1812
BANCO,GASKETS,TOYOTA,QUALIS,SAS,MANIFOLD,"",BANCO,"5239290220SAS"
RBL,BRAKE LINING,ASHOK LEYLAND,"7 INCHES",REAR 10 HOLES,HF7S,STD,RBL,AL/TP/SM/3&4 STD HF7S
KSPG,MAIN BEARING,TATA,SUMO,SUMO(4DL),"",STD,KSPG,M.234.3.00.003
SPICER,STRAP BOLT KIT,TATA,"1410 SERIES","","","",SPICER,SDSB1310SBK
TALBROS,GASKETS,MAHINDRA,"575",FULL GASKET,DYNA SEAL,"",TALBROS,FS3070DSXMK1
KSPG,MAIN BEARING,ASHOK LEYLAND,HINO,HINO (EIII),"",STD,KSPG,M.297.4.00.003
BANCO,GASKETS,ASHOK LEYLAND,"370/411/412 BS II",HLT,"","",BANCO,"5360645605HLT"
LEYPARTS,GEARBOX,ASHOK LEYLAND,"","1ST GEAR-39TEETH",MAIN SHAFT GEARS,"",LEYPARTS,F1614211
LEYPARTS,CLUTCH,ASHOK LEYLAND,"","14 INCHES,4 LEVER",FACE PLATE KIT,"",LEYPARTS,P5104304
TALBROS,GASKETS,MAHINDRA,"255",FULL GASKET,DYNA SEAL,"",TALBROS,FS3071DSX
KAR VALVES,VALVE,EICHER,SMALL GROOVE,SMALL GROOVE,"",STD,KAR VALVES,KV1605-606
BANCO,GASKETS,TOYOTA,INNOVA,MLS(STEEL),FULL GASKET,"",BANCO,"5239329900MLS"
TIGER POWER,CYLINDER LINER,MAHINDRA,SCORPIO,PRE FINISHED,SCORPIO,STD,TIGER POWER,K2501400160
BANCO,GASKETS,TATA,CUMMINS BS 3,PQB,FULL GASKET,"",BANCO,"5220549910PQB"
TIGER POWER,CYLINDER LINER,MAHINDRA,XYLO,SEMI FINISHED,XYLO,STD,TIGER POWER,K2002600260
KAR VALVES,VALVE,HONDA,CITY /AMAZE /BR-V/WR-V/JAZZ,DIESEL,"",STD,KAR VALVES,KV1293-294
TIGER POWER,CYLINDER LINER,BAJAJ,DIESEL,SEMI FINISHED,GOLD,STD,TIGER POWER,K2000800168
BANCO,GASKETS,MAHINDRA TRACTOR,"265/275 DI (3 CYL)",BANKITE,HEAD GASKET,"",BANCO,"56581600PSBKT"
BANCO,GASKETS,HONDA,HONDA CITY TYPE (4 CYL),MLS(STEEL),HEAD GASKET,"",BANCO,"5230250000MLS"
TALBROS,GASKETS,MAHINDRA,SCORPIO,FULL GASKET,DYNA SEAL,"",TALBROS,FS3172WOCS
KSPG,CONNECTING BEARING,ESCORT FORD,ESCORT FORD,ESCORT FORD,"","30",KSPG,B.302.3.00.033
TALBROS,GASKETS,TATA,"609/709",HALF GASKET,DYNA SEAL,"",TALBROS,HS609SBGTCMK2
KSPG,MAIN BEARING,TATA,"1210","1210","","20",KSPG,N.207.3.00.023
KSPG,CONNECTING BUSH,TATA,"407","407","",STD,KSPG,S.236.5.00.703
BANCO,GASKETS,HONDA,CITY PETROL (4 CYL),MLS(STEEL),FULL GASKET,"",BANCO,"5230279900MLS"
TALBROS,TAPPET COVER,ASHOK LEYLAND,LEYLAND,"","","",TALBROS,"18029DSX"
TALBROS,GASKETS,TATA,"1613",FULL GASKET,DYNA SEAL,"",TALBROS,FS1613DSXTCSMK2
BANCO,GASKETS,CHEVROLET,TAVERA,MLS(STEEL),HEAD GASKET,"",BANCO,"5340290000MLS"
BANCO,GASKETS,SIMPSON,EAGLE/SAMRAT,BAF,HALF GASKET,"",BANCO,"54401698PSBAF"
LEYPARTS,BRAKE,ASHOK LEYLAND,"",TRAILER,RELAY VALVE,"",LEYPARTS,X7445900
KAR VALVES,VALVE,TATA,MODIFIED,MODIFIED,"",STD,KAR VALVES,KV1311M-312
BANCO,GASKETS,TATA,"1210",AST,WATER PUMP SET,"",BANCO,"522064VP10AST"
LEYPARTS,FUEL INJECTION,ASHOK LEYLAND,"",ALBS2,INJECTORS PIPE,"",LEYPARTS,B8746602
TRUCKPARTS-COOLANT,COOLANT,"","",RED (1:9),"","1LTR",TRUCKPARTS-COOLANT,SC-10 -R 1LTR
BANCO,GASKETS,MAHINDRA,JEEP DIESEL,BANKITE,HEAD GASKET,"",BANCO,"5580300005BKT"
KAR VALVES,VALVE,HINDUSTAN MOTORS,G-614,G-614,"",STD,KAR VALVES,KV1641-642
TALBROS,VALVE STEM SEALS,ASHOK LEYLAND,HINO,"","","",TALBROS,VSS3088
IPL,PISTON SET,TATA,"709","709 TC 6 CYL","","",IPL,"602-12292W/6-STD"
BANCO,GASKETS,TATA,"1210",SAS,EXHAUST PIPE,"",BANCO,"5220623010SAS"
BANCO,GASKETS,TATA,ACE,BAF,HEAD GASKET,"",BANCO,"5220200019BAF"
TALBROS,GASKETS,KIRLOSKAR,"1040",FULL GASKET,EXCEL,"",TALBROS,FS3087DSXNA
LEYPARTS,CLUTCH,ASHOK LEYLAND,"",BOSS (BSIV),CLUTCH RELEASE BEARING,"",LEYPARTS,FVB00500
LEYPARTS,GEARBOX,ASHOK LEYLAND,"","8 SPEED",INTERIM RING,"",LEYPARTS,F1600310
KSPG,CONNECTING BEARING,ASHOK LEYLAND,LEYLAND,LEYLAND 370,"","50",KSPG,B.205.3.09.053
IPL,PISTON SET,MARUTI,ALTO,ALTO,"","",IPL,"602-10412W/3-STD"
RBL,BRAKE LINING,ASHOK LEYLAND,"CHEETAH,COMET","12 HOLES FR & RR","242","01-Aug",RBL,AL/49/3 1/8
TIGER POWER,CYLINDER LINER,ASHOK LEYLAND,HINO,PRE FINISHED,OD 30,"30TH",TIGER POWER,K2009500860
LEYPARTS,FRONT AXLE,ASHOK LEYLAND,"",FA-90,KING PIN,"",LEYPARTS,F0993715
BANCO,GASKETS,MAHINDRA TRACTOR,"265/275 DI (3 CYL)",AST,FULL GASKET,"",BANCO,"5658159900AST"
KSPG,CONNECTING BEARING,MAHINDRA,B275,B275,"","10",KSPG,B.304.3.00.013
BANCO,GASKETS,MASSEY FERGUSON,MF 135,TFX,OIL SUCTION PIP,"",BANCO,"5124238300TFX"
LEYPARTS,CLUTCH,ASHOK LEYLAND,"","136T ( AUTO)",FLY WHEEL RING,"",LEYPARTS,F0740022
RBL,BRAKE LINING,TATA,DLT,REAR 16 HOLES,AF45V,STD,RBL,RBL/DLT/T-R/3 STD
IPL,PISTON RING SET,MARUTI,"800 ( CAR)","800 ( CAR)","","",IPL,"642-KSN132-STD"
TALBROS,GASKETS,MARUTI,WAGONR,FULL GASKET,DYNA SEAL,"",TALBROS,FS3178WOCS
LEYPARTS,GEARBOX,ASHOK LEYLAND,"",SPRING,DETEND PLUNGER,"",LEYPARTS,F3637910
TALBROS QHT,TIE ROD,TATA,PRIMA,TIE ROD END RH,"","",TALBROS QHT,TRE01112R
IPL,PISTON SET,ASHOK LEYLAND,HINO,"6DTI ( THICK RING 4 CYL)","","",IPL,"602-13324W/4-STD"
LEYPARTS,GEARBOX,ASHOK LEYLAND,"","4TH GEAR, 39TEETH",COUNTER GEARS,"",LEYPARTS,F1609211
BANCO,GASKETS,MAHINDRA TRACTOR,INTERNATIONAL B275,CAS,HEAD GASKET,"",BANCO,"5658430009CAS"
IPL,VALVE,TATA,"697","697 NON TURBO","",STD,IPL,"712-VT09711/6"
SETCO,UJCROSS,ASHOKLEYLAND,"10TYRE","","","34.92X126",SETCO,SC-5002
RBL,BRAKE SHOE,FORD,FIGO,"","","",RBL,RBL/BS/058
LEYPARTS,ENGINE,ASHOK LEYLAND,"",AL BS2,TIMIMG CASE,"",LEYPARTS,F1803142
TALBROS,SUMP SET,TATA,"609/709","","","",TALBROS,CSS26027
TALBROS,GASKETS,TATA,"407",FULL GASKET,DYNA SEAL,"",TALBROS,FS3045DSXTCCSMK2
RBL,DISCPAD,MAHINDRA,BOLERO & SCORPIO,"","","",RBL,RBL/DP/045
RBL,BRAKE LINING,ASHOK LEYLAND,"7 INCHES",REAR 16 HOLES,HF7,Jan-32,RBL,AL/TP/AA/3&4 1/32
KSPG,CONNECTING BEARING,KIRLOSKAR,RA3,RA3,"","80",KSPG,B.038.4.00.083
LEYPARTS,CABLES,ASHOK LEYLAND,"",BSII,SPEEDO CABLE,"",LEYPARTS,F0659500
BANCO,GASKETS,ASHOK LEYLAND,"401/402",AST,AIR COMPRESSOR KIT,"",BANCO,"536068AC10AST"
IPL,PISTON RING SET,ASHOK LEYLAND,HINO,"6D/6E (Non Turbo)","","",IPL,"642-9616V/6-STD"
IPL,PISTON SET,SIMPSON,P3,"5RV","","",IPL,"602-12170W-STD"
RBL,BRAKE LINING,MAHINDRA,BOLERO,BOLERO,"262",Jan-32,RBL,RBL/MARSHALL/TX/L&S(WR) 1/32
SETCO,FLYWHEEL,AMW,BSIII,"138T","","",SETCO,SF-1002
LEYPARTS,DRIVE LINE,ASHOK LEYLAND,"","1710-SERIES (D180) 4 HOLES",FLANGE YOKE,"",LEYPARTS,P4502332
RBL,DISCPAD,HONDA,CITY TYPE V,"","","",RBL,RBL/PDP/508
RBL,BRAKE LINING,ASHOK LEYLAND,"7 INCHES",REAR 10 HOLES,HF7i,"1/8",RBL,AL/TP/SM/3&4 1/8 HF7i
BANCO,GASKETS,MARUTI,"K12SWIFT,RITZ ALL K12 ENGINES",W/O CHG AST,FULL GASKET,"",BANCO,"5231389900AST"
KSPG,CONNECTING BEARING,EICHER,CANTER,CANTER,"",STD,KSPG,B.235.4.00.003
RBL,BRAKE LINING,TATA,"407","12 HOLES",RD3205M,"1MM",RBL,IN/19/20/1 1MM
BIMETAL,CONNECTING BEARING,ASHOK LEYLAND,HINO,HINO ( EIII),"","30",BIMETAL,CS 5800 030
LEYPARTS,FILTERS,ASHOK LEYLAND,"","6 TYRE (BSII)",AIR FILTER,"",LEYPARTS,P0996251
KSPG,MAIN & CR BRG,HYUNDAI,SANTRO,SANTRO,"",STD,KSPG,P.152.0.00.003
BIMETAL,MAIN BEARING,ASHOK LEYLAND,HINO,LEYLAND 370,"","10",BIMETAL,MS 475 010
BANCO,GASKETS,MASSEY FERGUSON,MF 1035,RC,HEAD GASKET,"",BANCO,"5124201500RC"
LEYPARTS,ENGINE,ASHOK LEYLAND,"",DIPSTICK GUAGE (EII),DIPSTICK,"",LEYPARTS,B9227102
BANCO,GASKETS,MASSEY FERGUSON,MF 135,TFX,JOINT COVER GASKET,"",BANCO,"5124237610TFX"
GOETZE,RING SET,ASHOK LEYLAND,HINO,"6ETI CKS","","",GOETZE,"6155CKS-SD"
KSPG,THRUST WASHER,TATA,"1612(697)","","",OS1,KSPG,P.W.217.5.01.423
IPL,PISTON SET,TATA,"407","497 EURO I","","",IPL,"602-12600W/1-STD"
IPL,PISTON SET,ASHOK LEYLAND,LEYLAND,"680 (5RV)","","",IPL,"602-13516W-STD"
LEYPARTS,COOLING SYSTEM,ASHOK LEYLAND,"","47CM DIA - 6 BLADE",RADIATOR FAN,"",LEYPARTS,F7484400
RBL,BRAKE LINING,TATA,"1510/1612",FRONT 10 HOLES,HF7i,STD,RBL,TT/TP/SM/1 STD HF7i
RBL,BRAKE LINING,ASHOK LEYLAND,"5 INCHES",FRONT 10 HOLES,GT11-HLS,"1/16",RBL,AL/TP/SM/1&2 1/16 GT11-HLS
TALBROS,GASKETS,PERKINS,P4,HEAD GASKET,DYNA SEAL,"",TALBROS,IA45
LEYPARTS,GEARBOX,ASHOK LEYLAND,"","5 & 6 SPEED",SELECTOR HOUSING,"",LEYPARTS,F1805342
TALBROS,GASKETS,TATA,METADOR 305,HEAD GASKET,DYNA SEAL,"",TALBROS,"3064DSX"
BANCO,GASKETS,HONDA,CIVIC (PETROL) (4 CYL),MLS(STEEL),FULL GASKET,"",BANCO,"5230289900MLS"
LEYPARTS,GEARBOX,ASHOK LEYLAND,"","42TEETH",HELICAL GEAR,"",LEYPARTS,F1607311
BANCO,GASKETS,TATA,"1210",HLT,OIL FILLTER GASET,"",BANCO,"5220645710HLT"
KAR VALVES,VALVE,SKODA,FABIA TDI / LAURA,DIESEL,"",STD,KAR VALVES,KV1255-256
RBL,BRAKE LINING,TATA,"1009",FR & RR 12 HOLES,HF7,"1MM",RBL,RBL/T1009TT/1 1MM HF7
KSPG,CONNECTING BEARING,MAHINDRA,PEUGEOT,PEUGEOT,"","40",KSPG,B.221.3.00.043
TALBROS,GASKETS,MASSEY FERGUSON,MF 135,HEAD GASKET,DYNA SEAL,"",TALBROS,"445DSG"
TALBROS,GASKETS,TATA,"407",HALF GASKET,DYNA SEAL,"",TALBROS,HS3045SBGTCMK2
KSPG,CONNECTING BEARING,KIRLOSKAR,RA3,RA3,"","70",KSPG,B.038.4.00.073
IPL,PISTON RING SET,MAHINDRA,AVL,AVL,"","",IPL,"642-6192V/1-STD"
ANHAD,SCREW DRIVER,"",ROD 6.0X30 TIP 6.0X0.9,STUBBY REVERSABLE  TWO IN ONE,"","",ANHAD,"00ASST630"
IPL,PISTON SET,CHEVROLET,TAVERA,TAVERA,"","",IPL,"602-12496W-STD"
IPL,CYLINDER LINER,ASHOK LEYLAND,LEYLAND 680,LEYLAND 680,"","",IPL,"672-L3540"
BANCO,GASKETS,TATA,"407 TURBO",MLS(STEEL),HALF GASKET,"",BANCO,"5220409800MLS"
LEYPARTS,ENGINE,ASHOK LEYLAND,"",BSII/BSIII,DIPSTICK,"",LEYPARTS,B9227104
TALBROS,GASKETS,TATA,"1109",FULL GASKET,DYNA SEAL,"",TALBROS,FS1109SBGTCCSMK2
BANCO,GASKETS,MARUTI,ZEN/ESTEEM,GAF,HEAD GASKET,"",BANCO,"52312800PSGAF"
BANCO,GASKETS,TATA,SUMO/MOBILE/SIERA/SAFAR,W/O CHG AST,FULL GASKET,"",BANCO,"5220469920AST"
RBL,BRAKE SHOE,TATA,BOLT,"","","",RBL,RBL/BS/079
BIMETAL,CONNECTING BEARING,ASHOK LEYLAND,LEYLAND,LEYLAND 370,"","30",BIMETAL,CS 180 030
IPL,VALVE,ASHOK LEYLAND,LEYLAND,"6.65 ( EURO 1)","",STD,IPL,"712-VL10713"
LEYPARTS,GEARBOX,ASHOK LEYLAND,"",NEEDLE BG KT ( 6 SPEED),BEARINGS,"",LEYPARTS,P0992051
BIMETAL,CONNECTING BEARING,ASHOK LEYLAND,LEYLAND,LEYLAND 370,"","40",BIMETAL,CS 179 040
LEYPARTS,GEARBOX,ASHOK LEYLAND,"","",DETEND PLUNGER,"",LEYPARTS,F4206415
BANCO,GASKETS,"",METADOR 305,BEK,FULL GASKET,"",BANCO,"51313199PSBEK"
TALBROS,GASKETS,SML,MAZDA,FULL GASKET,DYNA SEAL,"",TALBROS,FS3055DSX
TALBROS,GASKETS,MARUTI,RITZ,FULL GASKET,DYNA SEAL,"",TALBROS,FS3170WOCS
TALBROS,GASKETS,MAHINDRA,PEUGEOT,HEAD GASKET,DYNA SEAL,"",TALBROS,"5050DSX"
KAR VALVES,VALVE,HYUNDAI,SANTRO,SANTRO,"",STD,KAR VALVES,KV1341-342
RBL,BRAKE LINING,ASHOK LEYLAND,"5 INCHES",FRONT 10 HOLES,HF7,"1/8",RBL,AL/TP/SM/1&2 1/8 HF7
IPL,PISTON RING SET,MARUTI,WAGONR,WAGONR,"","",IPL,"642-5945G/4-STD"
KAR VALVES,VALVE,ASHOK LEYLAND,HINO,"","",STD,KAR VALVES,KV1391-392-4V
BANCO,GASKETS,MASSEY FERGUSON,MF 135,HLT,JOINT COVER GASKET,"",BANCO,"5124237608HLT"
KSPG,CONNECTING BEARING,TATA,"1612(697)","1612(697)","","10",KSPG,B.217.4.00.013
KSPG,CONNECTING BUSH,MAHINDRA,PEUGEOT,PEUGEOT,"",STD,KSPG,S.221.5.00.703
IPL,PISTON SET,TATA,CUMMINS,BS II,"","",IPL,"602-K13432W-STD"
KAR VALVES,VALVE,HYUNDAI,SANTRO/i10,ERLX2,"",STD,KAR VALVES,KV1247-248
KAR VALVES,VALVE,GREAVES,APE,BS III,"",STD,KAR VALVES,KV1269-270
TALBROS,TAPPET COVER,EICHER,CANTER,"","","",TALBROS,"27445"
KSPG,CONNECTING BUSH,ASHOK LEYLAND,HINO,"","",STD,KSPG,S.241.5.00.703
BANCO,GASKETS,MASSEY FERGUSON,MF 135,FLX,TUBE GASKET ENGLAND PAPER,"",BANCO,"5124234010FLX"
KSPG,CONNECTING BUSH,SIMPSON,P3,"","",OS1,KSPG,PS.210.5.00.813
BANCO,GASKETS,MAHINDRA,AVL 575 DI,BANKITE,HALF GASKET,"",BANCO,"55803498PSBKT"
KSPG,CONNECTING BEARING,KIRLOSKAR,RV3,RV3,"",STD,KSPG,B.036.4.00.003
TIGER POWER,CYLINDER LINER,TATA,"407",SEMI FINISHED,THIN COLLAR,STD,TIGER POWER,K2007000160
BANCO,GASKETS,HMT TRACTOR,"2511",BANKITE,HEAD GASKET,"",BANCO,"5641530008BKT"
TALBROS,GASKETS,TATA,MAGIC/IRIS,HEAD GASKET,EXCEL,"",TALBROS,"3139DSXNA2OS"
KSPG,THRUST WASHER,MAHINDRA,PEUGEOT,PEUGEOT,"",OS3,KSPG,PW.221.5.00.433
BANCO,GASKETS,HYUNDAI,ACCENT PETROL,BANKITE,HEAD GASKET,"",BANCO,"52242700PSBKT"
KAR VALVES,VALVE,MARUTI,SWIFT,DIESEL NEWMODEL,"",STD,KAR VALVES,KV1141-142
BANCO,GASKETS,MARUTI,ALTO 800CC,BAF,HEAD GASKET,"",BANCO,"5231190000BAF"
KSPG,CONNECTING BEARING,KIRLOSKAR,HA 394,HA 394,"","20",KSPG,B.073.4.00.023
BIMETAL,CONNECTING BEARING,ASHOK LEYLAND,HINO,HINO (REG),"","10",BIMETAL,CS 183 010
BANCO,GASKETS,MAHINDRA TRACTOR,"575 DI MILLOR TYPE",BANKITE,FULL GASKET,"",BANCO,"56583699PSBKT"
TALBROS,GASKETS,TATA,"407",FULL GASKET,DYNA SEAL,"",TALBROS,FS3045SBGTCCS
BIMETAL,MAIN BEARING,TATA,"407","407","",STD,BIMETAL,MS 288 STD
KSPG,CONNECTING BUSH,TATA,INDIGO,INDIGO,"",STD,KSPG,S.119.5.10.703
BANCO,GASKETS,MAHINDRA TRACTOR,INTERNATIONAL B275,RC,FRICTION DISC DRAFT LEVER INTER,"",BANCO,"5658434700RC"
TALBROS,GASKETS,TATA,"407",HALF GASKET,DYNA SEAL,"",TALBROS,HS3045SBGTC
KSPG,THRUST WASHER,MAHINDRA,JITTO,"","",STD,KSPG,W.174.5.00.003
LEYPARTS,SUSPENSION,ASHOK LEYLAND,"",LH,TIE ROD ASSY,"",LEYPARTS,P2410639
KAR VALVES,VALVE,GREAVES,LOMBARDINI,"520 SERIES","",STD,KAR VALVES,KV1847-848
KSPG,MAIN BEARING,MARUTI,WAGONR,WAGONR,"","10",KSPG,M.135.0.00.013
TIGER POWER,CYLINDER LINER,MAHINDRA,XYLO D2 BSIII & BSIV,SEMI FINISHED,REGULAR,STD,TIGER POWER,K2002600360
KSPG,MAIN BEARING,TATA,CUMMINS,CUMMINS (PRIMA),"","10",KSPG,N.245.3.50.013
USHA,PISTON RING SET,TATA,ACE,ACE,"","",USHA,"122 SUPER DVM RING"
LEYPARTS,COOLING SYSTEM,ASHOK LEYLAND,"",AIR PRESSURE GUAGE (NYLON HOSE),HOSES,"",LEYPARTS,B4356339
TALBROS,GASKETS,EICHER,CANTER (4CYL),HEAD GASKET,EXCEL,"",TALBROS,PL222DSNANM
KSPG,CONNECTING BEARING,ASHOK LEYLAND,HINO,BSIV & BSVI CLP,"",STD,KSPG,B.297.4.00.003
BANCO,GASKETS,HYUNDAI,ERLX/GETZ PETROL 4CYL,MLS(STEEL),FULL GASKET,"",BANCO,"5224239900MLS"
BANCO,GASKETS,MASSEY FERGUSON,MF 135,HLT,TIMING COVER,"",BANCO,"5124227000HLT"
RBL,BRAKE LINING,TATA,"1510/1612",REAR 10 HOLES,HF7S,"1MM",RBL,TT/TP/SM/2 1MM HF7S
RBL,BRAKE LINING,TATA,"909",FR & RR 12 HOLES,HF7,"2MM",RBL,RBL/T909-EX/1 2MM
TALBROS,SUMP SET,TATA,"1210",HEAD GASKET,DYNA SEAL,"",TALBROS,CSS9920
BANCO,GASKETS,SIMPSON,S4,BANKITE,HALF GASKET,"",BANCO,"5440299800BKT"
BANCO,GASKETS,MASSEY FERGUSON,MF 1040,BANKITE,FULL GASKET,"",BANCO,"5124189900BKT"
LEYPARTS,GEARBOX,ASHOK LEYLAND,"","5TH GEAR,22TEETH",MAIN SHAFT GEARS,"",LEYPARTS,F1608011
TALBROS,GASKETS,MARUTI,ERTIGA & BREEZA,FULL GASKET,DYNA SEAL,"",TALBROS,FS3200WOCS
RBL,BRAKE LINING,EICHER,"",FR & RR 12 HOLES,HF7,"1MM",RBL,RBL/T1009TT/1 1MM HF7
KSPG,MAIN BEARING,KIRLOSKAR,HA 394,HA 394,"","10",KSPG,M.073.4.00.013
IPL,PISTON SET,FIAT,"1.3 SDE","1.3 SDE","","",IPL,"602-K10475W-STD"
KSPG,CONNECTING BEARING,ATLAS COPCO,ATLAS COPCO,COPCO ( CR BRG),"","30",KSPG,H.700.3.00.033
BANCO,GASKETS,MASSEY FERGUSON,MF 135,PAP,DIFFERENTIAL COVER,"",BANCO,"5124238210PAP"
KAR VALVES,VALVE,FORD,"3600","3600","","3",KAR VALVES,KV1699-700
SETCO,BRAKE LINING,ASHOK LEYLAND,"6 INCHES",FRONT 10 HOLES,HLP,"1/32",SETCO,SL-XP-AL/TP/SM/HLP-6 (OS-1)
ANHAD,CROSS SPANNER,"","",STAR TYPE,"","17X19-21X23",ANHAD,"00A102"
BANCO,GASKETS,SIMPSON,P6,COPPER / NON ASBESTOS,HALF GASKET,"",BANCO,"5440539804CAC"
LEYPARTS,CLUTCH,ASHOK LEYLAND,"","15 INCHES, 380DIA,3 LEVER (BS4)",COVER ASSEMBLY,"",LEYPARTS,B1M05301
KSPG,THRUST WASHER,KIRLOSKAR,HA 394,"","",STD,KSPG,W.073.5.00.003
KSPG,CONNECTING BEARING,HYUNDAI,SANTRO,SANTRO,"","10",KSPG,B.152.0.00.013
ANHAD,COMBINATION PILER,"","","","","8/200M",ANHAD,"00ACP200"
BANCO,GASKETS,SIMPSON,S4,COPPER / NON ASBESTOS,HALF GASKET,"",BANCO,"5440299800CAC"
KSPG,MAIN BEARING,KIRLOSKAR,HA 394,HA 394,"","60",KSPG,M.073.4.00.063
BANCO,GASKETS,TATA,"407/709 TC TURBO",PREMIUM RANGE,HEAD GASKET,"",BANCO,"5BEK44HG00"
IPL,PISTON SET,ASHOK LEYLAND,HINO,"6 DTI ( THICK RING)","","",IPL,"602-13324W-STD"
RBL,DISCPAD,MARUTI,A-STAR & EECO & VERSA,"","","",RBL,RBL/PDP/512
TALBROS,GASKETS,TATA,"407",FULL GASKET,DYNA SEAL,"",TALBROS,FS3045SBGTCCSMK2
KAR VALVES,VALVE,FORD,"3600","3600","","15",KAR VALVES,KV1697-698
RBL,BRAKE LINING,ASHOK LEYLAND,"6 INCHES",FRONT 10 HOLES,GT11 HLS,Jan-16,RBL,AL/TP/HLP/7&8 1/16 GT11-HLS
RBL,DISCPAD,RENAULT,MICRA & SUNNY & TERRANO,"","","",RBL,RBL/PDP/547
TALBROS,GASKETS,TATA,"1613",FULL GASKET,DYNA SEAL,"",TALBROS,FS1613SBGTCCSMK2
IPL,PISTON RING SET,ASHOK LEYLAND,LEYLAND,"6.65 EURO 1","","",IPL,"642-9803Q-STD"
TALBROS,GASKETS,TATA,"697",HALF GASKET,DYNA SEAL,"",TALBROS,HS728DSXTCCTMK2
TALBROS QHT,TIE ROD,ASHOK LEYLAND,"2214/3516",TIE ROD END,"","",TALBROS QHT,TRE07010PR
KSPG,MAIN BEARING,TATA,"709","709","","30",KSPG,M.254.4.00.033
KSPG,CONNECTING BUSH,TATA,"1612(697)","1612(697)","",STD,KSPG,S.217.5.10.703
RBL,BRAKE LINING,TATA,SUMO,SUMO,"262",STD,RBL,RBL/T207/B/L&S STD 262
BANCO,GASKETS,FORD TRACTOR,ESCORT 345,BANKITE,HEAD GASKET,"",BANCO,"53520600PSBKT"
RBL,BRAKE LINING,TATA,"608","12 HOLES",RD3205M,"1MM",RBL,IN/19/20/2 1MM
BANCO,GASKETS,TATA,"407 TURBO",MLS(STEEL),FULL GASKET,"",BANCO,"5220419900MLS"
BANCO,GASKETS,TATA,"709 / 1109 TURBO",BEK,FULL GASKET,"",BANCO,"5220499930BEK"
BANCO,GASKETS,TATA,"1210",FLX,WATER PUMP SET,"",BANCO,"5220645501FLX"
LEYPARTS,ENGINE,ASHOK LEYLAND,"",AL BSII,VALVE GUIDE,"",LEYPARTS,P0961751
BANCO,GASKETS,TATA,"1613(697) TURBO",BAF,HALF GASKET,"",BANCO,"52208198PSBAF"
SPICER,CLUTCH PLATE,ASHOK LEYLAND,"90 SERIES","","","",SPICER,SDUJ0090L126
RBL,BRAKE LINING,TATA,"1210",FRONT 8 HOLES,"242","1MM",RBL,TZ/1/1 1MM 242
TALBROS,GASKETS,TATA,"1613",HEAD GASKET,DYNA SEAL,"",TALBROS,"27157NA"
BANCO,GASKETS,ASHOK LEYLAND,HINO NONTURBO,COPPER,NOZZLE WASHR,"",BANCO,"536070WO10CU"
LEYPARTS,GEARBOX,ASHOK LEYLAND,"",MAIN SHAFT NEEDLE CAGE 4TH GEAR,BEARINGS,"",LEYPARTS,F0267410
KSPG,CONNECTING BUSH,ASHOK LEYLAND,LEYLAND,LEYLAND 370,"",STD,KSPG,S.205.5.09.703
RBL,BRAKE SHOE,HYUNDAI,GETZ,"","","",RBL,RBL/BS/022
BANCO,GASKETS,MARUTI,GYPSY,RC,CHAMBER PACKING,"",BANCO,"5231261000RC"
TALBROS,GASKETS,ASHOK LEYLAND,IVECO,HEAD GASKET,EXCEL (3CUT),"",TALBROS,"3072DSX20S"
TALBROS,GASKETS,TATA,SAFARI DICOR,FULL GASKET,DYNA SEAL,"",TALBROS,FS3171WOCS
BANCO,GASKETS,MAHINDRA TRACTOR,"265/275 DI (3 CYL)",PQB,HEAD GASKET,"",BANCO,"5658150010PQB"
BANCO,GASKETS,TATA,INDICA DIESEL,BAF,HEAD GASKET,"",BANCO,"5220420017BAF"
KSPG,VR BUSH,MAHINDRA,PEUGEOT,PEUGEOT,"",STD,KSPG,V.221.5.00.703
KSPG,MAIN BEARING,ASHOK LEYLAND,LEYLAND,LEYLAND 370,"","60",KSPG,M.205.3.09.063
KSPG,CONNECTING BEARING,MARUTI,"800 (CAR)","800 (CAR)","",STD,KSPG,B.110.3.00.003
LEYPARTS,CLUTCH,ASHOK LEYLAND,"",HINO BSIII/BSIV,CLUTCH RELEASE BEARING,"",LEYPARTS,FVB00900
TALBROS,GASKETS,MAHINDRA,"265",HALF GASKET,DYNA SEAL,"",TALBROS,HS3069DSX
RBL,BRAKE LINING,TATA,"909",FR & RR 12 HOLES,HF7,STD,RBL,RBL/T909-EX/1 STD HF7
IPL,PISTON SET,EICHER,CANTER,E683 TC JUMBO EIII,"","",IPL,"602-12542W/1-STD"
KSPG,MAIN BEARING,TATA,"1210","1210","",STD,KSPG,M.207.3.02.003
IPL,PISTON RING SET,ASHOK LEYLAND,HINO,"6 DTI THICK RING","","",IPL,"642-9618V/6-STD"
TALBROS,GASKETS,ASHOK LEYLAND,HINO (NON TURBO),FULL GASKET,DYNA SEAL,"",TALBROS,FS3078DSWOS
KSPG,CONNECTING BEARING KIT,MARUTI,"800 (CAR)","800 (CAR)","","50",KSPG,P.110.3.20.053
BANCO,GASKETS,HONDA,CIVIC (PETROL) (4 CYL),MLS(STEEL),HEAD GASKET,"",BANCO,"5230280000MLS"
BANCO,GASKETS,MASSEY FERGUSON,MF 135,TFX,STR. HOUSING TRANS,"",BANCO,"5124237110TFX"
KSPG,MAIN BEARING,TATA,CUMMINS,CUMMINS (REG),"","30",KSPG,N.245.3.00.033
BANCO,GASKETS,SIMPSON,P6,HLT,CRANK SHAFT REAR END CVR TO BLOCK P6,"",BANCO,"5440533810HLT"
TALBROS,GASKETS,ESCORT FORD,"3610",HALF GASKET,DYNA SEAL,"",TALBROS,HS2A659SB
BANCO,GASKETS,TATA,"1210",RCC,CHAMBER PACKING,"",BANCO,"5220641080RCC"
TIGER POWER,CYLINDER LINER,MARUTI,ZEN,SEMI FINISHED,DIESEL,STD,TIGER POWER,K2003700160
BANCO,GASKETS,TATA,"1613(697) TURBO",BEK,FULL GASKET,"",BANCO,"5220829930BEK"
KSPG,CONNECTING BEARING,ASHOK LEYLAND,LEYLAND,LEYLAND 370,"","10",KSPG,B.205.3.09.013
KAR VALVES,VALVE,MAHINDRA,B275,B275,"",STD,KAR VALVES,KV1703-704
TIGER POWER,CYLINDER LINER,MARUTI,WAGONR,SEMI FINISHED,WAGONR,STD,TIGER POWER,K2002901460
TALBROS QHT,TIE ROD,MAHINDRA,"275DI",TIE ROD END (METRIC THREAD),"","",TALBROS QHT,TRE16002MPR
TIGER POWER,CYLINDER LINER,MAHINDRA,AVL 575,PRE FINISHED,MOLYGOLD,STD,TIGER POWER,K2000500660
KSPG,CONNECTING BEARING,TATA,ACE,ACE,"","10",KSPG,B.155.400.013
TRUCKPARTS-COOLANT,COOLANT,"","",RED (1:3),"","3LTR",TRUCKPARTS-COOLANT,SC-NC30R
BANCO,GASKETS,TATA,ACE DICOR,W/O CHG APQB,FULL GASKET,"",BANCO,"5220109900APQB"
BANCO,GASKETS,SIMPSON,S3/241,AST,GEAR BOX KIT,"",BANCO,"5440189600AST"
RBL,BRAKE LINING,TATA,"1009",FR & RR 12 HOLES,HF7,"2MM",RBL,RBL/T1009TT/1 2MM
BANCO,GASKETS,MARUTI,GYPSY,BANKITE,HALF GASKET,"",BANCO,"5231269800BKT"
IPL,PISTON SET,ASHOK LEYLAND,LEYLAND,AL BS II,"","",IPL,"602-13278W-STD"
KSPG,MAIN BEARING,TATA,"1612(697)","1612(697)","","40",KSPG,M.217.4.00.043
BANCO,GASKETS,MARUTI,SWIFT DIESEL,RCS,VALVE COVER,"",BANCO,"5231161500RCS"
KSPG,MAIN BEARING,HYUNDAI,VERNA DIESEL,VERNA DIESEL,"","10",KSPG,N.742.3.00.013
TRUCKPARTS-COOLANT,COOLANT,"","",RED (1:9),"","210LTR",TRUCKPARTS-COOLANT,SC-210-R
BANCO,GASKETS,TATA,ACE,BAF,HEAD GASKET,"",BANCO,"52202100PSBAF"
TALBROS,GASKETS,ASHOK LEYLAND,HINO (4CYL),HEAD GASKET,EXCEL,"",TALBROS,"3118DSXNA"
KSPG,MAIN & CR BRG,MARUTI,WAGONR,"4CYL","",STD,KSPG,P.135.0.00.003
KSPG,CONNECTING BEARING,ASHOK LEYLAND,HINO,HINO ( EIII),"",STD,KSPG,B.297.0.00.003
RBL,BRAKE LINING,TATA,SUMO,SUMO,"262",Jan-16,RBL,RBL/T207/B/L&S 1/16 262
KAR VALVES,VALVE,INDUSTRIAL-CUMMINS,"3052820","3052820","",STD,KAR VALVES,KV1799
SETCO,UJCROSS,ASHOKLEYLAND,"12TYRE","","","47.64X135",SETCO,SC-5001
RBL,BRAKE LINING,MAHINDRA,BOLERO,BOLERO,"262",Jan-32,RBL,RBL/MARSHALL/TX/L&S 1/32
RBL,DISCPAD,MAHINDRA,TUV300,"","","",RBL,RBL/DP/058
KSPG,CONNECTING BEARING,MARUTI,"1000CC","1000CC","",STD,KSPG,B.113.3.00.003
KSPG,CONNECTING BEARING,TATA,IRIS/ZIP,IRIS/ZIP,"",STD,KSPG,B.420.4.00.003
LEYPARTS,ENGINE,ASHOK LEYLAND,"",STD,THRUSTWASHER KIT,"",LEYPARTS,P0990951
BANCO,GASKETS,TATA,SUMO/MOBILE/SIERA/SAFAR,W/O CHG AST,FULL GASKET,"",BANCO,"5220469910AST"
BIMETAL,CONNECTING BEARING,TATA,"1612(697)","1612(697)","","20",BIMETAL,CS 2750 020
BANCO,GASKETS,MARUTI,CAR/VAN,SYR,TIMING COVER,"",BANCO,"5231113600SYR"
BANCO,GASKETS,ASHOK LEYLAND,"370/411/412 BS II",HLT,IMPELLOR CASING,"",BANCO,"5360645203HLT"
KSPG,THRUST WASHER,TATA,SUMO,SUMO(4DL),"","",KSPG,W.234.5.00.413
BANCO,GASKETS,MAHINDRA,XDP 3,BANKITE,HEAD GASKET,"",BANCO,"5580390017BKT"
TALBROS,GASKETS,TATA,"1612",HEAD GASKET,MLS ( STEEL),"",TALBROS,MLS728
TIGER POWER,CYLINDER LINER,ASHOK LEYLAND,"400",PRE FINISHED,EURO,STD,TIGER POWER,K2000200179
RBL,BRAKE SHOE,MARUTI,ESTEEM(BI TYPE),"","","",RBL,RBL/BS/034
LEYPARTS,GEARBOX,ASHOK LEYLAND,"","36T",CLUTCH BODY,"",LEYPARTS,F1610411
KSPG,CONNECTING BEARING,MARUTI,ZEN/EECO,ZEN/EECO,"",STD,KSPG,B.116.0.00.003
BANCO,GASKETS,TATA,CUMMINS BS1 / BS2,OLD,FULL GASKET,"",BANCO,"5220529900BEP"
KAR VALVES,VALVE,JCB,DIESEL MAX,DIESEL MAX,"",STD,KAR VALVES,KV1175-176
GOETZE,PISTON SET,ASHOK LEYLAND,HINO,"6DTI EIII","","",GOETZE,"07308PPCSD0000C1"
BANCO,GASKETS,ASHOK LEYLAND,HINO NONTURBO,SS,EXHAUST PIPE,"",BANCO,"5360703000SS"
RBL,BRAKE SHOE,HYUNDAI,GRAND I10 & FLUIDIC VERNA,"","","",RBL,RBL/BS/055
KSPG,MAIN BEARING,KIRLOSKAR,RA3,RA3,"",STD,KSPG,M.038.4.01.003
TALBROS,GASKETS,TATA,"1612",HALF GASKET,DYNA SEAL,"",TALBROS,HS728DSXTCMK2
LEYPARTS,ENGINE,ASHOK LEYLAND,"",HINO REG (S2),CONNECTING BRG,"",LEYPARTS,P0914451
IPL,KITSET,MARUTI,ALTO,ALTO,"","",IPL,"622-10412L1144-STD"
IPL,PISTON SET,KIRLOSKAR,SL 90,SL 90,"","",IPL,"602-13537W-STD"
TIGER POWER,VALVE GUIDE,ASHOK LEYLAND,HINO,"","","",TIGER POWER,VG200950160
BANCO,GASKETS,MAHINDRA TRACTOR,"265/275 DI (3 CYL)",PQB,FULL GASKET,"",BANCO,"5658159910PQB"
BANCO,GASKETS,MAHINDRA,MDI 3200,W/O CHG AST,FULL GASKET,"",BANCO,"5580389900AST"
RBL,DISCPAD,FIAT,UNO,"","","",RBL,RBL/DP/062
RBL,BRAKE LINING,ASHOK LEYLAND,"8 INCHES",REAR 12 HOLES,GT11 HLS,STD,RBL,AL/TP/HLP/B/10&11 STD GT11-HLS
KAR VALVES,VALVE,MAHINDRA,ARJUN TRACTOR,ARJUN,"",STD,KAR VALVES,KV1563-564
RBL,BRAKE LINING,SONALIKA,SONALIKA,FRONT,LAC 45,STD,RBL,RBL/SONALIKA/1 - STD - LAC 45
RBL,DISCPAD,HYUNDAI,CRETA,"","","",RBL,RBL/PDP/533
KAR VALVES,VALVE,KOMATSU,"51Z1180283","51Z1180283","",STD,KAR VALVES,KV1867
KAR VALVES,VALVE,KOMATSU,"41Z4180495","41Z4180495","",STD,KAR VALVES,KV1866
KSPG,MAIN BEARING,TATA,"1210","1210","","30",KSPG,M.207.3.00.033
RBL,BRAKE SHOE,CHEVROLET,SPARK,"","","",RBL,RBL/BS/077
BIMETAL,CONNECTING BEARING,ASHOK LEYLAND,LEYLAND,LEYLAND 370,"",STD,BIMETAL,CS 180 STD
RBL,DISCPAD,CHEVROLET,AVEO & BEAT,"","","",RBL,RBL/DP/042
RBL,BRAKE LINING,ASHOK LEYLAND,IVECO 7 TONS,FR & RR 8 HOLES,"242",Jan-32,RBL,AL/TP/SM/5 1/32 (242)
BANCO,GASKETS,HYUNDAI,Santro Xing,MLS(STEEL),HEAD GASKET,"",BANCO,"5224220000MLS"
LEYPARTS,FUEL INJECTION,ASHOK LEYLAND,"","6N",BUSH,"",LEYPARTS,X3223015
TALBROS,GASKETS,PERKINS,P4,FULL GASKET,DYNA SEAL,"",TALBROS,FSIA45
BANCO,GASKETS,ASHOK LEYLAND,HINO NONTURBO,SAR,HEAD GASKET,"",BANCO,"53607000PSSAR"
LEYPARTS,GEARBOX,ASHOK LEYLAND,"","1&2 (OLD) ,51T,8SPEED",SLIDING SLEEVE,"",LEYPARTS,F1608211
BANCO,GASKETS,FORD TRACTOR,ESCORT 335/325,BANKITE,HEAD GASKET,"",BANCO,"53520100PSBKT"
KSPG,CONNECTING BEARING,MARUTI,RITZ/SWIFT/DEZIRE,PETROL,"","20",KSPG,B.165.0.10.023
IPL,PISTON SET,TATA,"407","4SP","","",IPL,"602-12162W/4-STD"
KSPG,MAIN BEARING,TATA,"1210","1210","","50",KSPG,M.207.3.01.053
TALBROS QHT,DRAG LINK ASSEMBLY,TATA,PRIMA 3123,DRAG LINK ASSEMBLY,"","",TALBROS QHT,DL01232
KSPG,MAIN BEARING,TATA,SUMO,SUMO(4DL),"","30",KSPG,M.234.3.00.033
BIMETAL,MAIN BEARING,TATA,CUMMINS,CUMMINS,"","0.25",BIMETAL,MS 8515 025
RBL,DISCPAD,MITSUBISHI,LANCER,"","","",RBL,RBL/DP/016
KSPG,CONNECTING BEARING,ISUZU,ISUZU,NEW,"",STD,KSPG,B.117.0.10.003
TALBROS,GASKETS,TATA,"1613",FULL GASKET,EXCEL,"",TALBROS,FS1613DSXNATCBS2
SVL,CLUTCH PLATE,ASHOK LEYLAND,"15 INCHES","","","",SVL,VCCD0380CB15
TALBROS,GASKETS,TATA,"609/709",HALF GASKET,DYNA SEAL,"",TALBROS,HS609DSXTC
KSPG,CONNECTING BEARING,ESCORT FORD,ESCORT FORD,ESCORT FORD,"","20",KSPG,B.302.3.00.023
LEYPARTS,ENGINE,ASHOK LEYLAND,"",HINO REGULAR,MAIN BEARING,"",LEYPARTS,P0914851
BANCO,GASKETS,MAHINDRA TRACTOR,INTERNATIONAL B275,TFX,TR.DRIVING SHAFT BEARING CASE,"",BANCO,"5658433806TFX"
KSPG,MAIN BEARING,TATA,"407","407","","40",KSPG,M.236.3.00.043
KAR VALVES,VALVE,KOMATSU,"2120932","2120932","",STD,KAR VALVES,KV1559
LEYPARTS,FILTERS,ASHOK LEYLAND,"",BSIII,WATER SEPRATOR,"",LEYPARTS,F8835100
BIMETAL,CONNECTING BEARING,TATA,CUMMINS,CUMMINS (REG),"","0.25",BIMETAL,CS 5217 025
KSPG,CONNECTING BEARING,MAHINDRA,PEUGEOT,PEUGEOT,"","50",KSPG,B.221.3.00.053
RBL,BRAKE SHOE,FORD,FIESTA CLASSIC,"","","",RBL,RBL/BS/082
LEYPARTS,GASKETS,ASHOK LEYLAND,"",HINO BS6/BS4,EXHAUST MANIFOLD,"",LEYPARTS,F1770400
BANCO,GASKETS,SIMPSON,P4,PAP,LUBE OIL PUMP BODY,"",BANCO,"5440517710PAP"
LEYPARTS,GEARBOX,ASHOK LEYLAND,"",NEEDLE BG KT ( 5 & 6 SPEED),BEARINGS,"",LEYPARTS,P0991951
KSPG,CONNECTING BEARING,ASHOK LEYLAND,LEYLAND,LEYLAND 370,"","30",KSPG,B.205.3.09.033
LEYPARTS,CLUTCH,ASHOK LEYLAND,"","15 ICNHES,BS3,CRS",FLYWHEEL ASSY,"",LEYPARTS,B9288401
BANCO,GASKETS,SIMPSON,S3/241,PQB,HALF GASKET,"",BANCO,"54401898GPQB"
RBL,DISCPADS,RENAULT,DUSTER,"","","",RBL,RBL/PDP/519
LEYPARTS,ENGINE,ASHOK LEYLAND,"",MAJOR KIT,AIR COMPRESSOR,"",LEYPARTS,P1009251
BANCO,GASKETS,MARUTI,K SERIES,RUB,VALVE COVER,"",BANCO,"5231181500RUB"
KSPG,CONNECTING BEARING,TATA,NANO,NANO,"","10",KSPG,B.153.0.00.013
BANCO,GASKETS,MAHINDRA,JEEP DIESEL,BANKITE,HALF GASKET,"",BANCO,"55803098PSBKT"
TIGER POWER,CYLINDER LINER,CHEVROLET,TAVERA,PRE FINISHED,"2B",STD,TIGER POWER,K2004100360
SETCO,BRAKE LINING,TATA,"1510/1612","10 HOLES FRONT","","1MM",SETCO,SL-XP-TTS/1 (OS-1)
RBL,BRAKE SHOE,CHEVROLET,TAVERA,"","","",RBL,RBL/BS/010
TALBROS,GASKETS,ASHOK LEYLAND,HINO (4CYL),FULL GASKET,MLS ( STEEL),"",TALBROS,FS3118MLSNA
BANCO,GASKETS,MARUTI,ALTO LX/800,GAF,HEAD GASKET,"",BANCO,"52311300PSGAF"
LEYPARTS,ENGINE,ASHOK LEYLAND,"",E3,CON ROD BUSH,"",LEYPARTS,P5104096
BANCO,GASKETS,TATA,INDIGO/INDICA TURBO,AST,FULL GASKET,"",BANCO,"5220509910AST"
TALBROS,GASKETS,TATA,SUMO,HEAD GASKET,EXCEL,"",TALBROS,"3068DSXNA20S"
BIMETAL,CONNECTING BEARING,ASHOK LEYLAND,LEYLAND,LEYLAND 370,"","10",BIMETAL,CS 179 010
BANCO,GASKETS,MAHINDRA,PEUGEOT XDP-4 MILLOR TYPE,BHR,FULL GASKET,"",BANCO,"55803599PSBHR"
SETCO,CLUTCH RELEASE BEARING,TATA,"352DIA GB-60","","","",SETCO,SCRB-9007
LEYPARTS,FRONT AXLE,ASHOK LEYLAND,"",FA-90,KING PIN THRUST PAD,"",LEYPARTS,F0200111
BANCO,GASKETS,SIMPSON,EAGLE/SAMRAT,MVR,VALVE COVER,"",BANCO,"5440161515MVR"
KSPG,MAIN BEARING,TATA,"709","709","","60",KSPG,M.254.3.00.063
BANCO,GASKETS,ASHOK LEYLAND,"680/690",SAL,FULL GASKET,"",BANCO,"53606699PSSAL"
RBL,DISCPAD,SKODA,FABIA & RAPID,"","","",RBL,RBL/PDP/524
BANCO,GASKETS,MASSEY FERGUSON,MF 135,COPPER / NON ASBESTOS,FULL GASKET,"",BANCO,"5124229902CAC"
BANCO,GASKETS,TATA,CUMMINS BS1 / BS2,SAL,TIMING COVER,"",BANCO,"52205237PSSAL"
LEYPARTS,CLUTCH,ASHOK LEYLAND,"",BSIII/BSIV BUS (330DIA),CLUTCH PLATE,"",LEYPARTS,B1308106
BANCO,GASKETS,MARUTI,CAR,BANKITE,HEAD GASKET,"",BANCO,"52311100PSBKT"
LEYPARTS,BRAKE,ASHOK LEYLAND,"","5INCHES,10 HOLES, FRONT (S3)",BRAKE LINING,"",LEYPARTS,PD600526
BANCO,GASKETS,MAHINDRA TRACTOR,INTERNATIONAL B275,AST,CHASIS KIT,"",BANCO,"56584396PSAST"
RBL,DISCPAD,CHEVROLET,ENJOY,"","","",RBL,RBL/PDP/521
RBL,BRAKE LINING,TATA,"709",FR & RR 12 HOLES,HF7,"2MM",RBL,RBL/T709/1 2MM HF7
IPL,VALVE,ASHOK LEYLAND,LEYLAND,"401/402/411","",STD,IPL,"712-VL10711"
KSPG,MAIN BEARING,TATA,"1210","1210","","60",KSPG,M.207.3.02.063
BANCO,GASKETS,TATA,CUMMINS BS1 / BS2,W/O VSS PQB,FULL GASKET,"",BANCO,"5220529930PQB"
KSPG,MAIN BEARING,ESCORT FORD,ESCORT FORD,ESCORT FORD,"","40",KSPG,N.302.3.00.043
KSPG,MAIN BUSH,TATA,IRIS/ZIP,IRIS/ZIP,"",STD,KSPG,L.420.5.10.703
KAR VALVES,VALVE,HONDA,CITY / AMAZE / JAZZ,PETROL,"",STD,KAR VALVES,KV1291-292
IPL,CYLINDER LINER,ASHOK LEYLAND,HINO,"20TH PF","","",IPL,"672-L3167-020"
LEYPARTS,BRAKE,ASHOK LEYLAND,"",BSIII/BSIV,OUTER OIL SEAL,"",LEYPARTS,FA601600
LEYPARTS,ENGINE,ASHOK LEYLAND,"",AL ENGINE,LOCK KIT,"",LEYPARTS,P0960351
BANCO,GASKETS,ASHOK LEYLAND,HINO 4D-4 CYL,RUB,VALVE COVER,"",BANCO,"5360441500RUB"
TIGER POWER,CYLINDER LINER,MAHINDRA,LOGAN,SEMI FINISHED,LOGAN,STD,TIGER POWER,K2013400160
TALBROS,GASKETS,SIMPSON,S4,HEAD GASKET,DYNA SEAL,"",TALBROS,"1026DSGNA"
BANCO,GASKETS,MAHINDRA TRACTOR,"575 DI (4CYL.)",MLS(STEEL),FULL GASKET,"",BANCO,"56584699PQMLS"
KSPG,MAIN BEARING,CHEVROLET,TAVERA,TAVERA,"","30",KSPG,M.154.0.00.033
IPL,PISTON RING SET,SIMPSON,PHASER,PHASER TC,"","",IPL,"642-9744Q/4-STD"
KSPG,CONNECTING BEARING,MAHINDRA,HAWK,HAWK,"","10",KSPG,B.274.7.00.013
RBL,DISCPAD,MARUTI,CIAZ & DZIRE & RITZ & SWIFT,"","","",RBL,RBL/DP/031
BANCO,GASKETS,TATA,INDICA,SS,MANIFOLD,"",BANCO,"5220420200SS"
LEYPARTS,HYDRAULIC,ASHOK LEYLAND,"","57CC",PTO PUMP,"",LEYPARTS,P2200639
RBL,BRAKE LINING,ASHOK LEYLAND,"6 INCHES",FRONT 10 HOLES,HF7,Jan-32,RBL,AL/TP/SM/7&8 1/32
LEYPARTS,ENGINE,ASHOK LEYLAND,"",H- SERIES,VALVE SPLIT CONE,"",LEYPARTS,P0997251
BANCO,GASKETS,MARUTI,K SERIES,BANKITE,HEAD GASKET,"",BANCO,"52311800PSBKT"
KSPG,CONNECTING BEARING,ASHOK LEYLAND,HINO,HINO (REG),"","30",KSPG,B.241.4.00.033
KSPG,MAIN BEARING,TATA,"407","407","","50",KSPG,M.236.3.00.053
RBL,BRAKE LINING,MAHINDRA,SUPRO/JEETO,WITH RIVETS,RD3205M,"1/32",RBL,RBL/FC150/L&S (WR) 1/32 3205M
BANCO,GASKETS,EICHER,CANTER,MLS(STEEL),HEAD GASKET,"",BANCO,"5135170000MLS"
TALBROS,GASKETS,MASSEY FERGUSON,MF 135,FULL GASKET,DYNA SEAL,"",TALBROS,FS2A445A
TALBROS,GASKETS,KIRLOSKAR,"6R",HEAD GASKET,MLS ( STEEL),"",TALBROS,MLS3119
KSPG,IG BUSH,CHEVROLET,TAVERA,TAVERA,"",STD,KSPG,G.154.0.00.703
RBL,BRAKE LINING,TATA,"1510/1612",FRONT 10 HOLES,GT11-HLS,"2MM",RBL,TT/TP/SM/1 2MM GT11-HLS
RBL,DISCPAD,TATA,BOLT,"","","",RBL,RBL/PDP/506
RBL,BRAKE SHOE,HYUNDAI,ACCENT,"","","",RBL,RBL/BS/023
BANCO,GASKETS,TATA,ACE,GAF,HEAD GASKET,"",BANCO,"5220200019GAF"
KSPG,CONNECTING BEARING,TATA,"407","407","","10",KSPG,B.236.3.00.013
BANCO,GASKETS,MAHINDRA TRACTOR,INTERNATIONAL B275,HLT,TR.CASE COVER,"",BANCO,"5658433920HLT"
KSPG,MAIN BEARING,EICHER,CANTER,"6CYL","","20",KSPG,M.235.4.10.023
TALBROS,GASKETS,ASHOK LEYLAND,HINO,HALF GASKET,MLS ( STEEL),"",TALBROS,HS3088MLSMOS
KSPG,MAIN BEARING,TATA,INDICA,INDICA,"","40",KSPG,M.119.3.00.043
BANCO,GASKETS,ASHOK LEYLAND,HINO TURBO,MLS(STEEL),HALF GASKET,"",BANCO,"5360779800MLS"
TIGER POWER,CYLINDER LINER,ASHOK LEYLAND,HINO,PRE FINISHED,OD 20,"20TH",TIGER POWER,K2009500760
RBL,BRAKE LINING,ASHOK LEYLAND,"7 INCHES",REAR 10 HOLES,GT11 HLS,"1/16",RBL,AL/TP/HLP/3&4 1/16 GT11-HLS
BANCO,GASKETS,TATA,CUMMINS BS1 / BS2,SYR,PUSH ROD COVER,"",BANCO,"5220522000SYR"
RBL,DISCPAD,HONDA,AMAZE& BRIO,"","","",RBL,RBL/PDP/502
TALBROS,GASKETS,FORD TRACTOR,"3000/3600",FULL GASKET,DYNA SEAL,"",TALBROS,FS2A658ASBWOS
BANCO,GASKETS,MARUTI,CAR,BANKITE,HEAD GASKET,"",BANCO,"5231110010BKT"
TALBROS,GASKETS,TATA,"1612",FULL GASKET,DYNA SEAL,"",TALBROS,FS728DSXCTCSMK2
BANCO,GASKETS,TATA,CUMMINS BS1 / BS2,HLT,DIFFERENTIAL COVER,"",BANCO,"5220524000HLT"
TRUCKPARTS-COOLANT,COOLANT,"","",GREEN (1:3),"","1LTR",TRUCKPARTS-COOLANT,SC-NC10
RBL,DISCPAD,TATA,ACE & INDICA,"","","",RBL,RBL/PDP/507
KSPG,MAIN BUSH,MAHINDRA,GIO,"","",STD,KSPG,L.424.0.00.703
KSPG,MAIN BEARING,TOYOTA,QUALIS,QUALIS,"","20",KSPG,M.140.0.00.023
RBL,DISCPAD,HYUNDAI,SANTRO,"","","",RBL,RBL/PDP/504
KSPG,CONNECTING BEARING,TOYOTA,QUALIS,QUALIS,"","30",KSPG,B.140.0.00.033
IPL,PISTON SET,ASHOK LEYLAND,LEYLAND,"411/412","","",IPL,"602-13122W-STD"
BANCO,GASKETS,TOYOTA,QUALIS,RUB,CHAMBER PACKING,"",BANCO,"5239291000RUB"
KSPG,THRUST WASHER,MARUTI,"800 (CAR)","800 (CAR)","",OS2,KSPG,PW.110.5.00.423
LEYPARTS,ENGINE,ASHOK LEYLAND,"","1250",FAN BELT,"",LEYPARTS,X0301750
KAR VALVES,VALVE,INDUSTRIAL-CUMMINS,"3088393-KT SERIES","3088393-KT SERIES","",STD,KAR VALVES,KV1249
RBL,BRAKE LINING,ASHOK LEYLAND,ECOMET 1112,FRONT 16 HOLES,RAF7,Jan-32,RBL,RBL/ECOMET/1112/1 1/32 RAF7
KAR VALVES,VALVE,INDUSTRIAL-CUMMINS,"2879472","2879472","",STD,KAR VALVES,KV1814-2V
BANCO,GASKETS,MARUTI,CAR,AST,CARBURETTOR KIT MAJOR,"",BANCO,"523111CO20AST"
TIGER POWER,CYLINDER LINER,ASHOK LEYLAND,HINO,PRE FINISHED,OD 5TH,"5TH",TIGER POWER,K2009502560
BANCO,GASKETS,MAHINDRA TRACTOR,INTERNATIONAL B275,PQB,COUNTER SHAFT BED GASKET INTERFACE MATL.,"",BANCO,"5658436706PQB"
TIGER POWER,CYLINDER LINER,HYUNDAI,VERNA,SEMI FINISHED,FLUDIC,STD,TIGER POWER,K2003400360
KAR VALVES,VALVE,BAJAJ,COMPACT,BS III,"",STD,KAR VALVES,KV1183-184
KSPG,MAIN BEARING,HYUNDAI,SANTRO,SANTRO,"",STD,KSPG,M.152.0.00.003
RBL,BRAKE LINING,ASHOK LEYLAND,"6 INCHES",FRONT 10 HOLES,GT11 HLS,Jan-32,RBL,AL/TP/HLP/7&8 1/32
KAR VALVES,VALVE,"",JOHNDEERE,JOHN DEERE,"","5",KAR VALVES,KV1645-646-5
KAR VALVES,VALVE,MARUTI,ESTILO,K-SERIES,"",STD,KAR VALVES,KV1231-232
TALBROS,GASKETS,FORD TRACTOR,"3000/3600",HEAD GASKET,DYNA SEAL,"",TALBROS,SB2A659
BIMETAL,MAIN BEARING,MAHINDRA,AVL,AVL,"",STD,BIMETAL,MS 431 STD
RBL,DISCPAD,MAHINDRA,XUV 500 REAR,"","","",RBL,RBL/PDP/516
IPL,PISTON RING SET,MARUTI,ALTO,ALTO,"","",IPL,"642-5945G/3-STD"
SUPER PAC,TAPPET COVER,TATA,CUMMINS BS-III,"","","",SUPER PAC,"27570"
KSPG,CONNECTING BEARING,TATA,"407","407","","20",KSPG,B.236.3.00.023
RBL,BRAKE LINING,ASHOK LEYLAND,"7 INCHES",REAR 10 HOLES,GT11 HLS,"1/32",RBL,AL/TP/HLP/3&4 1/32
USHA,PISTON RING SET,ASHOK LEYLAND,LEYLAND,HTCR,"","",USHA,"224 RCP"
KSPG,MAIN & CR BRG,MARUTI,WAGONR,"3CYL","","20",KSPG,P.135.0.10.023
KSPG,MAIN BEARING,MAHINDRA,AVL,AVL (4CYL),"",STD,KSPG,N.320.3.00.003
TALBROS,GASKETS,TATA,INDICA,HEAD GASKET,EXCEL,"",TALBROS,"3085DSXNA4OS"
BANCO,GASKETS,FORD TRACTOR,"3000/3600",SAL,HALF GASKET,"",BANCO,"53520498PSSAL"
KAR VALVES,VALVE,ASHOK LEYLAND,HINO,TURBO,"",STD,KAR VALVES,KV1377-378
KSPG,CHASIS BUSH,SWARAJ,SWARAJ,"","",STD,KSPG,Z.331.5.00.703
ANHAD,OIL PUMP CAN,"","",WESCO,"","1/2 PINT",ANHAD,"00AO30102"
SVL,UJ KIT,TATA,TATA ACE,"","","",SVL,VDUJ0103L56
RBL,DISCPAD,TATA,ARIA & SAFARI DICOR,"","","",RBL,RBL/DP/044
BANCO,GASKETS,TATA,"709 / 1109 TURBO",SAL,VALVE COVER,"",BANCO,"52204915PSSAL"
KSPG,CONNECTING BEARING KIT,MARUTI,"800 (CAR)","800 (CAR)","","10",KSPG,P.110.3.20.013
IPL,PISTON RING SET,TATA,CUMMINS,BS III,"","",IPL,"642-9892VQY-STD"
KSPG,MAIN BEARING,MARUTI,ZEN/EECO,ZEN/EECO,"","20",KSPG,M.116.0.00.023
TALBROS,GASKETS,TATA,"1210",HEAD GASKET,DYNA SEAL,"",TALBROS,P66T1
KSPG,MAIN & CR BRG,MARUTI,ZEN/EECO,ZEN/EECO,"","30",KSPG,P.116.0.00.033
KSPG,VR BUSH,TATA,"1210","1210","",STD,KSPG,V.207.5.00.003
IPL,PISTON RING SET,ASHOK LEYLAND,IVECO,IVECO,"","",IPL,"642-9074V/4-STD"
LEYPARTS,DRIVE LINE,ASHOK LEYLAND,"","90-SERIES (34 SPLINES)",MIDSHIP TUBE SHAFT,"",LEYPARTS,P4501633
KSPG,MAIN BEARING,TATA,"1210","1210","","40",KSPG,N.207.3.00.043
KAR VALVES,VALVE,TOYOTA,COROLLA ALTIS / ETIOS,DIESEL,"",STD,KAR VALVES,KV1261-262
TALBROS,GASKETS,MAHINDRA,"255",HEAD GASKET,DYNA SEAL,"",TALBROS,"3071DSX"
LEYPARTS,COOLING SYSTEM,ASHOK LEYLAND,"",FUEL TANK TO FUEL STRAINER (ASSY),HOSES,"",LEYPARTS,B4464002
BANCO,GASKETS,MAHINDRA,JEEP PETROL,BANKITE,FULL GASKET,"",BANCO,"5580299911BKT"
TIGER POWER,CYLINDER LINER,SIMPSON,P3,SEMI FINISHED,P3,STD,TIGER POWER,K2004600160
TALBROS,GASKETS,ASHOK LEYLAND,"680",HEAD GASKET,DYNA SEAL,"",TALBROS,"319DSX"
LEYPARTS,CLUTCH,ASHOK LEYLAND,"","15 INCHES",FACE PLATE KIT,"",LEYPARTS,P0996651
TALBROS,GASKETS,ASHOK LEYLAND,HINO (4CYL),FULL GASKET,EXCEL,"",TALBROS,FS3118DSXNAWOS
TALBROS,GASKETS,TATA,MAGIC/IRIS,HEAD GASKET,EXCEL,"",TALBROS,"3141DSXNA"
KSPG,CONNECTING BUSH,TATA,CUMMINS,"","",STD,KSPG,PS.245.5.00.703
RBL,BRAKE LINING,ASHOK LEYLAND,"8 INCHES",REAR 10 HOLES,GT11 HLS,STD,RBL,AL/TP/HLP/A/10&11 STD
BANCO,GASKETS,MARUTI,VAN,BANKITE,MANIFOLD,"",BANCO,"5231120201BKT"
BANCO,GASKETS,MAHINDRA TRACTOR,"575 DI (4CYL.)",BANKITE,FULL GASKET,"",BANCO,"56584799PSBKT"
BANCO,GASKETS,"",METADOR 305,BANKITE,HALF GASKET,"",BANCO,"51312798PSBKT"
BANCO,GASKETS,ASHOK LEYLAND,HINO NONTURBO,ECO,FULL GASKET,"",BANCO,"53607099PSECO"
BANCO,GASKETS,TATA,INDIGO DICOR,MLS(STEEL),HEAD GASKET,"",BANCO,"5220480000MLS"
BANCO,GASKETS,ASHOK LEYLAND,HINO NONTURBO,SAR,HALF GASKET,"",BANCO,"53607098PSSAR"
TIGER POWER,CYLINDER LINER,HYUNDAI,VERNA,SEMI FINISHED,VERNA,STD,TIGER POWER,K2003400260
IPL,PISTON SET,SIMPSON,S3,"5RV","","",IPL,"602-12155W-STD"
TALBROS,GASKETS,TATA,"1613",FULL GASKET,DYNA SEAL,"",TALBROS,FS1613DSXTCNABS2
RBL,DISCPAD,MARUTI,WAGONR,"","","",RBL,RBL/PDP/511
TIGER POWER,CYLINDER LINER,TATA,CUMMINS,PRE FINISHED,PLAIN,STD,TIGER POWER,K2005501466
LEYPARTS,ELECTRICALS,ASHOK LEYLAND,"",RH,HEAD LIGHT MOUNTING PANEL,"",LEYPARTS,B5402920
RBL,BRAKE LINING,EICHER,Oct-95,FR & RR 12 HOLES,HF7,"1MM",RBL,RBL/T909-EX/1 1MM
SPICER,MIDSHAFT TUBE,ASHOK LEYLAND,"1710 SERIES","","","",SPICER,SDMT1710D102
BANCO,GASKETS,MAHINDRA,SCORPIO CRDE,MLS(STEEL),HEAD GASKET,"",BANCO,"5580400000MLS"
LEYPARTS,BRAKE,ASHOK LEYLAND,"",FRONT INNER (6379/6320),HUB BEARINGS,"",LEYPARTS,F0232910
TIGER POWER,VALVE,TATA,CUMMINS BSII,"","","3",TIGER POWER,V2005500260
KAR VALVES,VALVE,KIRLOSKAR,"4R","1040/BSIII","",STD,KAR VALVES,KV1481-482
KSPG,IG BUSH,MAHINDRA,PEUGEOT,PEUGEOT,"",STD,KSPG,G.221.5.00.703
TIGER POWER,VALVE,ASHOK LEYLAND,HINO 6DTI (TURBO),"","",STD,TIGER POWER,V2009500260
TALBROS,GASKETS,MAHINDRA,"265",FULL GASKET,DYNA SEAL,"",TALBROS,FS3069DSX
LEYPARTS,ENGINE,ASHOK LEYLAND,"",NON TURBO (6E),CRANK PULLEY,"",LEYPARTS,X3974000
LEYPARTS,GEARBOX,ASHOK LEYLAND,"","48TEETH",SYNCHRO HUB,"",LEYPARTS,F1672611
KSPG,CONNECTING BEARING,MAHINDRA,SCORPIO,SCORPIO,"",STD,KSPG,B.333.4.00.003
SPICER,CLUTCH PLATE,TATA,"2045 SERIES","","","",SPICER,SDUJ2045L147L
RBL,BRAKE SHOE,MARUTI,CIAZ & RITZ & SWIFT,"","","",RBL,RBL/BS/021
KSPG,MAIN BEARING,HYUNDAI,SANTRO,SANTRO,"","10",KSPG,M.152.0.00.013
BANCO,GASKETS,MAHINDRA TRACTOR,"80 HP",BANKITE,HEAD GASKET,"",BANCO,"5641140000BKT"
LEYPARTS,COOLING SYSTEM,ASHOK LEYLAND,"",WATER OUTLRT FROM COMPRESSOR (ALBS2),HOSES,"",LEYPARTS,B8780503
TIGER POWER,CYLINDER LINER,TATA,"207",SEMI FINISHED,THIN,STD,TIGER POWER,K2006500160
BANCO,GASKETS,CHEVROLET,BEAT PETROL (4 CYL),MLS(STEEL),HEAD GASKET,"",BANCO,"5340260000MLS"
KSPG,CONNECTING BEARING,TATA,"1210","1210","","20",KSPG,B.207.3.00.023
RBL,BRAKE LINING,AMW,AMW,REAR 14 HOLES,RAF7,STD,RBL,RBL/AMW/R/2 STD RAF7
LEYPARTS,GEARBOX,ASHOK LEYLAND,"","OVER DRIVE GEAR, 19 TEETH",MAIN SHAFT GEARS,"",LEYPARTS,F1625311
RBL,BRAKE LINING,TATA,BS6,"8HOLES",HLVI,"2MM",RBL,TT/TP/BS6 - 2MM(HLVi)
KSPG,THRUST WASHER,MAHINDRA,PEUGEOT,PEUGEOT,"","",KSPG,W.221.5.00.433
TIGER POWER,CYLINDER LINER,BAJAJ,OX-ECO,SEMI FINISHED,OX-ECO,STD,TIGER POWER,K200180011M
BANCO,GASKETS,HYUNDAI,I 10 KAPPA,MLS(STEEL),HEAD GASKET,"",BANCO,"5224260000MLS"
GOETZE,RING SET,TATA,"697","697 CKS","","",GOETZE,"6871CKS-SD"
RBL,BRAKE LINING,ASHOK LEYLAND,ECOMET 1112,FRONT 16 HOLES,RAF7,STD,RBL,RBL/ECOMET/1112/1 STD RAF7
SETCO,CLUTCH,ASHOK LEYLAND,"15INCHES 1.75SPLINES","","","",SETCO,"380-009-L2558R"
KAR VALVES,VALVE,HYUNDAI,XCENT & GRAND I10,XCENT & GRAND I10,"",STD,KAR VALVES,KV1467-468-6V
RBL,BRAKE LINING,ASHOK LEYLAND,"6 INCHES",FRONT 10 HOLES,GT11 HLS,"01-Aug",RBL,AL/TP/HLP/7&8 1/8 GT11-HLS
KSPG,CONNECTING BEARING,ASHOK LEYLAND,HINO,BSIV,"","10",KSPG,B.241.4.10.013
LEYPARTS,COOLANT BODY,ASHOK LEYLAND,"",BS4,COOLANT OUTLET BODY,"",LEYPARTS,F0Z00342
IPL,PISTON RING SET,MAHINDRA,MDI 3200,MDI 3200,"","",IPL,"642-5964V/4-STD"
BANCO,GASKETS,TATA,"1613(697) TURBO",BANKITE,HALF GASKET,"",BANCO,"52208198PSBKT"
IPL,PISTON RING SET,SIMPSON,S4,"3RV","","",IPL,"642-9755V/4-STD"
BANCO,GASKETS,ASHOK LEYLAND,HINO NONTURBO,HET,OIL COOLER PACKING,"",BANCO,"5360707000HET"
KSPG,MAIN BEARING,MAHINDRA,MDI 3200,MDI 3200,"",STD,KSPG,M.332.3.00.003
BANCO,GASKETS,DAWOO / MATIZ,DAEWOO CEILO,BAF,HEAD GASKET,"",BANCO,"52703900PSBAF"
KSPG,MAIN BEARING,MARUTI,SWIFT DIESEL,SWIFT DIESEL,"","10",KSPG,P.131.0.00.013
KSPG,MAIN BEARING,CHEVROLET,TAVERA,TAVERA,"","20",KSPG,M.154.0.00.023
RBL,BRAKE LINING,TATA,"608","12 HOLES",RD3205M,"2MM",RBL,IN/19/20/2 2MM RD3205M
IPL,PISTON SET,ASHOK LEYLAND,LEYLAND,"401","","",IPL,"602-13318W-STD"
IPL,PISTON RING SET,TATA,ACE,ACE,"","",IPL,"642-9865Q/2-STD"
BANCO,GASKETS,MARUTI,K SERIES,BAF,HEAD GASKET,"",BANCO,"52311800PSBAF"
KSPG,CONNECTING BEARING KIT,MARUTI,"800 (CAR)","800 (CAR)","","60",KSPG,P.110.3.20.063
KSPG,CONNECTING BEARING,MARUTI,ALTO K10,ALTO K10,"",STD,KSPG,B.165.0.00.003
BANCO,GASKETS,MAHINDRA TRACTOR,"575 DI MILLOR TYPE",BANKITE,HEAD GASKET,"",BANCO,"56583600PSBKT"
IPL,PISTON RING SET,TATA,"609/709","609/709 THIN RING ( EURO II)","","",IPL,"642-9513Q/4-STD"
BANCO,GASKETS,TATA,"1210",HLT,TIMING COVER,"",BANCO,"5220623505HLT"
RBL,DISCPAD,TATA,INDIGO,"","","",RBL,RBL/DP/014
BANCO,GASKETS,ASHOK LEYLAND,ECOMET 4DTI/ETI DISEL 4CYL,MLS(STEEL) W/O VSS,FULL GASKET,"",BANCO,"5360269910MLS"
TALBROS QHT,DRAG LINK,TATA,ALL MODELS (30DIA),REPAIR KIT (30/35 DIA),"","",TALBROS QHT,DRK01001
KSPG,CONNECTING BEARING,KIRLOSKAR,"6TA","6TA","",STD,KSPG,B.584.4.10.003
LEYPARTS,ENGINE,ASHOK LEYLAND,"",HINO ENGINES,LIFTER VALVE KIT,"",LEYPARTS,P0996451
KSPG,MAIN BEARING,KIRLOSKAR,RA3,RA3,"","10",KSPG,M.038.4.01.013
IPL,PISTON RING SET,ASHOK LEYLAND,HINO,"6 ETI THIN RING","","",IPL,"642-9621Q/6-STD"
RBL,BRAKE LINING,TATA,"1009",FR & RR 12 HOLES,HF7,STD,RBL,RBL/T1009TT/1 STD
LEYPARTS,GEARBOX,ASHOK LEYLAND,"","",BEARINGS,"",LEYPARTS,F0267710
LEYPARTS,FILTERS,ASHOK LEYLAND,"",U TRUCK,AIR FILTER,"",LEYPARTS,P5104005
TRUCKPARTS-COOLANT,COOLANT,"","",GREEN (1:9),"","5LTR",TRUCKPARTS-COOLANT,SC-50 5LTR
TALBROS,GASKETS,BAJAJ,OX-45,HEAD GASKET,DYNA SEAL,"",TALBROS,"3095DSX"
KSPG,CONNECTING BEARING,MAHINDRA,MDI 3200,MDI 3200,"","10",KSPG,B.332.3.00.013
KSPG,MAIN BEARING,KIRLOSKAR,SL 90,SL 90,"","10",KSPG,M.055.4.00.013
BANCO,GASKETS,MAHINDRA,XDP 3,BANKITE,HEAD GASKET,"",BANCO,"5580390018BKT"
RBL,BRAKE SHOE,MARUTI,WAGONR (KBX TYPE),"","","",RBL,RBL/BS/018
SUPER PAC,VALVE STEM SEALS,TATA,CUMMINS BSII,"","","",SUPER PAC,VSS061616V
BANCO,GASKETS,ASHOK LEYLAND,DOST,MLS(STEEL),HEAD GASKET,"",BANCO,"5360250000MLS"
TIGER POWER,CYLINDER LINER,TATA,"407",PRE FINISHED,THIN COLLAR,"20TH",TIGER POWER,K2007000660
KSPG,CONNECTING BEARING,MAHINDRA,MHAWK,"4CYL","","30",KSPG,B.274.7.00.033
IPL,KITSET,MAHINDRA,BSIII,BS III,"","",IPL,"622-113603418VQY/1 STD"
TALBROS,GASKETS,MASSEY FERGUSON,MF 135,HEAD GASKET,DYNA SEAL,"",TALBROS,"2A445"
BANCO,GASKETS,TATA,"1613(697) TURBO",BANKITE,FULL GASKET,"",BANCO,"5220819930PBKT"
LEYPARTS,CLUTCH,ASHOK LEYLAND,"",HINO BSIII (ONLY BRG),CLUTCH RELEASE BEARING,"",LEYPARTS,FG200500
BANCO,GASKETS,MARUTI,ESTEEM A MAT,BHR,HEAD GASKET,"",BANCO,"52312900PSBHR"
BANCO,GASKETS,MAHINDRA TRACTOR,INTERNATIONAL B275,BANKITE,FULL GASKET,"",BANCO,"56584399PSBKT"
BANCO,GASKETS,MARUTI,ZEN/ESTEEM,BHR,HEAD GASKET,"",BANCO,"52312800PSBHR"
TALBROS QHT,BALL SUSPENSION JOINT,ASHOK LEYLAND,ALL MODELS,BALL SUSPENSION JOINT BIG,"","",TALBROS QHT,BJ07001B
TIGER POWER,CYLINDER LINER,SIMPSON,P3,PRE FINISHED,P3,STD,TIGER POWER,K2004600260
KSPG,CONNECTING BUSH,SIMPSON,P3,"","",STD,KSPG,P.S.210.5.00.703
KAR VALVES,VALVE,CHEVROLET,BEAT DIESEL,BEAT DIESEL,"",STD,KAR VALVES,KV1257-258
LEYPARTS,BRAKE,ASHOK LEYLAND,"","5INCHES, 10 HOLES,STD",BRAKE LINING,"",LEYPARTS,PD600523
GOETZE,PISTON SET,MAHINDRA,MDI 3200,MDI 3200,"","",GOETZE,"05150MPLSD0000C1"
JMP,TRAILER BUSH,ASHOK LEYLAND,"",BELL CRANK SET,"","42X48XX75/42X48X55",JMP,JB-204
BANCO,GASKETS,MAHINDRA,MDI 3200,BANKITE,FULL GASKET,"",BANCO,"55803899PSBKT"
IPL,PISTON RING SET,SIMPSON,S3,"3RV","","",IPL,"642-9754D/4-STD"
KSPG,CONNECTING BEARING,ASHOK LEYLAND,DOST,DOST,"",STD,KSPG,B.298.0.00.003
RBL,BRAKE LINING,TATA,"1210",REAR 8 HOLES,"242",STD,RBL,TZ/2/1 STD 242
RBL,BRAKE LINING,ASHOK LEYLAND,"6 INCHES",FRONT 10 HOLES,HF7,STD,RBL,AL/TP/SM/7&8 STD HF7
SONALIKA,ROTVATOR BLADES,SONALIKA,SHAKTIMAN,L TYPE,"",L-9 & R-9 / 14.5 X 57,SONALIKA,"250008660A"
USHA,PISTON SET,TATA,"697 NONTURBO","697 NONTURBO","","",USHA,"256 RCP"
RBL,DISCPAD,HYUNDAI,I10,"","","",RBL,RBL/DP/001
LEYPARTS,ENGINE,ASHOK LEYLAND,"",AL ENGINE S2,CONNECTNG BRG,"",LEYPARTS,P2600502
SETCO,CLUTCH,MAN,"430DIA ","","","",SETCO,"430-019-L4947R"
IPL,PISTON RING SET,SIMPSON,PERKINS S3,ALFIN 1.8,"","",IPL,"642-9721V-STD"
TALBROS,GASKETS,TATA,ACE,HEAD GASKET,MLS ( STEEL),"",TALBROS,MLS3106
BIMETAL,CONNECTING BEARING,ASHOK LEYLAND,LEYLAND,LEYLAND 370,"","10",BIMETAL,CS 180 010
RBL,BRAKE LINING,TATA,"407","12 HOLES",RD3205M,STD,RBL,IN/19/20/1 STD
TALBROS QHT,BALL & SOCKET JOINT,MAN,TRUCK,"","","",TALBROS QHT,BJ01001BIG
SETCO,FLYWHEEL,ASHOK LEYLAND,"395DIA CAPTIAN","146T","","",SETCO,SF-5023
LEYPARTS,GEARBOX,ASHOK LEYLAND,"","OVER DRIVE GEAR, 51TEETH",COUNTER GEARS,"",LEYPARTS,F1625411
LEYPARTS,"",ASHOK LEYLAND,"","2040-SERIES",TUBE YOKE,"",LEYPARTS,P9H00017
SVL,CLUTCH PLATE,TATA,TATA ACE CK TYPE,"","","",SVL,VCCA0170KCK
LEYPARTS,ENGINE,ASHOK LEYLAND,"","5 PLATE",OIL COOLER,"",LEYPARTS,F7824900
RBL,DISCPAD,TOYOTA,INNOVA CRYSTA,"","","",RBL,RBL/PDP/540
TALBROS,GASKETS,MARUTI,CAR/VAN,HEAD GASKET,DYNA SEAL,"",TALBROS,MIA3040
LEYPARTS,GEARBOX,ASHOK LEYLAND,"","MESH GEAR, 48TEETH",COUNTER GEARS,"",LEYPARTS,F8A05611
LEYPARTS,BRAKE,ASHOK LEYLAND,"",REAR OUTER (ECOMET),HUB OIL SEAL,"",LEYPARTS,FA602400
BANCO,GASKETS,MASSEY FERGUSON,MF 135,BANKITE,MANIFOLD,"",BANCO,"5124220202BKT"
BANCO,GASKETS,MAHINDRA TRACTOR,"575 DI MILLOR TYPE",BANKITE,HALF GASKET,"",BANCO,"56583698PSBKT"
KSPG,MAIN BEARING,SIMPSON,P6,P6,"",STD,KSPG,N.212.5.00.003
RBL,BRAKE LINING,ASHOK LEYLAND,"7 INCHES",REAR 10 HOLES,GT11 HLS,"1/8",RBL,AL/TP/HLP/3&4 1/8 GT11-HLS
KSPG,MAIN BEARING,TATA,"1612(697)","1612(697)","",STD,KSPG,M.217.4.00.003
BANCO,GASKETS,TATA,INDICA VX DIESEL,W/O CHG AST,HALF GASKET,"",BANCO,"5220429800AST"
TALBROS,GASKETS,TATA,"609/709/1109",FULL GASKET,DYNA SEAL,"",TALBROS,FS609DSXTCCSMK2
BANCO,GASKETS,TATA,"1613 YC TUBRO",PREMIUM RANGE,HEAD GASKET,"",BANCO,"5BEK70HG00"
BANCO,GASKETS,TATA,CUMMINS BS 3,PQB,HALF GASKET,"",BANCO,"5220549810PQB"
KSPG,CONNECTING BUSH,TATA,"1210","1210","",STD,KSPG,S.207.5.01.703
LEYPARTS,ENGINE,ASHOK LEYLAND,"",ALTERNATOR-850,DRIVE BELT,"",LEYPARTS,F0301450
BANCO,GASKETS,TATA,CUMMINS BS 4,SYR,VALVE CAVER,"",BANCO,"5220561500SYR"
TIGER POWER,CYLINDER LINER,SIMPSON,S3/MF245,PRE FINISHED,S3/MF245,STD,TIGER POWER,K2005300360
KSPG,MAIN BEARING,TATA,"1210","1210","","10",KSPG,M.207.3.02.013
TALBROS,GASKETS,ESCORT FORD,"3000/3600",FULL GASKET,DYNA SEAL,"",TALBROS,FS2A658ASB
BANCO,GASKETS,TATA,SUMO/MOBILE/SIERA/SAFAR,HLT,WATER PUMP SET,"",BANCO,"5220464500HLT"
LEYPARTS,GEARBOX,ASHOK LEYLAND,"","3&4",SLIDING SLEEVE,"",LEYPARTS,F1600410
BANCO,GASKETS,TATA,INDICA,RCC,CHAMBER PACKING,"",BANCO,"5220421000RCC"
KSPG,MAIN BEARING,BAJAJ,OX-45,OX-45,"","10",KSPG,M.341.3.00.013
LEYPARTS,GEARBOX,ASHOK LEYLAND,"","28.55",DETEND PLUNGER,"",LEYPARTS,F4206515
RIVETS,RIVETS,"","",ALUMINIUM,"","10/12",RIVETS,RIVET DRG NO. L 10/12 AL
SETCO,BRAKE LINING,TATA,"407",FRONT & REAR 4HOLES,"","1MM",SETCO,SL-XP-T407/1&2 (OS-1)
LEYPARTS,ENGINE,ASHOK LEYLAND,"",TIMING GEAR,BUSH,"",LEYPARTS,F0536530
TIGER POWER,CYLINDER LINER,ASHOK LEYLAND,HINO,PRE FINISHED,Y GOLD,STD,TIGER POWER,K2009502360
GOETZE,RING SET,ASHOK LEYLAND,HINO,"6ETI CKS","","",GOETZE,"6154CKS-SD"
KSPG,THRUST WASHER,TATA,SUMO,SUMO(4DL),"","3",KSPG,W.234.5.00.003
RBL,BRAKE LINING,TATA,"1510/1612",FRONT 10 HOLES,HF7,"1MM",RBL,TT/TP/SM/1 1MM HF7
KAR VALVES,VALVE,NISSAN,"","","",STD,KAR VALVES,KV1275-276
KAR VALVES,Valve Collets,ASHOK LEYLAND,HINO,HINO & 412,"","",KAR VALVES,VC026100
TALBROS,GASKETS,SIMPSON,S4,FULL GASKET,DYNA SEAL,"",TALBROS,FSMIA1026
KSPG,CONNECTING BEARING,TATA,"407","407","","40",KSPG,B.236.4.00.043
BANCO,GASKETS,HONDA,ANAZE PETROL (4CYL),RUB,VALVE COVER,"",BANCO,"5230261500RUB"
BANCO,GASKETS,TATA,INDICA DIESEL,PREMIUM RANGE,HEAD GASKET,"",BANCO,"5BEK42HG17"
KAR VALVES,VALVE,MARUTI,WAGONR,WAGONR,"",STD,KAR VALVES,KV1189-190-8V
KAR VALVES,WATER PUMP,TATA,CUMMINS,BSII,"","",KAR VALVES,WP016001
LEYPARTS,ENGINE,ASHOK LEYLAND,"",ALBS2 -1580,FAN BELT,"",LEYPARTS,F0301350
TIGER POWER,CYLINDER LINER,TATA,"407",SEMI FINISHED,THICK COLLAR (BS3),"40TH",TIGER POWER,K2007001060
IPL,PISTON SET,TATA,"697","697 THIN RING ( EURO II)","","",IPL,"602-12402W-STD"
BIMETAL,MAIN BEARING,ASHOK LEYLAND,HINO,HINO (REG),"",STD,BIMETAL,MS 5806 STD
TALBROS,GASKETS,ASHOK LEYLAND,DOST,HEAD GASKET,MLS ( STEEL),"",TALBROS,MLS3155
BANCO,GASKETS,MARUTI,WAGON R/ALTO LX,BANKITE,HALF GASKET,"",BANCO,"52313198PSBKT"
KAR VALVES,VALVE,CATERPILLAR,"3508 VALVES","3508 VALVES","",STD,KAR VALVES,KV1273-274
TIGER POWER,CYLINDER LINER,TATA,"407",SEMI FINISHED,THICK COLLAR (BS3 4.65),"40TH",TIGER POWER,TTB2220
RBL,BRAKE LINING,EICHER,"",FR & RR 12 HOLES,HF7,"1MM",RBL,RBL/T1009TT/1 1MM
KSPG,MAIN BEARING,MAHINDRA,AVL,AVL (4CYL),"","20",KSPG,N.320.4.00.023
BANCO,GASKETS,SWARAJ MAZDA,SWARAJ MAZDA,BAF,HEAD GASKET,"",BANCO,"52262600PSBAF"
LEYPARTS,CABLES,ASHOK LEYLAND,"","4018T",ACCELEATOR CABLE,"",LEYPARTS,F8817400
KAR VALVES,VALVE,ASHOK LEYLAND,IVECO,IVECO,"",STD,KAR VALVES,KV1383-384
BANCO,GASKETS,MAHINDRA,M HAWK,MLS(STEEL),HEAD GASKET,"",BANCO,"5580420000MLS"
BANCO,GASKETS,TATA,ACE MEGA DICOR,RUB,VALVE COVER,"",BANCO,"5220101500RUB"
BIMETAL,MAIN BEARING,ASHOK LEYLAND,LEYLAND,LEYLAND 370,"",STD,BIMETAL,MS 475 STD
LEYPARTS,FUEL INJECTION PUMP,ASHOK LEYLAND,"","6D",FIP BUSH,"",LEYPARTS,X1600315
KSPG,CAM BUSH,TATA,"1612(697)","1612(697)","",STD,KSPG,C.246.5.00.703
LEYPARTS,BRAKE,ASHOK LEYLAND,"",INNER OIL SEAL ( UTRUCK),HUB OIL SEAL,"",LEYPARTS,FA601700
BANCO,GASKETS,TATA,MAGIC/IRIS,W/O CHG AST,FULL GASKET,"",BANCO,"5220019900AST"
BANCO,GASKETS,MAHINDRA TRACTOR,INTERNATIONAL B275,HLT,CRANK CASE FRINT PLATE,"",BANCO,"5658433510HLT"
KSPG,CONNECTING BUSH,TATA,INDIGO,"","",STD,KSPG,PS.119.5.20.703
SETCO,FLYWHEEL RING,TATA,GB-60,"138T","","",SETCO,SFR-9006
RBL,BRAKE SHOE,TATA,INDICA (KBX TYPE),"","","",RBL,RBL/BS/005
RBL,BRAKE LINING,ASHOK LEYLAND,"5 INCHES",FRONT 10 HOLES,HF7i,"1/32",RBL,AL/TP/SM/1&2 1/32 HF7i
TALBROS,GASKETS,MAHINDRA,"265",FULL GASKET,DYNA SEAL,"",TALBROS,FS3069DSXWOC
LEYPARTS,BRAKE,ASHOK LEYLAND,"",AUTOMATIC RH-FR,SLACK ADJUSTER,"",LEYPARTS,X8823400
TALBROS,GASKETS,TATA,"697",FULL GASKET,DYNA SEAL,"",TALBROS,FS728DSXMTCCS
BANCO,GASKETS,MAHINDRA,XDP 3,BAF,HEAD GASKET,"",BANCO,"5580390018BAF"
KAR VALVES,VALVE,MASSEY FERGUSON,PERKINS,P3,"",STD,KAR VALVES,KV1933-934
USHA,KITSET,TATA,QUADRAJET (VISTA),"","","",USHA,TATA INDICA VISTA QUADRAJET
KSPG,CONNECTING BEARING,ASHOK LEYLAND,HINO,HINO (REG),"",STD,KSPG,B.241.4.00.003
LEYPARTS,CLUTCH,ASHOK LEYLAND,"",ECOMET,LEVER KIT,"",LEYPARTS,PD600225
KAR VALVES,VALVE,VST,TILLER,(MITS TRCT),"",STD,KAR VALVES,KV1909-910
KSPG,THRUST WASHER,TATA,"1210","1210","",OS2,KSPG,W.207.5.01.423
IPL,PISTON SET,EICHER,EICHER,EIII TC,"","",IPL,"602-12629W/1-STD"
SUPER PAC,TAPPET COVER,TATA,CUMMINS BS-II,"","","",SUPER PAC,VCS27551
KAR VALVES,VALVE,"",JOHNDEERE,JOHN DEERE,"",STD,KAR VALVES,KV1645-646
BANCO,GASKETS,TATA,"407 TURBO",BEK,FULL GASKET,"",BANCO,"52204099BEK"
KSPG,THRUST WASHER,TATA,SUMO,SUMO(4DL),"",STD,KSPG,PW.234.5.00.003
BANCO,GASKETS,FORD TRACTOR,"3000/3600",BANKITE,HALF GASKET,"",BANCO,"53520498PSBKT"
BANCO,GASKETS,HYUNDAI,Santro Xing Erlx,GAF,HEAD GASKET,"",BANCO,"52242300PSGAF"
KSPG,MAIN BEARING KIT,MARUTI,"800 (CAR)","800 (CAR)","",STD,KSPG,P.110.3.30.003
USHA,PISTON SET,MAHINDRA,MAXIMO,MAXIMO,"","",USHA,PS1085A003ABS41
TALBROS,GASKETS,EICHER,CANTER (4CYL),HALF GASKET,EXCEL,"",TALBROS,HSPL222DSNANM
SETCO,BRAKE LINING,TATA,PRIMA/BENZ,FRONT & REAR 12HOLES,"","1MM",SETCO,SL-XP-PRIMA/12 (OS-1)
KSPG,MAIN BEARING,TATA,"1612(697)","1612(697)","","20",KSPG,M.217.4.00.023
KSPG,MAIN BEARING,TATA,INDICA,INDICA,"","20",KSPG,M.119.3.20.023
TIGER POWER,CYLINDER LINER,BAJAJ,OM 616,SEMI FINISHED,REGULAR,STD,TIGER POWER,K2001200160
USHA,PISTON RING SET,TATA,"697",DVM,"","",USHA,"236 DVM"
TIGER POWER,CYLINDER LINER,TATA,"1612(97MM)",SEMI FINISHED,THIN COLLAR,"40TH",TIGER POWER,K2007600661
LEYPARTS,GEARBOX,ASHOK LEYLAND,"","3 & 4, 42T (THIN)",SYNCHRO RING,"",LEYPARTS,F1624511
BANCO,GASKETS,MARUTI,"K 12 SWIFT , RITZ ALL K12 ENGINES",MLS(STEEL),HEAD GASKET,"",BANCO,"5231380000MLS"
TIGER POWER,CYLINDER LINER,TATA,"1612(97MM)",SEMI FINISHED,THICK COLLAR (BS3),STD,TIGER POWER,K2007601161
RBL,DISCPAD,MAHINDRA,TUV300,"","","",RBL,RBL/PDP/538
KAR VALVES,VALVE,KOMATSU,"10Z1180073","10Z1180073","",STD,KAR VALVES,KV1862
KSPG,CONNECTING BEARING,ATLAS COPCO,ATLAS COPCO,COPCO ( CR BRG),"","10",KSPG,H.700.3.00.013
LEYPARTS,FILTERS,ASHOK LEYLAND,"",PLASTIC FILTER,STEERING FILTER,"",LEYPARTS,PD600391
TRUCKPARTS-COOLANT,COOLANT,"","",GREEN(1:4),"","3LTR",TRUCKPARTS-COOLANT,TPC4-003(3L)
KAR VALVES,VALVE,TATA,INDICA,INDICA,"",STD,KAR VALVES,KV1113-114
IPL,PISTON SET,MAHINDRA,MDI 3200,MDI 3200,"","",IPL,"602-11434W-STD"
KSPG,CONNECTING BUSH,MAHINDRA,PEUGEOT,PEUGEOT,"",OS2,KSPG,PS.221.5.00.813
BANCO,GASKETS,ASHOK LEYLAND,ECOMET 4DTI/ETI DISEL 4CYL,MLS(STEEL),HEAD GASKET,"",BANCO,"5360260000MLS"
KSPG,CONNECTING BEARING,TATA,"1612(697)","1612(697)","","10",KSPG,B.217.3.00.013
SPICER,DIFFERENTIAL,ASHOK LEYLAND,RING SNAP,"","","",SPICER,SAMC2216SR
KAR VALVES,VALVE,ESCORT FORD,"27 W (E 335)","27 W (E 335)","",STD,KAR VALVES,KV1611-612
BANCO,GASKETS,MAHINDRA TRACTOR,"265/275 DI (3 CYL)",PQB,HALF GASKET,"",BANCO,"5658159800PQB"
USHA,CYLINDER LINER,ASHOK LEYLAND,HINO Z,"","","",USHA,LEYLAND HINO Z
BANCO,GASKETS,FORD TRACTOR,"3000/3600",SAL,FULL GASKET,"",BANCO,"53520499PSSAL"
TIGER POWER,CYLINDER LINER,ISUZU,ISUZU C1,SEMI FINISHED,ISUZU C1,STD,TIGER POWER,K2002500160
BANCO,GASKETS,MAHINDRA TRACTOR,INTERNATIONAL B275,TFX,THERMOSTAT HOUSING INTER,"",BANCO,"5658436005TFX"
KSPG,CONNECTING BEARING,ZETOR,HMT ZETOR,ZETOR,"","10",KSPG,B.308.3.00.013
TALBROS,GASKETS,TATA,"1613",FULL GASKET,MLS ( STEEL),"",TALBROS,FS1613MLSMK2
BANCO,GASKETS,ASHOK LEYLAND,"680/690",SAL,HEAD GASKET,"",BANCO,"53606600PSSAL"
LEYPARTS,GEARBOX,ASHOK LEYLAND,"","4TH GEAR- 48 TEETH",CLUTCH BODY,"",LEYPARTS,F1665511
KSPG,CONNECTING BEARING,TATA,ACE,ACE,"","40",KSPG,B.155.4.00.043
KSPG,CONNECTING BEARING,MARUTI,SWIFT DIESEL,SWIFT DIESEL,"","20",KSPG,B.131.0.00.023
IPL,PISTON SET,EICHER,CANTER,E683 TC JUMBO,"","",IPL,"602-12397W/1-STD"
SETCO,FLYWHEEL RING,ASHOK LEYLAND,"15INCHES","136T","","",SETCO,SFR-5003
BANCO,GASKETS,MAHINDRA TRACTOR,INTERNATIONAL B275,TFX,CONTROL LEVER BRACKET INTER,"",BANCO,"5658435200TFX"
KSPG,CONNECTING BEARING,TATA,"407","407","","10",KSPG,B.236.4.00.013
RBL,DISCPAD,MARUTI,ERTIGA,"","","",RBL,RBL/PDP/545
IPL,VALVE,TATA,CUMMINS,BS II,"","3",IPL,"712-VT10211-003"
IPL,PISTON SET,MAHINDRA,AVL,AVL,"","",IPL,"602-11258W/4-STD"
SVL,UJ KIT,TATA,"1000","","","",SVL,VDUJ1000L59
LEYPARTS,SENSORS,ASHOK LEYLAND,"",EDC,ENGINE SPEED SENSOR,"",LEYPARTS,X7472700
KSPG,CONNECTING BEARING,MARUTI,SWIFT DIESEL,SWIFT DIESEL,"",STD,KSPG,B.131.0.00.003
BANCO,GASKETS,TATA,"1612",BANKITE,HALF GASKET,"",BANCO,"52206998PSBKT"
TALBROS,GASKETS,TATA,"609/709",FULL GASKET,DYNA SEAL,"",TALBROS,FS609DSXTCSMK2
TALBROS,GASKETS,TATA,MAGIC/IRIS,HEAD GASKET,EXCEL,"",TALBROS,"3139DSXNA1OS"
KAR VALVES,VALVE,EICHER,MASKED/SHROUD,MASKED/SHROUD,"",STD,KAR VALVES,KV1615-616
LEYPARTS,FILTERS,ASHOK LEYLAND,"","500ML (CLOTH)",DIESEL FILTER,"",LEYPARTS,F4000400
RBL,BRAKE LINING,TATA,"407","12 HOLES","260M","1MM",RBL,IN/19/20/1 1MM 260M
KSPG,MAIN BEARING,EICHER,CANTER,CANTER,"","40",KSPG,M.235.4.00.043
KSPG,CONNECTING BEARING,SIMPSON,P3,P3,"","10",KSPG,B.210.3.00.013
BANCO,GASKETS,TATA,"709 NON TURBO",BANKITE,HEAD GASKET,"",BANCO,"52204700PSBKT"
BANCO,GASKETS,TATA,"407 TURBO",BEK,FULL GASKET,"",BANCO,"5220409930BEK"
BANCO,GASKETS,HYUNDAI,ELANTRA (DIESEL,MLS(STEEL),FULL GASKET,"",BANCO,"5224329900MLS"
BANCO,GASKETS,"",METADOR 305,RUB,VALVE COVER,"",BANCO,"5131271510RUB"
TIGER POWER,CYLINDER LINER,ASHOK LEYLAND,"400",PRE FINISHED,HARDEN,"20TH",TIGER POWER,K2000201360
KSPG,MAIN & CR BRG,MARUTI,WAGONR,"4CYL","","10",KSPG,P.135.0.00.013
IPL,PISTON SET,ASHOK LEYLAND,IVECO,IVECO,"","",IPL,"602-13127W-STD"
TALBROS,GASKETS,ASHOK LEYLAND,HINO,HALF GASKET,MLS ( STEEL),"",TALBROS,HS3088MLSNA
KSPG,MAIN BEARING,MAHINDRA,BOLERO,XD3P,"",STD,KSPG,M.239.3.00.003
KSPG,MAIN BEARING,MARUTI,ALTO,ALTO,"",STD,KSPG,P.135.0.10.003
RBL,DISCPAD,MARUTI,BREZZA & SCROSS & SX4,"","","",RBL,RBL/PDP/535
TALBROS QHT,BALL SUSPENSION,ASHOK LEYLAND,ALL MODELS (30DIA),RIGHT (NEW RANGE),"","",TALBROS QHT,BJ07007R
TIGER POWER,VALVE,TATA,CUMMINS BSII,"","","3",TIGER POWER,V2005501460
BANCO,GASKETS,MAHINDRA TRACTOR,INTERNATIONAL B275,PQB,REAR AXLE PACKING,"",BANCO,"5658438203PQB"
BANCO,GASKETS,TATA,"407 NON TURBO",RC,PUSH ROD COVER,"",BANCO,"5220442000RC"
BANCO,GASKETS,SIMPSON,P4,HLT,MANIFOLD,"",BANCO,"5440260209HLT"
TIGER POWER,CYLINDER LINER,TATA,"609/709",PRE FINISHED,THIN COLLAR,STD,TIGER POWER,K2007600795
TIGER POWER,CYLINDER LINER,TATA,"1612(97MM)",PRE FINISHED,THIN COLLAR,"60TH",TIGER POWER,K2007700461
LEYPARTS,GEARBOX,ASHOK LEYLAND,"","5 & 6",SLIDING SLEEVE,"",LEYPARTS,F1609611
BANCO,GASKETS,TATA,"709 / 1109 TURBO",MLS(STEEL),HEAD GASKET,"",BANCO,"5220490000MLS"
BANCO,GASKETS,TATA,SUPER TURBO,MLS(STEEL),HEAD GASKET,"",BANCO,"5220830000MLS"
LEYPARTS,GEARBOX,ASHOK LEYLAND,"","3RD GEAR - 22TEETH",COUNTER GEARS,"",LEYPARTS,F1607111
RBL,BRAKE LINING,MAHINDRA,BOLERO,WITH RIVETS,"262","1/32",RBL,RBL/MARSHALL/TX/L&S (WR) 1/32 262
KSPG,CONNECTING BEARING,TATA,"1612(697)","1612(697)","","40",KSPG,B.217.4.00.043
TALBROS,GASKETS,ASHOK LEYLAND,HINO (TURBO),HALF GASKET,EXCEL,"",TALBROS,HS3088DSXNA
BANCO,GASKETS,MAHINDRA,JEEP DIESEL,FLX,DIFFERENTIAL COVER,"",BANCO,"5580304000FLX"
RBL,BRAKE LINING,EICHER,Oct-95,FR & RR 12 HOLES,HF7,"2MM",RBL,RBL/T909-EX/1 2MM
TIGER POWER,CYLINDER LINER,TATA,"609/709",PRE FINISHED,THICK COLLAR (BS3),"40TH",TIGER POWER,K200760191K
TALBROS,GASKETS,TATA,"1612",HEAD GASKET,EXCEL,"",TALBROS,"728DSXNATC"
RBL,BRAKE LINING,MAHINDRA,SCORPIO,SCORPIO,"262",Jan-32,RBL,RBL/SCORPIO/R/L&S 1/32 262
TIGER POWER,CYLINDER LINER,TATA,"1612(97MM)",SEMI FINISHED,THICK COLLAR (BS3),"60TH",TIGER POWER,K2007700561
RBL,DISCPAD,MARUTI,ERTIGA,"","","",RBL,RBL/DP/033
LEYPARTS,GEARBOX,ASHOK LEYLAND,"","1ST GEAR SLEEVE",BEARINGS,"",LEYPARTS,F3424215
KSPG,THRUST WASHER,TATA,"1612(697)","","",STD,KSPG,PW.217.5.01.003
RBL,BRAKE LINING,ASHOK LEYLAND,"8 INCHES",REAR 12 HOLES,GT11 HLS,"1/32",RBL,AL/TP/HLP/B/10&11 1/32 GT11-HLS
TALBROS,GASKETS,ASHOK LEYLAND,AL BS II,FULL GASKET,DYNA SEAL,"",TALBROS,FS3104DSX
KSPG,CONNECTING BEARING,MARUTI,WAGONR,"4CYL","","30",KSPG,B.135.0.00.033
BANCO,GASKETS,TATA,"608",BANKITE,HALF GASKET,"",BANCO,"52206098PSBKT"
BANCO,GASKETS,MAHINDRA,JEEP PETROL,BANKITE,HALF GASKET,"",BANCO,"5580299808BKT"
SPICER,WASHER,ASHOK LEYLAND,"1710 SERIES","","","",SPICER,SDNB1710CN
BANCO,GASKETS,MAHINDRA TRACTOR,INTERNATIONAL B275,CAS,FULL GASKET,"",BANCO,"5658439930CAS"
BANCO,GASKETS,TATA,"1613(697) TURBO",BAF,FULL GASKET,"",BANCO,"52207099PSBAF"
LEYPARTS,CLUTCH,ASHOK LEYLAND,"","15 INCHES,4LEVER,",COVER ASSEMBLY,"",LEYPARTS,B1391801
BANCO,GASKETS,TATA,"709 NON TURBO",BANKITE,FULL GASKET,"",BANCO,"52204799PSBKT"
TALBROS,GASKETS,MASSEY FERGUSON,MF 135,FULL GASKET,DYNA SEAL,"",TALBROS,FS445DSG
IPL,PISTON SET,HYUNDAI,SANTRO,SANTRO 1.1,"","",IPL,"602-10510W-STD"
BANCO,GASKETS,TATA,INDICA DIESEL,PREMIUM RANGE,HEAD GASKET,"",BANCO,"5BEK42HG19"
BANCO,GASKETS,ASHOK LEYLAND,HINO TURBO,BAF,FULL GASKET,"",BANCO,"5360729900BAF"
IPL,PISTON RING SET,TATA,CUMMINS,BS III,"","",IPL,"642-K9897V-STD"
KSPG,CONNECTING BEARING,CHEVROLET,TAVERA,TAVERA,"","20",KSPG,B.154.0.00.023
TALBROS,GASKETS,TATA,"1612",FULL GASKET,EXCEL,"",TALBROS,FS728DSXNATCCS
BANCO,GASKETS,MAHINDRA TRACTOR,ARJUN,MLS(STEEL),HEAD GASKET,"",BANCO,"5658400000MLS"
BANCO,GASKETS,TATA,CUMMINS BS 3,SNL,FULL GASKET,"",BANCO,"5220547110SNL"
RBL,BRAKE LINING,TATA,"1510/1612",FRONT 10 HOLES,HF7,"2MM",RBL,TT/TP/SM/1 2MM HF7
BANCO,GASKETS,MARUTI,CAR/VAN,BANKITE,MANIFOLD,"",BANCO,"5231110201BKT"
KSPG,CONNECTING BEARING,TATA,"407","407","","20",KSPG,B.236.4.00.023
RBL,BRAKE LINING,ASHOK LEYLAND,IVECO 9 TONS,FR & RR 12 HOLES,"242","01-Aug",RBL,AL/TP/SM/6 1/8 (242)
IPL,PISTON RING SET,TATA,"407","497 (IMRT)","","",IPL,"642-9532V/4-STD"
SETCO,FLYWHEEL,EICHER,"395DIA","137T","","",SETCO,SF-10001
BANCO,GASKETS,ASHOK LEYLAND,"370/411/412 BS II",BANKITE,MANIFOLD,"",BANCO,"5360640100BKT"
BANCO,GASKETS,FORD TRACTOR,"3000/3600",TFX,GEAR BOX KIT,"",BANCO,"5352039609TFX"
KSPG,CONNECTING BUSH,MARUTI,SWIFT DIESEL,SWIFT DIESEL,"",STD,KSPG,S.131.5.00.703
RBL,DISCPAD,MAHINDRA,BOLERO VLX & XYLO,"","","",RBL,RBL/DP/047
KSPG,CONNECTING BEARING,ESCORT FORD,"340 (AVL)","340 (AVL)","",STD,KSPG,B.318.4.00.003
BANCO,GASKETS,ASHOK LEYLAND,"370/411/412 BS II",SYR,ROCKER BRACKET,"",BANCO,"5360641704SYR"
LEYPARTS,CLUTCH,ASHOK LEYLAND,"",HINO BSIII (ONLY HUB),CLUTCH RELEASE BEARING,"",LEYPARTS,FVB00700
LEYPARTS,FRONT AXLE,ASHOK LEYLAND,"",FA-90,KINGPIN KIT,"",LEYPARTS,P5104857
LEYPARTS,COOLING SYSTEM,ASHOK LEYLAND,"",ELBOW HOSE,HOSES,"",LEYPARTS,F1984950
KSPG,CONNECTING BEARING,TATA,CUMMINS,CUMMINS ( EIII),"",STD,KSPG,B.245.4.30.003
KSPG,MAIN & CR BRG,CHEVROLET,TAVERA,TAVERA,"","30",KSPG,P.154.0.00.033
BANCO,GASKETS,ASHOK LEYLAND,DOST,W/O CHG AST,FULL GASKET,"",BANCO,"5360259900AST"
BIMETAL,MAIN BEARING,ASHOK LEYLAND,HINO,HINO (REG),"","10",BIMETAL,MS 476 010
BANCO,GASKETS,FORD TRACTOR,FARM TRAC 45/50,BAF,HEAD GASKET,"",BANCO,"53522200PSBAF"
RBL,DISCPAD,TATA,ACE,"","","",RBL,RBL/DP/027
KSPG,CONNECTING BUSH,ASHOK LEYLAND,LEYLAND,LEYLAND 370,"",STD,KSPG,S.205.5.00.703
KSPG,CONNECTING BEARING,TATA,"407","407","","50",KSPG,B.236.3.00.053
TALBROS,GASKETS,TOYOTA,INNOVA,HEAD GASKET,MLS ( STEEL) (3CUT),"",TALBROS,MLS31152OS
KSPG,CONNECTING BEARING,CHEVROLET,TAVERA,TAVERA,"","30",KSPG,B.154.0.00.033
TALBROS,GASKETS,ASHOK LEYLAND,IVECO,HEAD GASKET,DYNA SEAL,"",TALBROS,"3072DSX2OS"
KSPG,CONNECTING BEARING,MAHINDRA,ARJUN TRACTOR,ARJUN TRACTOR,"","20",KSPG,B.333.3.00.023
BANCO,GASKETS,"",METADOR 305,BIS,HALF GASKET,"",BANCO,"51312698PSBIS"
BANCO,GASKETS,MARUTI,CAR 800 CC,BANKITE,HALF GASKET,"",BANCO,"52311798PSBKT"
LEYPARTS,GEARBOX,ASHOK LEYLAND,"",REVERSE GEAR- 35TEETH,MAIN SHAFT GEARS,"",LEYPARTS,F1614811
BIMETAL,MAIN BEARING,TATA,CUMMINS,CUMMINS,"","0.5",BIMETAL,MS 8515 050
ANHAD,SCREW DRIVER,"","",STRIKING SCREW DRIVERS,"","8.0 X 300",ANHAD,"00ASS8300"
BANCO,GASKETS,TATA,"1210",PAP,OIL COOLER PACKING,"",BANCO,"5220627301PAP"
KSPG,CONNECTING BEARING,ASHOK LEYLAND,LEYLAND,LEYLAND 370,"",STD,KSPG,B.205.3.09.003
TIGER POWER,CYLINDER LINER,ASHOK LEYLAND,HINO,PRE FINISHED,X GOLD,STD,TIGER POWER,K2009502260
LEYPARTS,ENGINE,ASHOK LEYLAND,"","52CM DIA -10 BLADE",FAN,"",LEYPARTS,X7454200
KSPG,CAM BUSH,MAHINDRA,SCORPIO,SCORPIO,"",STD,KSPG,C.333.5.00.703
BANCO,GASKETS,MASSEY FERGUSON,MF 1035,RC,TIMING COVER,"",BANCO,"5124203600RC"
BANCO,GASKETS,TATA,"1210",PAP,GEAR BOX KIT,"",BANCO,"5220629604PAP"
USHA,PISTON RING SET,ASHOK LEYLAND,HINO,"6DTI (THICK RING)","","",USHA,"260 SSM"
KSPG,MAIN BEARING,MARUTI,ASTAR/ZEN ESTILO/ALTO K10,ASTAR/ZEN ESTILO/ALTO K10,"",STD,KSPG,M.165.0.00.003
BANCO,GASKETS,TATA,"608",BANKITE,HEAD GASKET,"",BANCO,"52206000PSBKT"
IPL,PISTON SET,ASHOK LEYLAND,HINO,"6ETI THIN RING","","",IPL,"602-13337W/6-STD"
BANCO,GASKETS,HYUNDAI,ELANTRA (DIESEL,MLS(STEEL),HEAD GASKET,"",BANCO,"5224320000MLS"
TALBROS,GASKETS,TATA,"609/709/1109",HALF GASKET,DYNA SEAL,"",TALBROS,HS609DSXTCMK2
IPL,PISTON RING SET,ASHOK LEYLAND,DOST,BSIV,"","",IPL,"642-8655VQY/3-STD"
LEYPARTS,CLUTCH,ASHOK LEYLAND,"",MINOR KIT (BSIV),LEVER KIT,"",LEYPARTS,PD600557
KSPG,MAIN BEARING,MARUTI,RITZ/SWIFT/DEZIRE,PETROL,"","20",KSPG,M.165.0.10.023
TIGER POWER,CYLINDER LINER,MARUTI,ZEN,SEMI FINISHED,PETROL,STD,TIGER POWER,K2003000160
LEYPARTS,GEARBOX,ASHOK LEYLAND,"","6S-850 GB",SYNCHRO KIT,"",LEYPARTS,P5103975
TALBROS QHT,TIE ROD,ASHOK LEYLAND,"2214/3516",TIE ROD END (LH),"","",TALBROS QHT,TRE07010L
LEYPARTS,ENGINE,ASHOK LEYLAND,"",HINO ENGINES,VALVE STEM SEAL,"",LEYPARTS,P0981951
KSPG,CONNECTING BEARING,BAJAJ,KUBOTA,KUBOTA,"",STD,KSPG,B.249.4.00.003
KSPG,THRUST WASHER,TATA,NANO,NANO,"","3",KSPG,W.153.3.00.003
LEYPARTS,ENGINE,ASHOK LEYLAND,"",DIPSTICK GUAGE,DIPSTICK,"",LEYPARTS,B9227101
TIGER POWER,CYLINDER LINER,TATA,"407",PRE FINISHED,THICK COLLAR (BS3),"20TH",TIGER POWER,K2007001260
BANCO,GASKETS,MARUTI,VAN,BANKITE,HEAD GASKET,"",BANCO,"52311200PSBKT"
KSPG,CONNECTING BEARING,ASHOK LEYLAND,LEYLAND,LEYLAND 370,"","40",KSPG,B.205.4.09.043
BIMETAL,MAIN BEARING,TATA,"1612(697)","1612(697)","",STD,BIMETAL,MS 2757 STD
LEYPARTS,DRIVE LINE,ASHOK LEYLAND,"","1550-SERIES",SLEEVE YOKE,"",LEYPARTS,P4503739
KAR VALVES,Valve Collets,TATA,CUMMINS,BS II,"","",KAR VALVES,VC016002
KSPG,MAIN BEARING,ASHOK LEYLAND,LEYLAND,LEYLAND 370,"","20",KSPG,M.205.4.09.023
TIGER POWER,CYLINDER LINER,BAJAJ,DIESEL,SEMI FINISHED,REGULAR,STD,TIGER POWER,K2000800160
KSPG,CONNECTING BEARING,MARUTI,ZEN/EECO,ZEN/EECO,"","30",KSPG,B.116.0.00.033
IPL,VALVE,TATA,CUMMINS,BS II,"","5",IPL,"712-VT10211-005"
TIGER POWER,CYLINDER LINER,TATA,CUMMINS,PRE FINISHED,COLLAR,"10TH",TIGER POWER,K2005501066
BANCO,GASKETS,MAHINDRA,MDI 3200 TURBO,W/O CHG AST,FULL GASKET,"",BANCO,"5580419900AST"
KSPG,MAIN BEARING,ASHOK LEYLAND,HINO,HINO ( REG),"","30",KSPG,M.241.4.00.033
RBL,DISCPAD,HYUNDAI,SANTRO FACELIFT,"","","",RBL,RBL/DP/003
KSPG,MAIN BEARING,ASHOK LEYLAND,LEYLAND,LEYLAND 370,"","30",KSPG,M.205.3.09.033
BANCO,GASKETS,SIMPSON,P6,BANKITE,FULL GASKET,"",BANCO,"5440569908BKT"
KSPG,MAIN & CR BRG,MARUTI,ZEN/EECO,ZEN/EECO,"","10",KSPG,P.116.0.00.013
TIGER POWER,CYLINDER LINER,TATA,"609/709",SEMI FINISHED,THICK COLLAR (BS3),STD,TIGER POWER,K2007601195
TALBROS,GASKETS,EICHER,JUMBO (4CYL),HEAD GASKET,MLS ( STEEL),"",TALBROS,MLS3147
GOETZE,RING SET,JOHN DEERE,GREEN TRACTOR,PLASMA,"","",GOETZE,"8475PLASMA-SD"
RBL,BRAKE LINING,TATA,DLT,REAR 16 HOLES,AF45V,"2MM",RBL,RBL/DLT/T-R/3 2MM
TALBROS,GASKETS,ASHOK LEYLAND,"402/411",HALF GASKET,DYNA SEAL,"",TALBROS,HS390DSXE
BANCO,GASKETS,MAHINDRA,SCORPIO CRDE,NAM,CHAMBER PACKING,"",BANCO,"5580401000NAM"
BANCO,GASKETS,TATA,"1613(697)",W/O CHG AST,FULL GASKET,"",BANCO,"5220709900AST"
BANCO,GASKETS,TATA,"709 NON TURBO",RCC,CHAMBER PACKING,"",BANCO,"5220471080RCC"
TALBROS,MAIN OIL SEAL,TATA,CUMMINS,"","","",TALBROS,DSDLH13015015TF
IPL,PISTON SET,SIMPSON,P6,"5RV","","",IPL,"602-12119W-STD"
BANCO,GASKETS,TOYOTA,QUALIS,W/O CHG AST,FULL GASKET,"",BANCO,"5239299910AST"
LEYPARTS,ENGINE,ASHOK LEYLAND,"",BSII/BSIII/BSIV,CYLINDER HEAD COVER,"",LEYPARTS,B8254307
BANCO,GASKETS,MARUTI,"1000 CC",BHR,FULL GASKET,"",BANCO,"5231279900BHR"
LEYPARTS,CLUTCH,ASHOK LEYLAND,"","15INCHES,ROUND.BLACK FACING",CLUTCH PLATE,"",LEYPARTS,B1M00202
TRUCKPARTS-COOLANT,COOLANT,"","",GREEN (1:9),"","1LTR",TRUCKPARTS-COOLANT,SC-10 1LTR
BANCO,GASKETS,TATA,"407 NON TURBO",HLT,OIL COOLER PACKING,"",BANCO,"5220437100HLT"
KAR VALVES,VALVE,INDUSTRIAL-CUMMINS,"3088391-KT SERIES","3088391-KT SERIES","",STD,KAR VALVES,KV1250
LEYPARTS,GEARBOX,ASHOK LEYLAND,"","4TH GEAR ,31TEETH",COUNTER GEARS,"",LEYPARTS,F1607211
BANCO,GASKETS,TATA,"1613(697) TURBO",HTMG,FULL GASKET,"",BANCO,"5220709900HTMG"
BANCO,GASKETS,HMT TRACTOR,"5911",BANKITE,HEAD GASKET,"",BANCO,"5641300000BKT"
RBL,BRAKE SHOE,TOYOTA,QUALIS,"","","",RBL,RBL/BS/008
RBL,BRAKE LINING,TATA,"1210",FRONT 8 HOLES,"242","2MM",RBL,TZ/1/1 2MM 242
TALBROS,GASKETS,MARUTI,WAGONR,HEAD GASKET,MLS ( STEEL),"",TALBROS,MLS3134
BANCO,GASKETS,MAHINDRA TRACTOR,"265/275 DI (3 CYL)",BANKITE,FULL GASKET,"",BANCO,"56581599PSBKT"
IPL,PISTON RING SET,MAHINDRA,PEUGEOT,XD 3P,"","",IPL,"642-9832V-STD"
BANCO,GASKETS,TOYOTA,QUALIS,W/O CHG AST,FULL GASKET,"",BANCO,"5239299920AST"
KSPG,MAIN BEARING,TATA,"407","407","",STD,KSPG,M.236.3.00.003
BANCO,GASKETS,TATA,CUMMINS BS1 / BS2,HLT,GEAR BOX KIT,"",BANCO,"5220529600HLT"
LEYPARTS,GEARBOX,ASHOK LEYLAND,"","4G (54TEETH)",CLUTCH BODY,"",LEYPARTS,F1612911
KSPG,CONNECTING BEARING,MAHINDRA,MDI 3200,MDI 3200,"",STD,KSPG,B.332.3.00.003
KSPG,MAIN BEARING,MAHINDRA,MDI 3200,MDI 3200,"","20",KSPG,M.332.3.00.023
TALBROS,GASKETS,FORD TRACTOR,"3000/3600",HEAD GASKET,DYNA SEAL,"",TALBROS,SB2A658X
KAR VALVES,VALVE,ESCORT FORD,"37 W","37 W","",STD,KAR VALVES,KV1613-614
KSPG,THRUST WASHER,TATA,SUMO,SUMO(4DL),"",OS1,KSPG,PW.234.5.00.413
IPL,PISTON SET,ASHOK LEYLAND,HINO,BS III ( B PLAT FORM),"","",IPL,"602-K13419W-STD"
MAHLE,PISTON SET,TATA,CUMMINS BSIII,CUMMINS BSIII,"","",MAHLE,"770PI40080P00-R"
IPL,PISTON RING SET,HYUNDAI,SANTRO,SANTRO 1.0,"","",IPL,"642-6275G-STD"
KSPG,MAIN BEARING,TOYOTA,QUALIS,QUALIS,"","10",KSPG,M.140.0.00.013
KAR VALVES,VALVE,MARUTI,"800","800","","25",KAR VALVES,KV11370-1380
IPL,PISTON SET,TATA,"697","3RV NON TURBO","","",IPL,"602-12374W-STD"
LEYPARTS,ENGINE,ASHOK LEYLAND,"",BSII/BSIII/NSIV,VISOCUS,"",LEYPARTS,F8366500
RBL,BRAKE SHOE,FORCE,MINIDOR,"","","",RBL,RBL/BS/053
KAR VALVES,VALVE,ASHOK LEYLAND,DOST,DOST,"",STD,KAR VALVES,KV1483-484
BIMETAL,MAIN BEARING,TATA,"1612(697)","1612(697)","","30",BIMETAL,MS 2757 030
BANCO,GASKETS,FORD TRACTOR,"430/435",BANKITE,FULL GASKET,"",BANCO,"5352179900BKT"
BANCO,GASKETS,MAHINDRA,XDP 3,BANKITE,HEAD GASKET,"",BANCO,"5580390016BKT"
LEYPARTS,GEAR PARTS,ASHOK LEYLAND,"",OUTER (BSIII),GEAR SHIFT LEVER,"",LEYPARTS,F9H01011
BANCO,GASKETS,MARUTI,K SERIES,MLS(STEEL),HEAD GASKET,"",BANCO,"5231180000MLS"
TALBROS,GASKETS,TATA,"1210",FULL GASKET,DYNA SEAL,"",TALBROS,FS702DSXCS
KAR VALVES,VALVE,MASSEY FERGUSON,MASSY,FERGUSAN,"",O/S,KAR VALVES,KV19350-9360
KSPG,MAIN BEARING,MARUTI,"800 (CAR)","800 (CAR)","",STD,KSPG,M.165.0.20.003
IPL,VALVE,TATA,"697","697 TURBO","",STD,IPL,"712-VT09712/6"
LEYPARTS,COOLING SYSTEM,ASHOK LEYLAND,"",BSII/BSIII,COOLANT TANK,"",LEYPARTS,F1030300
KSPG,CONNECTING BEARING,HYUNDAI,VERNA DIESEL,VERNA DIESEL,"","10",KSPG,B.742.7.00.013
RBL,DISCPAD,TATA,INDICA VISTA (PETROL),"","","",RBL,RBL/DP/028
KSPG,CONNECTING BEARING,ESCORT FORD,ESCORT FORD,ESCORT FORD,"","40",KSPG,B.302.3.00.043
RBL,BRAKE LINING,TATA,"709",FR & RR 12 HOLES,HF7,STD,RBL,RBL/T709/1 STD
LEYPARTS,FRONT AXLE,ASHOK LEYLAND,"",FA-90 OS1 (THW),KING PIN KIT,"",LEYPARTS,P5105235
KSPG,MAIN BEARING,TATA,ACE DICOR,ACE DICOR,"","10",KSPG,M.186.3.00.013
KSPG,MAIN BEARING,TATA,"1210","1210","","60",KSPG,M.207.3.00.063
RBL,BRAKE SHOE,MAHINDRA,ALFA,"","","",RBL,RBL/BS/069
IPL,VALVE,MARUTI,"800 ( CAR)","800 ( CAR)","",STD,IPL,"712-VM06801"
RBL,BRAKE LINING,ASHOK LEYLAND,"8 INCHES",REAR 12 HOLES,GT11 HLS,STD,RBL,AL/TP/HLP/B/10&11 STD
RBL,BRAKE LINING,ASHOK LEYLAND,"5 INCHES",FRONT 8 HOLES,HF7,Jan-32,RBL,RW/17/18/1 1/32 HF7
BANCO,GASKETS,FORD TRACTOR,FARM TRAC 60,SAL,HEAD GASKET,"",BANCO,"5352130010SAL"
RBL,BRAKE LINING,ASHOK LEYLAND,"7 INCHES",REAR 10 HOLES,GT11-HLS,"1/32",RBL,AL/TP/SM/3&4 1/32 GT11-HLS
LEYPARTS,ENGINE,ASHOK LEYLAND,"",Z,CYLINDER LINER,"",LEYPARTS,P0998451
TIGER POWER,VALVE,TATA,"407 BSII","","",STD,TIGER POWER,V2007000160
TALBROS,GASKETS,KIRLOSKAR,"1040",HEAD GASKET,MLS ( STEEL),"",TALBROS,MLS3087
IPL,PISTON RING SET,TATA,"697","697 ( IMRT)","","",IPL,"642-9534Q/6-STD"
TIGER POWER,CYLINDER LINER,TATA,CUMMINS,SEMI FINISHED,COLLAR,STD,TIGER POWER,K2005500166
TALBROS,GASKETS,TATA,"1612",HALF GASKET,DYNA SEAL,"",TALBROS,HS728DSXTCCS
SETCO,BRAKE LINING,ASHOK LEYLAND,"8 INCHES",REAR 12 HOLES,HLP,"1/32",SETCO,SL-XP-AL/TP/SM/HLP-8 (OS-1)
IPL,PISTON SET,TOYOTA,INNOVA,INNOVA,"","",IPL,"602-12529W-STD"
GOETZE,PISTON SET,TATA,"697",EURO TC,"","",GOETZE,"07101PPCSD0000C1"
IPL,KITSET,MAHINDRA,AVL,AVL,"","",IPL,"622-113826192V/4-STD"
TALBROS QHT,BALL SUSPENSION,ASHOK LEYLAND,DOST,LOWER,"","",TALBROS QHT,BSJ07043L
TALBROS,GASKETS,RENAULT,DUSTER,FULL GASKET,DYNA SEAL,"",TALBROS,FS3204WOCS
RBL,DISCPAD,MAHINDRA,XYLO,"","","",RBL,RBL/PDP/522
SVL,UJ KIT,TATA,"1310 SERIES","","","",SVL,VDUJ1310L83
KSPG,MAIN BEARING,TATA,"1210","1210","","40",KSPG,M.207.3.02.043
KSPG,CONNECTING BUSH,TATA,"407","","",STD,KSPG,PS.236.5.00.703
TALBROS QHT,GEAR SHIFTER,TATA,"609/709",RIGHT,"","",TALBROS QHT,GS0130RH
IPL,PISTON SET,TATA,"407","4SP TC","","",IPL,"602-12272W-STD"
BANCO,GASKETS,HYUNDAI,ERNA FLUIDIC / CRETA ( 4 CYL) DIESEL 1.6,MLS(STEEL),HEAD GASKET,"",BANCO,"5224330000MLS"
IPL,PISTON SET,TATA,INDIGO,INDIGO,"","",IPL,"602-10473W-STD"
SETCO,FLYWHEEL,ASHOK LEYLAND,ECOMET,"126T","","",SETCO,SF-5007
TALBROS QHT,TIE ROD REPAIR KIT,TATA,ALL MODELS (30DIA),"","","",TALBROS QHT,TRK01001
TALBROS,GASKETS,MAHINDRA,"575",HALF GASKET,DYNA SEAL,"",TALBROS,HS3070DSXFC
TALBROS,GASKETS,TATA,"407",HALF GASKET,DYNA SEAL,"",TALBROS,HS3045DSXTCCT
TALBROS,GASKETS,TATA,"407",FULL GASKET,MLS ( STEEL),"",TALBROS,FS3045MLSMK1
KSPG,MAIN BEARING,KIRLOSKAR,HA 394,HA 394,"",STD,KSPG,M.073.4.00.003
BANCO,GASKETS,TATA,CUMMINS BS1 / BS2,PAP,GEAR BOX KIT,"",BANCO,"5220529600PAP"
BANCO,GASKETS,ASHOK LEYLAND,HINO NONTURBO,SS,MANIFOLD,"",BANCO,"5360700200SS"
BANCO,GASKETS,MARUTI,ALTO LX/800,GAF,FULL GASKET,"",BANCO,"52311399PSGAF"
SETCO,FLYWHEEL RING,BHARAT BENZ,"430DIA BS6","160T","","",SETCO,SFR-2004
BANCO,GASKETS,"",METADOR 305,BANKITE,HEAD GASKET,"",BANCO,"51312700PSBKT"
RBL,BRAKE SHOE,MARUTI,NEW ALTO 800,"","","",RBL,RBL/BS/080
BANCO,GASKETS,MAHINDRA TRACTOR,"575 DI (4CYL.)",PQB,FULL GASKET,"",BANCO,"5658469910PQB"
RBL,BRAKE LINING,ASHOK LEYLAND,"7 INCHES",REAR 10 HOLES,HF7S,"1/16",RBL,AL/TP/SM/3&4 1/16 HF7S
KAR VALVES,VALVE,CATERPILLAR,"3306",FP-1487455,"",STD,KAR VALVES,KV1968-2V
LEYPARTS,FUEL INJECTION,ASHOK LEYLAND,"","6N",BUSH,"",LEYPARTS,X1600415
BANCO,GASKETS,TATA,SUMO/MOBILE/SIERA/SAFAR,BAF,HEAD GASKET,"",BANCO,"5220460017BAF"
TIGER POWER,CYLINDER LINER,MARUTI,SWIFT,SEMI FINISHED,DIESEL,STD,TIGER POWER,K2013000160
RBL,BRAKE LINING,ASHOK LEYLAND,"6 INCHES",FRONT 10 HOLES,HF7,"1/16",RBL,AL/TP/SM/7&8 1/16 HF7
BANCO,GASKETS,MASSEY FERGUSON,MF 135,HLT,STR. HOUSING TRANS,"",BANCO,"5124237100HLT"
BANCO,GASKETS,MARUTI,ESTEEM A MAT,GAF,FULL GASKET,"",BANCO,"52312999PSGAF"
RBL,DISCPAD,MARUTI,IGNIS,"","","",RBL,RBL/PDP/539
BANCO,GASKETS,RENAULT,LOGAB/BEAT DIESEL,MLS(STEEL),FULL GASKET,"",BANCO,"5420259900MLS"
BIMETAL,MAIN BEARING,ASHOK LEYLAND,HINO,HINO (REG),"",STD,BIMETAL,MS 476 STD
LEYPARTS,ENGINE,ASHOK LEYLAND,"",OIL FILLER ELBOW,OIL FILLER ELBOW,"",LEYPARTS,F1332342
KSPG,CONNECTING BEARING,MAHINDRA,SCORPIO,SCORPIO,"","10",KSPG,B.333.4.00.013
BANCO,GASKETS,TATA,CUMMINS BS1 / BS2,SYR,VALVE COVER,"",BANCO,"5220521500SYR"
KSPG,MAIN & CR BRG,MARUTI,ZEN/EECO,ZEN/EECO,"","20",KSPG,P.116.0.00.023
BIMETAL,MAIN BEARING,ASHOK LEYLAND,LEYLAND,LEYLAND 370,"","20",BIMETAL,MS 475 020
LEYPARTS,ENGINE,ASHOK LEYLAND,"",AL ENGINE,CAM BUSH,"",LEYPARTS,P0902151
TIGER POWER,CYLINDER LINER,TATA,"407",PRE FINISHED,THICK COLLAR (BS3),"40TH",TIGER POWER,K2007002260
KAR VALVES,VALVE,HYUNDAI,I10,I-10,"",STD,KAR VALVES,KV1265-266
LEYPARTS,ENGINE,ASHOK LEYLAND,"","6D",OVERFLOW ,"",LEYPARTS,P1303642
BANCO,GASKETS,MARUTI,CAR,BANKITE,HALF GASKET,"",BANCO,"5231119800BKT"
BANCO,GASKETS,TATA,SUMO/MOBILE/SIERA/SAFAR,GNM,HEAD GASKET,"",BANCO,"5220460018GNM"
TALBROS,GASKETS,TATA,ACE,HEAD GASKET,EXCEL,"",TALBROS,"3106DSXNA1OS"
KSPG,CONNECTING BUSH,TATA,SUMO,SUMO(4DL),"","",KSPG,S.234.5.00.813
KSPG,CONNECTING BUSH,ASHOK LEYLAND,LEYLAND,"","",OS1,KSPG,PS.205.5.00.813
KSPG,CONNECTING BEARING,HYUNDAI,SANTRO,SANTRO,"","20",KSPG,B.152.0.00.023
BANCO,GASKETS,TATA,"709 NON TURBO",VCP,VALVE COVER,"",BANCO,"5220471510VCP"
LEYPARTS,GEARBOX,ASHOK LEYLAND,"","1 & 2",SLIDING SLEEVE,"",LEYPARTS,F1612511
KSPG,THRUST WASHER,MAHINDRA,PEUGEOT,PEUGEOT,"",STD,KSPG,PW.221.5.00.003
KSPG,MAIN BEARING KIT,MARUTI,"800 (CAR)","800 (CAR)","","40",KSPG,P.110.3.30.043
KSPG,MAIN BEARING,HYUNDAI,SANTRO,SANTRO,"","20",KSPG,M.152.0.00.023
GOETZE,PISTON SET,ASHOK LEYLAND,HINO,BSIV,"","",GOETZE,"07312PPCSD0000C1"
KSPG,CHASIS BUSH,BAJAJ,OM 616,"","",STD,KSPG,E.220.5.00.003
BANCO,GASKETS,MARUTI,ESTEEM A MAT,BHR,HALF GASKET,"",BANCO,"52312998PSBHR"
KSPG,CONNECTING BEARING,TATA,ACE,ACE,"",STD,KSPG,B.155.4.00.003
RBL,DISCPAD,TOYOTA,ALTIS,"","","",RBL,RBL/PDP/510
TALBROS,GASKETS,MAHINDRA,DI 3200,FULL GASKET,DYNA SEAL,"",TALBROS,FS3199WOCS
BIMETAL,CONNECTING BEARING,TATA,"407","407","","10",BIMETAL,CS 2751 010
ANHAD,SCREW DRIVER,"","",REVERSABLE  TWO IN ONE,"",ROD 6.0 X150  TIP 6.0X0.9,ANHAD,"00ASR6150"
KAR VALVES,VALVE,TATA,"407",TURBO,"",STD,KAR VALVES,KV1343-344A
KSPG,CONNECTING BEARING,KIRLOSKAR,"6 RTA","6 RTA","","30",KSPG,B.584.4.10.033
RBL,BRAKE LINING,ASHOK LEYLAND,"6 INCHES",FRONT 10 HOLES,HF7S,STD,RBL,AL/TP/SM/7&8 STD HF7S
BANCO,GASKETS,SIMPSON,EAGLE/SAMRAT,FLX,SUMP SET,"",BANCO,"5440167100FLX"
BANCO,GASKETS,MAHINDRA TRACTOR,DHURV 4 CYL,MLS(STEEL),HEAD GASKET,"",BANCO,"5658450000MLS"
LEYPARTS,CLUTCH,ASHOK LEYLAND,"","14 INCHES",FACEPLATE,"",LEYPARTS,PFP00001
TIGER POWER,CYLINDER LINER,TATA,"1612(97MM)",PRE FINISHED,THICK COLLAR (BS3),"40TH",TIGER POWER,K2007601961
BANCO,GASKETS,MAHINDRA,JEEP DIESEL,CAS,FULL GASKET,"",BANCO,"5580309901CAS"
BANCO,GASKETS,TATA,ACE,HYT,MANIFOLD,"",BANCO,"52202001KTHYT"
RBL,DISCPAD,RENAULT,LOGAN,"","","",RBL,RBL/DP/024
LEYPARTS,GEARBOX,ASHOK LEYLAND,"","4TH GEAR SLEEVE (NEEDLE CAGE)",BEARINGS,"",LEYPARTS,F0254810
TALBROS,GASKETS,TATA,ACE,FULL GASKET,EXCEL,"",TALBROS,FS3106DSXNAWOS
LEYPARTS,FILTERS,ASHOK LEYLAND,"","1LTR (STAR)",DIESEL FILTER,"",LEYPARTS,F4000800
LEYPARTS,FILTERS,ASHOK LEYLAND,"",SINGLE LIFE ( ALBSII),FILTER ELEMENT KIT,"",LEYPARTS,P0935751
GOETZE,RING SET,TATA,"497","4SP SPACIO CKS","","",GOETZE,"6887CKS-SD"
SPICER,DIFFERENTIAL,ASHOK LEYLAND,INNER OILSEAL,"","","",SPICER,SAOS2149PIB
SUPER PAC,GASKETS,TATA,CUMMINS BS-II,FULL GASKET,WITH VALVE STEM SEALS,"",SUPER PAC,FS3156DSXNA
LEYPARTS,FILTERS,ASHOK LEYLAND,"",BSIV,"","",LEYPARTS,B4461908
TALBROS,GASKETS,TATA,"1109",FULL GASKET,DYNA SEAL,"",TALBROS,FS1109DSXTCSMK2
KSPG,CONNECTING BEARING,MAHINDRA,MHAWK,"4CYL","","20",KSPG,B.274.7.00.023
MAHLE,PISTON SET,TATA,CUMMINS BSII,CUMMINS BSII,"","",MAHLE,"770PI40057P00-R"
KAR VALVES,VALVE,FORCE MOTORS,OM 616,OM 616,"",STD,KAR VALVES,KV1415-416
KSPG,CONNECTING BEARING,MARUTI,"800 (CAR)","800 (CAR)","","30",KSPG,B.110.3.00.033
IPL,PISTON RING SET,TATA,"407","497 (IMRT)","","",IPL,"642-9515VQY/4-STD"
LEYPARTS,GEARBOX,ASHOK LEYLAND,"",ROLLER BEARING INPUT SHAFT (12097),BEARINGS,"",LEYPARTS,F0242610
TALBROS,GASKETS,CHEVROLET,SPARK,FULL GASKET,DYNA SEAL,"",TALBROS,FS3189WOCS
KAR VALVES,VALVE,KOMATSU,"52Z111011","52Z111011","",STD,KAR VALVES,KV1979
TALBROS,GASKETS,ASHOK LEYLAND,HINO (TURBO),HEAD GASKET,EXCEL,"",TALBROS,"3088DSXNA"
KSPG,CONNECTING BUSH,KIRLOSKAR,SL 90,"","",STD,KSPG,S.055.5.00.703
KSPG,MAIN BUSH,MAHINDRA,GIO,"","",STD,KSPG,L.424.0.20.703
KAR VALVES,VALVE,MARUTI,ALTO,SERIES K10,"",STD,KAR VALVES,KV1231-232-6V
BANCO,GASKETS,MAHINDRA TRACTOR,INTERNATIONAL B275,BANKITE,EXHAUST PIPE,"",BANCO,"5658433010BKT"
RBL,BRAKE LINING,ASHOK LEYLAND,"7 INCHES",REAR 10 HOLES,GT11 HLS,"1/16",RBL,AL/TP/HLP/3&4 1/16
BIMETAL,MAIN BEARING,ASHOK LEYLAND,HINO,HINO (REG),"","30",BIMETAL,MS 476 030
BANCO,GASKETS,"",METADOR 305,BIS,HEAD GASKET,"",BANCO,"51312600PSBIS"
SONALIKA,ROTVATOR BLADES,SONALIKA,SONALIKA,L TYPE,"",L-9 & R-9 / 14.5 X 45.5,SONALIKA,"250007660A"
TALBROS,GASKETS,ASHOK LEYLAND,HINO (TURBO),HALF GASKET,MLS ( STEEL),"",TALBROS,HS3088MLS
LEYPARTS,"",ASHOK LEYLAND,"",SPL 90 ( UTRUCK),INTER AXLE SHAFT,"",LEYPARTS,FC702310
TALBROS,GASKETS,JOHN DERE TRACTOR,"5038",HEAD GASKET,EXCEL,"",TALBROS,"3093DSXNA"
KAR VALVES,VALVE,HYUNDAI,ACCENT,(CRDI) DIESEL,"",STD,KAR VALVES,KV1221-222
TALBROS,TAPPET COVER,ASHOK LEYLAND,HINO,"","","",TALBROS,"26645N"
IPL,PISTON RING SET,TATA,CUMMINS,BS II & BS III,"","",IPL,"642-3417VQY-STD"
BANCO,GASKETS,MAHINDRA,XDP 3,W/O CHG AST,FULL GASKET,"",BANCO,"5580399900AST"
TIGER POWER,VALVE,TATA,CUMMINS BSII,"","","5",TIGER POWER,V2005501560
KAR VALVES,VALVE,VST,TILLER,TILLER,"",STD,KAR VALVES,KV1985-986
TIGER POWER,CYLINDER LINER,BAJAJ,DIESEL,SEMI FINISHED,BS3,"20TH",TIGER POWER,K200080076G
TALBROS,GASKETS,TATA,SUMO VICTA,FULL GASKET,DYNA SEAL,"",TALBROS,FS3068DSXWOC
KSPG,MAIN BEARING,ASHOK LEYLAND,LEYLAND,LEYLAND 370,"","40",KSPG,M.205.3.09.043
MAHLE,VALVE TAPPET,TATA,CUMMINS BSII,STD,"","",MAHLE,"770VT40057000"
KSPG,MAIN BEARING,SIMPSON,P6,P6,"","10",KSPG,N.212.5.00.013
KSPG,MAIN BEARING,TATA,NANO,NANO,"","10",KSPG,M.153.3.00.013
KSPG,CONNECTING BEARING,TATA,"1612(697)","1612(697)","","20",KSPG,B.217.3.00.023
SPICER,AXLE,ASHOK LEYLAND,"909",MAJOR KIT,"10 TYRE","0.125",SPICER,SAOS2149IB
KSPG,MAIN BUSH,TATA,IRIS/ZIP,IRIS/ZIP,"",STD,KSPG,L.420.5.10.003
BANCO,GASKETS,TATA,"608",RC,PUSH ROD COVER,"",BANCO,"5220602000RC"
RBL,DISCPAD,CHEVROLET,TAVERA,"","","",RBL,RBL/DP/052
BANCO,GASKETS,ASHOK LEYLAND,"370/411/412 BS II",HLT,REAR AXLE PACKING,"",BANCO,"5360645502HLT"
BANCO,GASKETS,FORD TRACTOR,"3610",BANKITE,FULL GASKET,"",BANCO,"53520599PSBKT"
RBL,BRAKE LINING,EICHER,Oct-95,FR & RR 12 HOLES,HF7,STD,RBL,RBL/T909-EX/1 STD
KSPG,CONNECTING BUSH,TATA,CUMMINS,"","",STD,KSPG,S.245.5.00.703
LEYPARTS,GEAR PARTS,ASHOK LEYLAND,"","1&2",GEAR SHIFT FORK,"",LEYPARTS,F2401522
IPL,PISTON RING SET,ASHOK LEYLAND,LEYLAND,"401/402","","",IPL,"642-8995V-STD"
BANCO,GASKETS,MARUTI,K SERIES,W/O CHG AST,FULL GASKET,"",BANCO,"5231189900AST"
TALBROS,GASKETS,ASHOK LEYLAND,HINO (NON TURBO),HALF GASKET,DYNA SEAL,"",TALBROS,HS3078DS
KSPG,THRUST WASHER,ASHOK LEYLAND,LEYLAND,"","",OS (005),KSPG,PW.205.5.00.413
BANCO,GASKETS,MASSEY FERGUSON,"245/S-3/1035 DI",COPPER / NON ASBESTOS,FULL GASKET,"",BANCO,"5124249900CAC"
TALBROS,GASKETS,MAHINDRA,"575",FULL GASKET,DYNA SEAL,"",TALBROS,FS3070DSXFC
BANCO,GASKETS,TATA,"709 / 1109 TURBO",MLS(STEEL),FULL GASKET,"",BANCO,"5220499900MLS"
KAR VALVES,VALVE,MASSEY FERGUSON,PERKINS,O/S,"",O/S,KAR VALVES,KV19310-93210
KAR VALVES,VALVE,ESCORT FORD,"27 W","27 W","",STD,KAR VALVES,KV1611CF-612CF
BANCO,GASKETS,TOYOTA,QUALIS,STEEL,HEAD GASKET,"",BANCO,"5239290000ST"
KSPG,MAIN BEARING,TATA,"1210","1210","",STD,KSPG,M.207.3.01.003
BANCO,GASKETS,ASHOK LEYLAND,"401/402",SAL,FULL GASKET,"",BANCO,"53606899PSSAL"
TIGER POWER,CYLINDER LINER,ASHOK LEYLAND,HINO,PRE FINISHED,X SLEEVE,STD,TIGER POWER,K2009501560
BANCO,GASKETS,MARUTI,ESTEEM A MAT,BHR,FULL GASKET,"",BANCO,"52312999PSBHR"
TIGER POWER,CYLINDER LINER,ASHOK LEYLAND,HINO,PRE FINISHED,OD 10,"10TH",TIGER POWER,K2009500660
LEYPARTS,GEARBOX,ASHOK LEYLAND,"","8SPEED,5&6,42T",SYNCHRO RING,"",LEYPARTS,FD900511
BANCO,GASKETS,TATA,CUMMINS BS1 / BS2,W/O VSS PQB,FULL GASKET,"",BANCO,"5220529910PQB"
KAR VALVES,VALVE,KOMATSU,"52Z111028","52Z111028","",STD,KAR VALVES,KV1980
IPL,PISTON SET,SIMPSON,S3,"3RV","","",IPL,"602-12193W/3-STD"
KSPG,MAIN BEARING,TATA,INDICA,INDICA,"",STD,KSPG,M.119.3.20.003
BANCO,GASKETS,TATA,"1613(697) TURBO",BANKITE,HALF GASKET,"",BANCO,"52207098PSBKT"
KSPG,CONNECTING BEARING,MAHINDRA,MAXIMO,MAXIMO,"",STD,KSPG,B.166.0.00.003
KSPG,CONNECTING BEARING,SIMPSON,S4,S4,"","30",KSPG,B.231.3.00.033
TRUCKPARTS-COOLANT,COOLANT,"","",GREEN (1:3),"","5LTR",TRUCKPARTS-COOLANT,SC-NC50
KSPG,CONNECTING BEARING,MAHINDRA,ARJUN TRACTOR,ARJUN TRACTOR,"",STD,KSPG,B.333.3.00.003
KSPG,MAIN BEARING,TATA,"1210","1210","","30",KSPG,N.207.3.00.033
KAR VALVES,OILPUMP,TATA,CUMMINS,"","","",KAR VALVES,OP016002
IPL,PISTON SET,TATA,"697","3RV CMVR","","",IPL,"602-12294W-STD"
TIGER POWER,CYLINDER LINER,TATA,"407",PRE FINISHED,THICK COLLAR (BS3),STD,TIGER POWER,K2007004260
IPL,PISTON RING SET,TATA,INDIGO,INDIGO,"","",IPL,"642-6233Q-STD"
IPL,PISTON SET,MAHINDRA,PEUGEOT,XD4,"","",IPL,"602-12134W-STD"
KSPG,THRUST WASHER,ASHOK LEYLAND,HINO,"","","0.125",KSPG,P.W.241.5.00.413
BANCO,GASKETS,MARUTI,CAR,BANKITE,HALF GASKET,"",BANCO,"52311198PSBKT"
KSPG,MAIN BEARING,KIRLOSKAR,"6R 1080","6R 1080","",STD,KSPG,M.006.4.00.003
TIGER POWER,CYLINDER LINER,ASHOK LEYLAND,"400",PRE FINISHED,HARDEN,"10TH",TIGER POWER,K2000201260
BANCO,GASKETS,MARUTI,WAGON R/ALTO LX,BANKITE,FULL GASKET,"",BANCO,"5231319920BKT"
KSPG,MAIN BEARING,KIRLOSKAR,"6R 1080","6R 1080","","20",KSPG,M.006.4.00.023
TALBROS QHT,TIE ROD,TATA,PRIMA,TIE ROD END LH,"","",TALBROS QHT,TRE01112L
KAR VALVES,VALVE,KOMATSU,CUMMINS,"3802085","",STD,KAR VALVES,KV1962
BANCO,GASKETS,MAHINDRA,JEEP PETROL,HLT,GEAR BOX KIT,"",BANCO,"5580299602HLT"
KSPG,CONNECTING BEARING,TATA,ACE,ACE,"","30",KSPG,B.155.4.00.033
BIMETAL,CONNECTING BEARING,TATA,CUMMINS,CUMMINS BSIII,"","0.25",BIMETAL,CS 5317 025
IPL,PISTON RING SET,TATA,"407","497 (IMRT)","","",IPL,"642-9534Q/4-STD"
BANCO,GASKETS,MASSEY FERGUSON,MF 1035,SAS,EXHAUST PIPE,"",BANCO,"5124203010SAS"
BANCO,GASKETS,MARUTI,ALTO LX/800,BANKITE,FULL GASKET,"",BANCO,"52311399PSBKT"
KAR VALVES,VALVE,MAHINDRA,SCORPIO,SCORPIO,"",STD,KAR VALVES,KV1299-300
RBL,DISCPAD,FORD,ECOSPORT,"","","",RBL,RBL/PDP/514
IPL,PISTON RING SET,ASHOK LEYLAND,HINO,"6 ETI THIN RING","","",IPL,"642-9215VQY-STD"
RBL,BRAKE LINING,TATA,WTP,FRONT 14 HOLES,R1201,"1MM",RBL,RBL/WTP/1 1MM-R1203-HLS
KAR VALVES,VALVE,ESCORT FORD,S312,F.TRACTOR,"",STD,KAR VALVES,KV1681-682
RBL,BRAKE LINING,TATA,"1510/1612",FRONT 10 HOLES,HF7S,"1MM",RBL,TT/TP/SM/1 1MM HF7S
IPL,PISTON RING SET,TATA,CUMMINS,BS III,"","",IPL,"642-K9893VQY-STD"
BANCO,GASKETS,SIMPSON,S3/241,RUB,CHAMBER PACKING,"",BANCO,"5440181000RUB"
RBL,BRAKE LINING,TATA,"608","12 HOLES",RD3205M,"1MM",RBL,IN/19/20/2 1MM RD3205M
LEYPARTS,ENGINE,ASHOK LEYLAND,"",CRANKSHAFT,OIL SLEEVE,"",LEYPARTS,F3424915
BANCO,GASKETS,MASSEY FERGUSON,"25 DI",BANKITE,FULL GASKET,"",BANCO,"51241199PSBKT"
TALBROS,GASKETS,ASHOK LEYLAND,HINO,FULL GASKET,MLS ( STEEL),"",TALBROS,FS3118MLSNAWOS
KSPG,CONNECTING BEARING,MAHINDRA,GIO,"","",STD,KSPG,B.424.7.00.003
TIGER POWER,VALVE,TATA,CUMMINS BSII,"","",STD,TIGER POWER,V2005500160
LEYPARTS,ENGINE,ASHOK LEYLAND,"",EXHAUST,VALVE ROCKER,"",LEYPARTS,F3210422
KSPG,CONNECTING BEARING,TATA,CUMMINS,CUMMINS (REG),"","10",KSPG,B.245.4.00.013
LEYPARTS,GEAR PARTS,ASHOK LEYLAND,"",BSII/BSIII/BSIV,GEAR JOINT ASSY,"",LEYPARTS,B1733501
IPL,PISTON SET,HYUNDAI,SANTRO,SANTRO 1.0,"","",IPL,"602-10509W-STD"
LEYPARTS,FILTERS,ASHOK LEYLAND,"",EXTENDED LIFE ( ALBSII),FILTER ELEMENT KIT,"",LEYPARTS,P0971951
IPL,PISTON SET,TATA,INDIGO DICOR,INDIGO DICOR (1.4),"","",IPL,"602-10477W-STD"
TALBROS,GASKETS,ASHOK LEYLAND,HINO (TURBO),FULL GASKET,DYNA SEAL,"",TALBROS,FS3088DSWOS
KSPG,THRUST WASHER,ASHOK LEYLAND,HINO,"","","0.125",KSPG,PW.241.5.00.413
BIMETAL,MAIN BEARING,ASHOK LEYLAND,HINO,HINO ( EIII),"","20",BIMETAL,MS 5806 020
LEYPARTS,GEARBOX,ASHOK LEYLAND,"","22MM",DETEND PLUNGER,"",LEYPARTS,B1545102
KAR VALVES,VALVE,FORD,"3600","3600","","10",KAR VALVES,KV16990-7000
LEYPARTS,ENGINE,ASHOK LEYLAND,"",AL ENGINE STD,CONNECTNG BRG,"",LEYPARTS,P2600302
KSPG,MAIN BEARING,TATA,"709","709","","10",KSPG,M.254.3.00.013
SUPER PAC,GASKETS,TATA,CUMMINS BS-III,HALF GASKET,WITH VALVE STEM SEALS,"",SUPER PAC,HS3157DSXNA
TALBROS,GASKETS,TOYOTA,INNOVA,HEAD GASKET,MLS (STEEL) (2CUT),"",TALBROS,MLS31151OS
SETCO,UJCROSS,TATA,PRIMA,"","","52.04X147",SETCO,SC-9007
BANCO,GASKETS,"",METADOR 305,BIS,FULL GASKET,"",BANCO,"51312699PSBIS"
IPL,PISTON RING SET,TOYOTA,INNOVA,INNOVA,"","",IPL,"642-9171G-STD"
LEYPARTS,COOLING SYSTEM,ASHOK LEYLAND,"",CAC-OUTLET 2523 (HOSE),HOSES,"",LEYPARTS,F8P15158
KSPG,IG BUSH,MAHINDRA,CHAMPION,CHAMPION,"",STD,KSPG,G.282.5.00.703
KSPG,CONNECTING BEARING,MARUTI,WAGONR,"3CYL","","20",KSPG,B.135.0.10.023
BANCO,GASKETS,MAHINDRA,PEUGEOT XDP-4,BHR,HEAD GASKET,"",BANCO,"55803300PSBHR"
RBL,BRAKE LINING,ASHOK LEYLAND,ECOMET 1112,FRONT 16 HOLES,RAF7,Jan-32,RBL,RBL/ECOMET/1112/1-1/32
KAR VALVES,VALVE,JCB,EXCAVATOR,EXCAVATOR,"",STD,KAR VALVES,KV1817-818
TALBROS,GASKETS,MAHINDRA,PEUGEOT,HALF GASKET,DYNA SEAL,"",TALBROS,HS5050DSX
TALBROS,GASKETS,MARUTI,ZEN/EECO,FULL GASKET,DYNA SEAL,"",TALBROS,FS3179WOCS
TIGER POWER,CYLINDER LINER,ASHOK LEYLAND,"400",PRE FINISHED,HARDEN,"5TH",TIGER POWER,K2000201160
KSPG,MAIN BEARING,TATA,"1210","1210","","50",KSPG,M.207.3.02.053
BANCO,GASKETS,TATA,"4 DL",MLS(STEEL),HEAD GASKET,"",BANCO,"5220460016MLS"
BANCO,GASKETS,CHEVROLET,ENJOY PETROL (4 CYL),MLS(STEEL),HEAD GASKET,"",BANCO,"5340250000MLS"
LEYPARTS,CLUTCH,ASHOK LEYLAND,"","14 INCHES, 4LEVER",WITHDRAWL PLATE,"",LEYPARTS,B1301503
BANCO,GASKETS,MAHINDRA,JEEP PETROL,TFX,TIMING COVER,"",BANCO,"5580294000TFX"
TALBROS QHT,BALL SUSPENSION,ASHOK LEYLAND,ALL MODELS (30DIA),LEFT,"","",TALBROS QHT,BJ07002L
LEYPARTS,ENGINE,ASHOK LEYLAND,"",AL ENGINE (S1),MAIN BEARING,"",LEYPARTS,F0226510
GOETZE,RING SET,ASHOK LEYLAND,HINO,BSIV PLASMA,"","",GOETZE,"6133PLASMA-SD"
GOETZE,PISTON SET,TATA,"609/709",TORODIAL,"","",GOETZE,"04610PPCSD0000C1"
BANCO,GASKETS,MAHINDRA TRACTOR,ARJUN,MLS(STEEL),FULL GASKET,"",BANCO,"5658409900MLS"
KSPG,CAM BUSH,TATA,"407","","",STD (PF),KSPG,PC.236.7.10.703
BANCO,GASKETS,MAHINDRA,JEEP,HLT,GEAR BOX KIT,"",BANCO,"5580289600HLT"
BANCO,GASKETS,TATA,SUPER TURBO,MLS(STEEL),FULL GASKET,"",BANCO,"5220839900MLS"
BANCO,GASKETS,HYUNDAI,Santro Xing Erlx,BAF,HEAD GASKET,"",BANCO,"5224230000BAF"
KSPG,CONNECTING BEARING,ASHOK LEYLAND,LEYLAND,LEYLAND 370,"",STD,KSPG,B.205.4.09.003
LEYPARTS,CLUTCH,ASHOK LEYLAND,"","4 LEVER",SPRING KIT,"",LEYPARTS,P0957351
KSPG,CONNECTING BEARING,ASHOK LEYLAND,HINO,BSIV & BSVI CLP,"","10",KSPG,B.297.4.00.013
RBL,DISCPAD,TOYOTA,INNOVA,"","","",RBL,RBL/DP/050
KSPG,MAIN & CR BRG,MARUTI,WAGONR,"3CYL","","30",KSPG,P.135.0.10.033
BANCO,GASKETS,TATA,"709 NON TURBO",W/O CHG AST,FULL GASKET,"",BANCO,"5220479900AST"
RBL,BRAKE LINING,SWARAJ MAZDA,SML(OLD),SML (OLD),"242",STD,RBL,BT/R307/B STD (242)
TALBROS,GASKETS,HYUNDAI,I10,FULL GASKET,DYNA SEAL,"",TALBROS,FS3183WOCS
LEYPARTS,FUEL INJECTION,ASHOK LEYLAND,"",BSII,HIGH PRESSUR PIPE KIT,"",LEYPARTS,B8249515
BANCO,GASKETS,HYUNDAI,EON 1.0,MLS(STEEL),HEAD GASKET,"",BANCO,"5224250000MLS"
KSPG,CONNECTING BEARING,MAHINDRA,BOLERO,XD3P,"","20",KSPG,B.239.3.00.023
RBL,BRAKE LINING,TAAT,BS6,"8HOLES",HLVI,"1MM",RBL,TT/TP/BS6 -1MM(HLVi)
LEYPARTS,GEARBOX,ASHOK LEYLAND,"","5S/6S",SPACER,"",LEYPARTS,F1258814
KSPG,CONNECTING BEARING,SIMPSON,P3,P3,"","20",KSPG,B.210.5.00.023
TALBROS,GASKETS,MARUTI,SWIFT DIESEL,HEAD GASKET,MLS ( STEEL),"",TALBROS,MLS3133
KSPG,MAIN BEARING,ISUZU,ISUZU,NEW,"",STD,KSPG,M.117.0.10.003
RBL,BRAKE LINING,ASHOK LEYLAND,"5 INCHES",FRONT 10 HOLES,HF7S,"1/32",RBL,AL/TP/SM/1&2 1/32 HF7S
TIGER POWER,CYLINDER LINER,TATA,"1612(97MM)",SEMI FINISHED,THIN COLLAR,"20TH",TIGER POWER,K2007600461
KSPG,MAIN BEARING KIT,MARUTI,"800 (CAR)","800 (CAR)","","30",KSPG,P.110.3.30.033
IPL,VALVE,TATA,CUMMINS,BS II,"",STD,IPL,"712-VT10211"
KSPG,MAIN BEARING,SIMPSON,AD3152,AD3152,"","10",KSPG,M.218.3.00.013
BANCO,GASKETS,ASHOK LEYLAND,ECOMET 4DTI/ETI DISEL 4CYL,MLS(STEEL),FULL GASKET,"",BANCO,"5360269900MLS"
TIGER POWER,VALVE,TATA,"1312 BSII","","",STD,TIGER POWER,V2007600360
RBL,BRAKE SHOE,MAHINDRA,MAXIMMO,"","","",RBL,RBL/BS/035
